image,annotator,saved_at,scan_type,scan_location,quality,VRI,intraretinal,outer_retina,choroid,negative_findings,L2_abnormality,L3_management,caption,auto_caption,raw_json
BRVO_002.png,GT,2026-08-27T11:07:00.401571,B-scan,macula,good,,IRF; hemorrhage; retinal thickening,EZ disruption,,no SRF; no PED; no ERM,abnormal,treatment,"Image quality is sufficient for evaluation. In the inner retina, intraretinal fluid (IRF), retinal hemorrhage, and retinal thickening are observed. In the outer retina, ellipsoid zone (EZ) disruption is observed. No subretinal fluid (SRF), pigment epithelial detachment (PED), or epiretinal membrane (ERM) is identified. Treatment may be considered.","Image quality is sufficient for evaluation. In the inner retina, intraretinal fluid (IRF), retinal hemorrhage, and retinal thickening are observed. In the outer retina, ellipsoid zone (EZ) disruption is observed. No subretinal fluid (SRF), pigment epithelial detachment (PED), or epiretinal membrane (ERM) is identified. Treatment may be considered.","{""scan_type"": ""B-scan"", ""scan_loc"": ""macula"", ""quality"": ""good"", ""L1_loc_findings"": {""Fovea (<500um)"": {""VRI"": [], ""Intraretinal-1"": [""IRF"", ""hemorrhage"", ""retinal thickening""], ""Intraretinal-2"": [], ""Outer retina-1"": [], ""Outer retina-2"": [""EZ disruption""], ""Choroid"": []}}, ""L2"": ""abnormal"", ""L1_neg"": [""no SRF"", ""no PED"", ""no ERM""], ""L3_mgmt"": ""treatment"", ""caption"": ""Image quality is sufficient for evaluation. In the inner retina, intraretinal fluid (IRF), retinal hemorrhage, and retinal thickening are observed. In the outer retina, ellipsoid zone (EZ) disruption is observed. No subretinal fluid (SRF), pigment epithelial detachment (PED), or epiretinal membrane (ERM) is identified. Treatment may be considered."", ""_meta"": {""image"": ""BRVO_002.png"", ""annotator"": ""GT"", ""saved_at"": ""2026-08-27T11:07:00.401571""}}"
BRVO_009.png,GT,2026-08-27T11:07:29.473373,B-scan,macula,good,PVD,IRF; hemorrhage; retinal thickening; hyperreflective foci; hard exudates,SRF; subretinal hemorrhage; EZ disruption,,no PED; no ERM,abnormal,treatment,"Image quality is sufficient for evaluation. At the vitreoretinal interface, posterior vitreous detachment (PVD) is observed. In the inner retina, intraretinal fluid (IRF), retinal hemorrhage, retinal thickening, hyperreflective foci, and hard exudates are observed. In the outer retina, subretinal fluid (SRF), subretinal hemorrhage, and ellipsoid zone (EZ) disruption are observed. No pigment epithelial detachment (PED) or epiretinal membrane (ERM) is identified. Treatment may be considered.","Image quality is sufficient for evaluation. At the vitreoretinal interface, posterior vitreous detachment (PVD) is observed. In the inner retina, intraretinal fluid (IRF), retinal hemorrhage, retinal thickening, hyperreflective foci, and hard exudates are observed. In the outer retina, subretinal fluid (SRF), subretinal hemorrhage, and ellipsoid zone (EZ) disruption are observed. No pigment epithelial detachment (PED) or epiretinal membrane (ERM) is identified. Treatment may be considered.","{""scan_type"": ""B-scan"", ""scan_loc"": ""macula"", ""quality"": ""good"", ""L1_loc_findings"": {""Fovea (<500um)"": {""VRI"": [""PVD""], ""Intraretinal-1"": [""IRF"", ""hemorrhage"", ""retinal thickening""], ""Intraretinal-2"": [""hyperreflective foci"", ""hard exudates""], ""Outer retina-1"": [""SRF"", ""subretinal hemorrhage""], ""Outer retina-2"": [""EZ disruption""], ""Choroid"": []}}, ""L2"": ""abnormal"", ""L1_neg"": [""no PED"", ""no ERM""], ""L3_mgmt"": ""treatment"", ""caption"": ""Image quality is sufficient for evaluation. At the vitreoretinal interface, posterior vitreous detachment (PVD) is observed. In the inner retina, intraretinal fluid (IRF), retinal hemorrhage, retinal thickening, hyperreflective foci, and hard exudates are observed. In the outer retina, subretinal fluid (SRF), subretinal hemorrhage, and ellipsoid zone (EZ) disruption are observed. No pigment epithelial detachment (PED) or epiretinal membrane (ERM) is identified. Treatment may be considered."", ""_meta"": {""image"": ""BRVO_009.png"", ""annotator"": ""GT"", ""saved_at"": ""2026-08-27T11:07:29.473373""}}"
BRVO_014.png,GT,2026-08-27T11:11:31.773208,B-scan,macula,good,,IRF; hemorrhage; retinal thickening; hyperreflective foci,SRF; EZ disruption,,no PED; no ERM,abnormal,treatment,"Image quality is sufficient for evaluation. In the inner retina, intraretinal fluid (IRF), retinal hemorrhage, retinal thickening, and hyperreflective foci are observed. In the outer retina, subretinal fluid (SRF) and ellipsoid zone (EZ) disruption are observed. No pigment epithelial detachment (PED) or epiretinal membrane (ERM) is identified. Treatment may be considered.","Image quality is sufficient for evaluation. In the inner retina, intraretinal fluid (IRF), retinal hemorrhage, retinal thickening, and hyperreflective foci are observed. In the outer retina, subretinal fluid (SRF) and ellipsoid zone (EZ) disruption are observed. No pigment epithelial detachment (PED) or epiretinal membrane (ERM) is identified. Treatment may be considered.","{""scan_type"": ""B-scan"", ""scan_loc"": ""macula"", ""quality"": ""good"", ""L1_loc_findings"": {""Fovea (<500um)"": {""VRI"": [], ""Intraretinal-1"": [""IRF"", ""hemorrhage"", ""retinal thickening""], ""Intraretinal-2"": [""hyperreflective foci""], ""Outer retina-1"": [""SRF""], ""Outer retina-2"": [""EZ disruption""], ""Choroid"": []}}, ""L2"": ""abnormal"", ""L1_neg"": [""no PED"", ""no ERM""], ""L3_mgmt"": ""treatment"", ""caption"": ""Image quality is sufficient for evaluation. In the inner retina, intraretinal fluid (IRF), retinal hemorrhage, retinal thickening, and hyperreflective foci are observed. In the outer retina, subretinal fluid (SRF) and ellipsoid zone (EZ) disruption are observed. No pigment epithelial detachment (PED) or epiretinal membrane (ERM) is identified. Treatment may be considered."", ""_meta"": {""image"": ""BRVO_014.png"", ""annotator"": ""GT"", ""saved_at"": ""2026-08-27T11:11:31.773208""}}"
BRVO_023.png,GT,2026-08-27T11:12:22.836130,B-scan,macula,good,,IRF; hemorrhage; retinal thickening; hyperreflective foci,SRF; EZ disruption,choroidal thinning,no PED; no ERM,abnormal,treatment,"Image quality is sufficient for evaluation. In the inner retina, intraretinal fluid (IRF), retinal hemorrhage, retinal thickening, and hyperreflective foci are observed. In the outer retina, subretinal fluid (SRF) and ellipsoid zone (EZ) disruption are observed. In the choroid, choroidal thinning is observed. No pigment epithelial detachment (PED) or epiretinal membrane (ERM) is identified. Treatment may be considered.","Image quality is sufficient for evaluation. In the inner retina, intraretinal fluid (IRF), retinal hemorrhage, retinal thickening, and hyperreflective foci are observed. In the outer retina, subretinal fluid (SRF) and ellipsoid zone (EZ) disruption are observed. In the choroid, choroidal thinning is observed. No pigment epithelial detachment (PED) or epiretinal membrane (ERM) is identified. Treatment may be considered.","{""scan_type"": ""B-scan"", ""scan_loc"": ""macula"", ""quality"": ""good"", ""L1_loc_findings"": {""Fovea (<500um)"": {""VRI"": [], ""Intraretinal-1"": [""IRF"", ""hemorrhage"", ""retinal thickening""], ""Intraretinal-2"": [""hyperreflective foci""], ""Outer retina-1"": [""SRF""], ""Outer retina-2"": [""EZ disruption""], ""Choroid"": [""choroidal thinning""]}}, ""L2"": ""abnormal"", ""L1_neg"": [""no PED"", ""no ERM""], ""L3_mgmt"": ""treatment"", ""caption"": ""Image quality is sufficient for evaluation. In the inner retina, intraretinal fluid (IRF), retinal hemorrhage, retinal thickening, and hyperreflective foci are observed. In the outer retina, subretinal fluid (SRF) and ellipsoid zone (EZ) disruption are observed. In the choroid, choroidal thinning is observed. No pigment epithelial detachment (PED) or epiretinal membrane (ERM) is identified. Treatment may be considered."", ""_meta"": {""image"": ""BRVO_023.png"", ""annotator"": ""GT"", ""saved_at"": ""2026-08-27T11:12:22.836130""}}"
BRVO_031.png,GT,2026-08-27T11:13:07.201125,B-scan,macula,good,,IRF; hemorrhage; retinal thickening; hyperreflective foci,subretinal hemorrhage; EZ disruption,choroidal thinning,no SRF; no PED; no ERM,abnormal,treatment,"Image quality is sufficient for evaluation. In the inner retina, intraretinal fluid (IRF), retinal hemorrhage, retinal thickening, and hyperreflective foci are observed. In the outer retina, subretinal hemorrhage and ellipsoid zone (EZ) disruption are observed. In the choroid, choroidal thinning is observed. No subretinal fluid (SRF), pigment epithelial detachment (PED), or epiretinal membrane (ERM) is identified. Treatment may be considered.","Image quality is sufficient for evaluation. In the inner retina, intraretinal fluid (IRF), retinal hemorrhage, retinal thickening, and hyperreflective foci are observed. In the outer retina, subretinal hemorrhage and ellipsoid zone (EZ) disruption are observed. In the choroid, choroidal thinning is observed. No subretinal fluid (SRF), pigment epithelial detachment (PED), or epiretinal membrane (ERM) is identified. Treatment may be considered.","{""scan_type"": ""B-scan"", ""scan_loc"": ""macula"", ""quality"": ""good"", ""L1_loc_findings"": {""Fovea (<500um)"": {""VRI"": [], ""Intraretinal-1"": [""IRF"", ""hemorrhage"", ""retinal thickening""], ""Intraretinal-2"": [""hyperreflective foci""], ""Outer retina-1"": [""subretinal hemorrhage""], ""Outer retina-2"": [""EZ disruption""], ""Choroid"": [""choroidal thinning""]}}, ""L2"": ""abnormal"", ""L1_neg"": [""no SRF"", ""no PED"", ""no ERM""], ""L3_mgmt"": ""treatment"", ""caption"": ""Image quality is sufficient for evaluation. In the inner retina, intraretinal fluid (IRF), retinal hemorrhage, retinal thickening, and hyperreflective foci are observed. In the outer retina, subretinal hemorrhage and ellipsoid zone (EZ) disruption are observed. In the choroid, choroidal thinning is observed. No subretinal fluid (SRF), pigment epithelial detachment (PED), or epiretinal membrane (ERM) is identified. Treatment may be considered."", ""_meta"": {""image"": ""BRVO_031.png"", ""annotator"": ""GT"", ""saved_at"": ""2026-08-27T11:13:07.201125""}}"
BRVO_034.png,GT,2026-08-27T11:13:33.622690,B-scan,macula,good,,IRF; hemorrhage; retinal thickening,,choroidal thinning,no SRF; no PED; EZ intact; no ERM,abnormal,treatment,"Image quality is sufficient for evaluation. In the inner retina, intraretinal fluid (IRF), retinal hemorrhage, and retinal thickening are observed. In the choroid, choroidal thinning is observed. No subretinal fluid (SRF), pigment epithelial detachment (PED), ellipsoid zone (EZ) disruption, or epiretinal membrane (ERM) is identified. Treatment may be considered.","Image quality is sufficient for evaluation. In the inner retina, intraretinal fluid (IRF), retinal hemorrhage, and retinal thickening are observed. In the choroid, choroidal thinning is observed. No subretinal fluid (SRF), pigment epithelial detachment (PED), ellipsoid zone (EZ) disruption, or epiretinal membrane (ERM) is identified. Treatment may be considered.","{""scan_type"": ""B-scan"", ""scan_loc"": ""macula"", ""quality"": ""good"", ""L1_loc_findings"": {""Fovea (<500um)"": {""VRI"": [], ""Intraretinal-1"": [""IRF"", ""hemorrhage"", ""retinal thickening""], ""Intraretinal-2"": [], ""Outer retina-1"": [], ""Outer retina-2"": [], ""Choroid"": [""choroidal thinning""]}}, ""L2"": ""abnormal"", ""L1_neg"": [""no SRF"", ""no PED"", ""EZ intact"", ""no ERM""], ""L3_mgmt"": ""treatment"", ""caption"": ""Image quality is sufficient for evaluation. In the inner retina, intraretinal fluid (IRF), retinal hemorrhage, and retinal thickening are observed. In the choroid, choroidal thinning is observed. No subretinal fluid (SRF), pigment epithelial detachment (PED), ellipsoid zone (EZ) disruption, or epiretinal membrane (ERM) is identified. Treatment may be considered."", ""_meta"": {""image"": ""BRVO_034.png"", ""annotator"": ""GT"", ""saved_at"": ""2026-08-27T11:13:33.622690""}}"
BRVO_073.png,GT,2026-08-27T11:13:57.541687,B-scan,macula,good,,IRF; hemorrhage; retinal thickening; hyperreflective foci,SRF,,no PED; EZ intact; no ERM,abnormal,treatment,"Image quality is sufficient for evaluation. In the inner retina, intraretinal fluid (IRF), retinal hemorrhage, retinal thickening, and hyperreflective foci are observed. In the outer retina, subretinal fluid (SRF) is observed. No pigment epithelial detachment (PED), ellipsoid zone (EZ) disruption, or epiretinal membrane (ERM) is identified. Treatment may be considered.","Image quality is sufficient for evaluation. In the inner retina, intraretinal fluid (IRF), retinal hemorrhage, retinal thickening, and hyperreflective foci are observed. In the outer retina, subretinal fluid (SRF) is observed. No pigment epithelial detachment (PED), ellipsoid zone (EZ) disruption, or epiretinal membrane (ERM) is identified. Treatment may be considered.","{""scan_type"": ""B-scan"", ""scan_loc"": ""macula"", ""quality"": ""good"", ""L1_loc_findings"": {""Fovea (<500um)"": {""VRI"": [], ""Intraretinal-1"": [""IRF"", ""hemorrhage"", ""retinal thickening""], ""Intraretinal-2"": [""hyperreflective foci""], ""Outer retina-1"": [""SRF""], ""Outer retina-2"": [], ""Choroid"": []}}, ""L2"": ""abnormal"", ""L1_neg"": [""no PED"", ""EZ intact"", ""no ERM""], ""L3_mgmt"": ""treatment"", ""caption"": ""Image quality is sufficient for evaluation. In the inner retina, intraretinal fluid (IRF), retinal hemorrhage, retinal thickening, and hyperreflective foci are observed. In the outer retina, subretinal fluid (SRF) is observed. No pigment epithelial detachment (PED), ellipsoid zone (EZ) disruption, or epiretinal membrane (ERM) is identified. Treatment may be considered."", ""_meta"": {""image"": ""BRVO_073.png"", ""annotator"": ""GT"", ""saved_at"": ""2026-08-27T11:13:57.541687""}}"
BRVO_074.png,GT,2026-08-27T11:14:18.577479,B-scan,macula,good,,hemorrhage; retinal thickening,,choroidal thickening,no SRF; no IRF; no PED; EZ intact; no ERM,abnormal,observation,"Image quality is sufficient for evaluation. In the inner retina, retinal hemorrhage and retinal thickening are observed. In the choroid, choroidal thickening is observed. No subretinal fluid (SRF), intraretinal fluid (IRF), pigment epithelial detachment (PED), ellipsoid zone (EZ) disruption, or epiretinal membrane (ERM) is identified. Observation is appropriate.","Image quality is sufficient for evaluation. In the inner retina, retinal hemorrhage and retinal thickening are observed. In the choroid, choroidal thickening is observed. No subretinal fluid (SRF), intraretinal fluid (IRF), pigment epithelial detachment (PED), ellipsoid zone (EZ) disruption, or epiretinal membrane (ERM) is identified. Observation is appropriate.","{""scan_type"": ""B-scan"", ""scan_loc"": ""macula"", ""quality"": ""good"", ""L1_loc_findings"": {""Fovea (<500um)"": {""VRI"": [], ""Intraretinal-1"": [""hemorrhage"", ""retinal thickening""], ""Intraretinal-2"": [], ""Outer retina-1"": [], ""Outer retina-2"": [], ""Choroid"": [""choroidal thickening""]}}, ""L2"": ""abnormal"", ""L1_neg"": [""no SRF"", ""no IRF"", ""no PED"", ""EZ intact"", ""no ERM""], ""L3_mgmt"": ""observation"", ""caption"": ""Image quality is sufficient for evaluation. In the inner retina, retinal hemorrhage and retinal thickening are observed. In the choroid, choroidal thickening is observed. No subretinal fluid (SRF), intraretinal fluid (IRF), pigment epithelial detachment (PED), ellipsoid zone (EZ) disruption, or epiretinal membrane (ERM) is identified. Observation is appropriate."", ""_meta"": {""image"": ""BRVO_074.png"", ""annotator"": ""GT"", ""saved_at"": ""2026-08-27T11:14:18.577479""}}"
BRVO_077.png,GT,2026-08-27T11:14:43.328502,B-scan,macula,good,,IRF; hemorrhage; retinal thickening; hyperreflective foci,SRF,choroidal thinning,no PED; EZ intact; no ERM,abnormal,treatment,"Image quality is sufficient for evaluation. In the inner retina, intraretinal fluid (IRF), retinal hemorrhage, retinal thickening, and hyperreflective foci are observed. In the outer retina, subretinal fluid (SRF) is observed. In the choroid, choroidal thinning is observed. No pigment epithelial detachment (PED), ellipsoid zone (EZ) disruption, or epiretinal membrane (ERM) is identified. Treatment may be considered.","Image quality is sufficient for evaluation. In the inner retina, intraretinal fluid (IRF), retinal hemorrhage, retinal thickening, and hyperreflective foci are observed. In the outer retina, subretinal fluid (SRF) is observed. In the choroid, choroidal thinning is observed. No pigment epithelial detachment (PED), ellipsoid zone (EZ) disruption, or epiretinal membrane (ERM) is identified. Treatment may be considered.","{""scan_type"": ""B-scan"", ""scan_loc"": ""macula"", ""quality"": ""good"", ""L1_loc_findings"": {""Fovea (<500um)"": {""VRI"": [], ""Intraretinal-1"": [""IRF"", ""hemorrhage"", ""retinal thickening""], ""Intraretinal-2"": [""hyperreflective foci""], ""Outer retina-1"": [""SRF""], ""Outer retina-2"": [], ""Choroid"": [""choroidal thinning""]}}, ""L2"": ""abnormal"", ""L1_neg"": [""no PED"", ""EZ intact"", ""no ERM""], ""L3_mgmt"": ""treatment"", ""caption"": ""Image quality is sufficient for evaluation. In the inner retina, intraretinal fluid (IRF), retinal hemorrhage, retinal thickening, and hyperreflective foci are observed. In the outer retina, subretinal fluid (SRF) is observed. In the choroid, choroidal thinning is observed. No pigment epithelial detachment (PED), ellipsoid zone (EZ) disruption, or epiretinal membrane (ERM) is identified. Treatment may be considered."", ""_meta"": {""image"": ""BRVO_077.png"", ""annotator"": ""GT"", ""saved_at"": ""2026-08-27T11:14:43.328502""}}"
BRVO_086.png,GT,2026-08-27T11:15:06.208049,B-scan,macula,good,,IRF; hemorrhage; retinal thickening; hyperreflective foci,subretinal hemorrhage; EZ disruption,,no SRF; no PED; no ERM,abnormal,treatment,"Image quality is sufficient for evaluation. In the inner retina, intraretinal fluid (IRF), retinal hemorrhage, retinal thickening, and hyperreflective foci are observed. In the outer retina, subretinal hemorrhage and ellipsoid zone (EZ) disruption are observed. No subretinal fluid (SRF), pigment epithelial detachment (PED), or epiretinal membrane (ERM) is identified. Treatment may be considered.","Image quality is sufficient for evaluation. In the inner retina, intraretinal fluid (IRF), retinal hemorrhage, retinal thickening, and hyperreflective foci are observed. In the outer retina, subretinal hemorrhage and ellipsoid zone (EZ) disruption are observed. No subretinal fluid (SRF), pigment epithelial detachment (PED), or epiretinal membrane (ERM) is identified. Treatment may be considered.","{""scan_type"": ""B-scan"", ""scan_loc"": ""macula"", ""quality"": ""good"", ""L1_loc_findings"": {""Fovea (<500um)"": {""VRI"": [], ""Intraretinal-1"": [""IRF"", ""hemorrhage"", ""retinal thickening""], ""Intraretinal-2"": [""hyperreflective foci""], ""Outer retina-1"": [""subretinal hemorrhage""], ""Outer retina-2"": [""EZ disruption""], ""Choroid"": []}}, ""L2"": ""abnormal"", ""L1_neg"": [""no SRF"", ""no PED"", ""no ERM""], ""L3_mgmt"": ""treatment"", ""caption"": ""Image quality is sufficient for evaluation. In the inner retina, intraretinal fluid (IRF), retinal hemorrhage, retinal thickening, and hyperreflective foci are observed. In the outer retina, subretinal hemorrhage and ellipsoid zone (EZ) disruption are observed. No subretinal fluid (SRF), pigment epithelial detachment (PED), or epiretinal membrane (ERM) is identified. Treatment may be considered."", ""_meta"": {""image"": ""BRVO_086.png"", ""annotator"": ""GT"", ""saved_at"": ""2026-08-27T11:15:06.208049""}}"
BRVO_102.png,GT,2026-08-27T11:15:44.483130,B-scan,macula,good,ERM,IRF; hemorrhage; retinal thickening; hyperreflective foci,subretinal hemorrhage; EZ disruption,,no SRF; no PED,abnormal,treatment,"Image quality is sufficient for evaluation. At the vitreoretinal interface, epiretinal membrane (ERM) is observed. In the inner retina, intraretinal fluid (IRF), retinal hemorrhage, retinal thickening, and hyperreflective foci are observed. In the outer retina, subretinal hemorrhage and ellipsoid zone (EZ) disruption are observed. No subretinal fluid (SRF) or pigment epithelial detachment (PED) is identified. Treatment may be considered.","Image quality is sufficient for evaluation. At the vitreoretinal interface, epiretinal membrane (ERM) is observed. In the inner retina, intraretinal fluid (IRF), retinal hemorrhage, retinal thickening, and hyperreflective foci are observed. In the outer retina, subretinal hemorrhage and ellipsoid zone (EZ) disruption are observed. No subretinal fluid (SRF) or pigment epithelial detachment (PED) is identified. Treatment may be considered.","{""scan_type"": ""B-scan"", ""scan_loc"": ""macula"", ""quality"": ""good"", ""L1_loc_findings"": {""Fovea (<500um)"": {""VRI"": [""ERM""], ""Intraretinal-1"": [""IRF"", ""hemorrhage"", ""retinal thickening""], ""Intraretinal-2"": [""hyperreflective foci""], ""Outer retina-1"": [""subretinal hemorrhage""], ""Outer retina-2"": [""EZ disruption""], ""Choroid"": []}}, ""L2"": ""abnormal"", ""L1_neg"": [""no SRF"", ""no PED""], ""L3_mgmt"": ""treatment"", ""caption"": ""Image quality is sufficient for evaluation. At the vitreoretinal interface, epiretinal membrane (ERM) is observed. In the inner retina, intraretinal fluid (IRF), retinal hemorrhage, retinal thickening, and hyperreflective foci are observed. In the outer retina, subretinal hemorrhage and ellipsoid zone (EZ) disruption are observed. No subretinal fluid (SRF) or pigment epithelial detachment (PED) is identified. Treatment may be considered."", ""_meta"": {""image"": ""BRVO_102.png"", ""annotator"": ""GT"", ""saved_at"": ""2026-08-27T11:15:44.483130""}}"
BRVO_117.png,GT,2026-08-27T11:16:08.230312,B-scan,macula,good,,IRF; hemorrhage; retinal thickening,SRF; subretinal hemorrhage,,no PED; EZ intact; no ERM,abnormal,treatment,"Image quality is sufficient for evaluation. In the inner retina, intraretinal fluid (IRF), retinal hemorrhage, and retinal thickening are observed. In the outer retina, subretinal fluid (SRF) and subretinal hemorrhage are observed. No pigment epithelial detachment (PED), ellipsoid zone (EZ) disruption, or epiretinal membrane (ERM) is identified. Treatment may be considered.","Image quality is sufficient for evaluation. In the inner retina, intraretinal fluid (IRF), retinal hemorrhage, and retinal thickening are observed. In the outer retina, subretinal fluid (SRF) and subretinal hemorrhage are observed. No pigment epithelial detachment (PED), ellipsoid zone (EZ) disruption, or epiretinal membrane (ERM) is identified. Treatment may be considered.","{""scan_type"": ""B-scan"", ""scan_loc"": ""macula"", ""quality"": ""good"", ""L1_loc_findings"": {""Fovea (<500um)"": {""VRI"": [], ""Intraretinal-1"": [""IRF"", ""hemorrhage"", ""retinal thickening""], ""Intraretinal-2"": [], ""Outer retina-1"": [""SRF"", ""subretinal hemorrhage""], ""Outer retina-2"": [], ""Choroid"": []}}, ""L2"": ""abnormal"", ""L1_neg"": [""no PED"", ""EZ intact"", ""no ERM""], ""L3_mgmt"": ""treatment"", ""caption"": ""Image quality is sufficient for evaluation. In the inner retina, intraretinal fluid (IRF), retinal hemorrhage, and retinal thickening are observed. In the outer retina, subretinal fluid (SRF) and subretinal hemorrhage are observed. No pigment epithelial detachment (PED), ellipsoid zone (EZ) disruption, or epiretinal membrane (ERM) is identified. Treatment may be considered."", ""_meta"": {""image"": ""BRVO_117.png"", ""annotator"": ""GT"", ""saved_at"": ""2026-08-27T11:16:08.230312""}}"
BRVO_118.png,GT,2026-08-27T11:16:36.380207,B-scan,macula,good,,IRF; hemorrhage,subretinal hemorrhage; EZ disruption,choroidal thinning,no SRF; no PED; no ERM,abnormal,treatment,"Image quality is sufficient for evaluation. In the inner retina, intraretinal fluid (IRF) and retinal hemorrhage are observed. In the outer retina, subretinal hemorrhage and ellipsoid zone (EZ) disruption are observed. In the choroid, choroidal thinning is observed. No subretinal fluid (SRF), pigment epithelial detachment (PED), or epiretinal membrane (ERM) is identified. Treatment may be considered.","Image quality is sufficient for evaluation. In the inner retina, intraretinal fluid (IRF) and retinal hemorrhage are observed. In the outer retina, subretinal hemorrhage and ellipsoid zone (EZ) disruption are observed. In the choroid, choroidal thinning is observed. No subretinal fluid (SRF), pigment epithelial detachment (PED), or epiretinal membrane (ERM) is identified. Treatment may be considered.","{""scan_type"": ""B-scan"", ""scan_loc"": ""macula"", ""quality"": ""good"", ""L1_loc_findings"": {""Fovea (<500um)"": {""VRI"": [], ""Intraretinal-1"": [""IRF"", ""hemorrhage""], ""Intraretinal-2"": [], ""Outer retina-1"": [""subretinal hemorrhage""], ""Outer retina-2"": [""EZ disruption""], ""Choroid"": [""choroidal thinning""]}}, ""L2"": ""abnormal"", ""L1_neg"": [""no SRF"", ""no PED"", ""no ERM""], ""L3_mgmt"": ""treatment"", ""caption"": ""Image quality is sufficient for evaluation. In the inner retina, intraretinal fluid (IRF) and retinal hemorrhage are observed. In the outer retina, subretinal hemorrhage and ellipsoid zone (EZ) disruption are observed. In the choroid, choroidal thinning is observed. No subretinal fluid (SRF), pigment epithelial detachment (PED), or epiretinal membrane (ERM) is identified. Treatment may be considered."", ""_meta"": {""image"": ""BRVO_118.png"", ""annotator"": ""GT"", ""saved_at"": ""2026-08-27T11:16:36.380207""}}"
BRVO_124.png,GT,2026-08-27T11:17:17.870633,B-scan,macula,good,ERM,hemorrhage; retinal thickening; hyperreflective foci,SRF; EZ disruption,choroidal thinning,no IRF; no PED,abnormal,treatment,"Image quality is sufficient for evaluation. At the vitreoretinal interface, epiretinal membrane (ERM) is observed. In the inner retina, retinal hemorrhage, retinal thickening, and hyperreflective foci are observed. In the outer retina, subretinal fluid (SRF) and ellipsoid zone (EZ) disruption are observed. In the choroid, choroidal thinning is observed. No intraretinal fluid (IRF) or pigment epithelial detachment (PED) is identified. Treatment may be considered.","Image quality is sufficient for evaluation. At the vitreoretinal interface, epiretinal membrane (ERM) is observed. In the inner retina, retinal hemorrhage, retinal thickening, and hyperreflective foci are observed. In the outer retina, subretinal fluid (SRF) and ellipsoid zone (EZ) disruption are observed. In the choroid, choroidal thinning is observed. No intraretinal fluid (IRF) or pigment epithelial detachment (PED) is identified. Treatment may be considered.","{""scan_type"": ""B-scan"", ""scan_loc"": ""macula"", ""quality"": ""good"", ""L1_loc_findings"": {""Fovea (<500um)"": {""VRI"": [""ERM""], ""Intraretinal-1"": [""hemorrhage"", ""retinal thickening""], ""Intraretinal-2"": [""hyperreflective foci""], ""Outer retina-1"": [""SRF""], ""Outer retina-2"": [""EZ disruption""], ""Choroid"": [""choroidal thinning""]}}, ""L2"": ""abnormal"", ""L1_neg"": [""no IRF"", ""no PED""], ""L3_mgmt"": ""treatment"", ""caption"": ""Image quality is sufficient for evaluation. At the vitreoretinal interface, epiretinal membrane (ERM) is observed. In the inner retina, retinal hemorrhage, retinal thickening, and hyperreflective foci are observed. In the outer retina, subretinal fluid (SRF) and ellipsoid zone (EZ) disruption are observed. In the choroid, choroidal thinning is observed. No intraretinal fluid (IRF) or pigment epithelial detachment (PED) is identified. Treatment may be considered."", ""_meta"": {""image"": ""BRVO_124.png"", ""annotator"": ""GT"", ""saved_at"": ""2026-08-27T11:17:17.870633""}}"
BRVO_126.png,GT,2026-08-27T21:23:14.997393,B-scan,macula,good,PVD,IRF; hemorrhage; retinal thickening; hyperreflective foci,subretinal hemorrhage,choroidal thinning,no SRF; no PED; EZ intact; no ERM,abnormal,treatment,"Image quality is sufficient for evaluation. At the vitreoretinal interface, posterior vitreous detachment (PVD) is observed. In the inner retina, intraretinal fluid (IRF), retinal hemorrhage, retinal thickening, and hyperreflective foci are observed. In the outer retina, subretinal hemorrhage is observed. In the choroid, choroidal thinning is observed. No subretinal fluid (SRF), pigment epithelial detachment (PED), ellipsoid zone (EZ) disruption, or epiretinal membrane (ERM) is identified. Treatment may be considered.","Image quality is sufficient for evaluation. At the vitreoretinal interface, posterior vitreous detachment (PVD) is observed. In the inner retina, intraretinal fluid (IRF), retinal hemorrhage, retinal thickening, and hyperreflective foci are observed. In the outer retina, subretinal hemorrhage is observed. In the choroid, choroidal thinning is observed. No subretinal fluid (SRF), pigment epithelial detachment (PED), ellipsoid zone (EZ) disruption, or epiretinal membrane (ERM) is identified. Treatment may be considered.","{""scan_type"": ""B-scan"", ""scan_loc"": ""macula"", ""quality"": ""good"", ""L1_loc_findings"": {""Fovea (<500um)"": {""VRI"": [""PVD""], ""Intraretinal-1"": [""IRF"", ""hemorrhage"", ""retinal thickening""], ""Intraretinal-2"": [""hyperreflective foci""], ""Outer retina-1"": [""subretinal hemorrhage""], ""Outer retina-2"": [], ""Choroid"": [""choroidal thinning""]}}, ""L2"": ""abnormal"", ""L1_neg"": [""no SRF"", ""no PED"", ""EZ intact"", ""no ERM""], ""L3_mgmt"": ""treatment"", ""caption"": ""Image quality is sufficient for evaluation. At the vitreoretinal interface, posterior vitreous detachment (PVD) is observed. In the inner retina, intraretinal fluid (IRF), retinal hemorrhage, retinal thickening, and hyperreflective foci are observed. In the outer retina, subretinal hemorrhage is observed. In the choroid, choroidal thinning is observed. No subretinal fluid (SRF), pigment epithelial detachment (PED), ellipsoid zone (EZ) disruption, or epiretinal membrane (ERM) is identified. Treatment may be considered."", ""_meta"": {""image"": ""BRVO_126.png"", ""annotator"": ""GT"", ""saved_at"": ""2026-08-27T21:23:14.997393""}}"
BRVO_127.png,GT,2026-08-27T21:23:39.475286,B-scan,macula,fair,ERM,retinal thickening; hyperreflective foci,,choroidal thinning,no SRF; no IRF; no PED; EZ intact,abnormal,observation,"Image quality is limited but adequate for evaluation. At the vitreoretinal interface, epiretinal membrane (ERM) is observed. In the inner retina, retinal thickening and hyperreflective foci are observed. In the choroid, choroidal thinning is observed. No subretinal fluid (SRF), intraretinal fluid (IRF), pigment epithelial detachment (PED), or ellipsoid zone (EZ) disruption is identified. Observation is appropriate.","Image quality is limited but adequate for evaluation. At the vitreoretinal interface, epiretinal membrane (ERM) is observed. In the inner retina, retinal thickening and hyperreflective foci are observed. In the choroid, choroidal thinning is observed. No subretinal fluid (SRF), intraretinal fluid (IRF), pigment epithelial detachment (PED), or ellipsoid zone (EZ) disruption is identified. Observation is appropriate.","{""scan_type"": ""B-scan"", ""scan_loc"": ""macula"", ""quality"": ""fair"", ""L1_loc_findings"": {""Fovea (<500um)"": {""VRI"": [""ERM""], ""Intraretinal-1"": [""retinal thickening""], ""Intraretinal-2"": [""hyperreflective foci""], ""Outer retina-1"": [], ""Outer retina-2"": [], ""Choroid"": [""choroidal thinning""]}}, ""L2"": ""abnormal"", ""L1_neg"": [""no SRF"", ""no IRF"", ""no PED"", ""EZ intact""], ""L3_mgmt"": ""observation"", ""caption"": ""Image quality is limited but adequate for evaluation. At the vitreoretinal interface, epiretinal membrane (ERM) is observed. In the inner retina, retinal thickening and hyperreflective foci are observed. In the choroid, choroidal thinning is observed. No subretinal fluid (SRF), intraretinal fluid (IRF), pigment epithelial detachment (PED), or ellipsoid zone (EZ) disruption is identified. Observation is appropriate."", ""_meta"": {""image"": ""BRVO_127.png"", ""annotator"": ""GT"", ""saved_at"": ""2026-08-27T21:23:39.475286""}}"
BRVO_135.png,GT,2026-08-27T21:24:16.238929,B-scan,macula,good,PVD,IRF; hemorrhage; retinal thickening; hyperreflective foci,subretinal hemorrhage; EZ disruption,choroidal thinning,no SRF; no PED; no ERM,abnormal,treatment,"Image quality is sufficient for evaluation. At the vitreoretinal interface, posterior vitreous detachment (PVD) is observed. In the inner retina, intraretinal fluid (IRF), retinal hemorrhage, retinal thickening, and hyperreflective foci are observed. In the outer retina, subretinal hemorrhage and ellipsoid zone (EZ) disruption are observed. In the choroid, choroidal thinning is observed. No subretinal fluid (SRF), pigment epithelial detachment (PED), or epiretinal membrane (ERM) is identified. Treatment may be considered.","Image quality is sufficient for evaluation. At the vitreoretinal interface, posterior vitreous detachment (PVD) is observed. In the inner retina, intraretinal fluid (IRF), retinal hemorrhage, retinal thickening, and hyperreflective foci are observed. In the outer retina, subretinal hemorrhage and ellipsoid zone (EZ) disruption are observed. In the choroid, choroidal thinning is observed. No subretinal fluid (SRF), pigment epithelial detachment (PED), or epiretinal membrane (ERM) is identified. Treatment may be considered.","{""scan_type"": ""B-scan"", ""scan_loc"": ""macula"", ""quality"": ""good"", ""L1_loc_findings"": {""Fovea (<500um)"": {""VRI"": [""PVD""], ""Intraretinal-1"": [""IRF"", ""hemorrhage"", ""retinal thickening""], ""Intraretinal-2"": [""hyperreflective foci""], ""Outer retina-1"": [""subretinal hemorrhage""], ""Outer retina-2"": [""EZ disruption""], ""Choroid"": [""choroidal thinning""]}}, ""L2"": ""abnormal"", ""L1_neg"": [""no SRF"", ""no PED"", ""no ERM""], ""L3_mgmt"": ""treatment"", ""caption"": ""Image quality is sufficient for evaluation. At the vitreoretinal interface, posterior vitreous detachment (PVD) is observed. In the inner retina, intraretinal fluid (IRF), retinal hemorrhage, retinal thickening, and hyperreflective foci are observed. In the outer retina, subretinal hemorrhage and ellipsoid zone (EZ) disruption are observed. In the choroid, choroidal thinning is observed. No subretinal fluid (SRF), pigment epithelial detachment (PED), or epiretinal membrane (ERM) is identified. Treatment may be considered."", ""_meta"": {""image"": ""BRVO_135.png"", ""annotator"": ""GT"", ""saved_at"": ""2026-08-27T21:24:16.238929""}}"
BRVO_139.png,GT,2026-08-27T21:24:53.962677,B-scan,macula,good,,hemorrhage; hyperreflective foci,,,no SRF; no IRF; no PED; EZ intact; no ERM,abnormal,observation,"Image quality is sufficient for evaluation. In the inner retina, retinal hemorrhage and hyperreflective foci are observed. No subretinal fluid (SRF), intraretinal fluid (IRF), pigment epithelial detachment (PED), ellipsoid zone (EZ) disruption, or epiretinal membrane (ERM) is identified. Observation is appropriate.","Image quality is sufficient for evaluation. In the inner retina, retinal hemorrhage and hyperreflective foci are observed. No subretinal fluid (SRF), intraretinal fluid (IRF), pigment epithelial detachment (PED), ellipsoid zone (EZ) disruption, or epiretinal membrane (ERM) is identified. Observation is appropriate.","{""scan_type"": ""B-scan"", ""scan_loc"": ""macula"", ""quality"": ""good"", ""L1_loc_findings"": {""Fovea (<500um)"": {""VRI"": [], ""Intraretinal-1"": [""hemorrhage""], ""Intraretinal-2"": [""hyperreflective foci""], ""Outer retina-1"": [], ""Outer retina-2"": [], ""Choroid"": []}}, ""L2"": ""abnormal"", ""L1_neg"": [""no SRF"", ""no IRF"", ""no PED"", ""EZ intact"", ""no ERM""], ""L3_mgmt"": ""observation"", ""caption"": ""Image quality is sufficient for evaluation. In the inner retina, retinal hemorrhage and hyperreflective foci are observed. No subretinal fluid (SRF), intraretinal fluid (IRF), pigment epithelial detachment (PED), ellipsoid zone (EZ) disruption, or epiretinal membrane (ERM) is identified. Observation is appropriate."", ""_meta"": {""image"": ""BRVO_139.png"", ""annotator"": ""GT"", ""saved_at"": ""2026-08-27T21:24:53.962677""}}"
CAT_006.png,GT,2026-08-27T21:25:26.983762,B-scan,macula,good,,IRF; hemorrhage; retinal thickening; hyperreflective foci,EZ disruption,,no SRF; no PED; no ERM,abnormal,treatment,"Image quality is sufficient for evaluation. In the inner retina, intraretinal fluid (IRF), retinal hemorrhage, retinal thickening, and hyperreflective foci are observed. In the outer retina, ellipsoid zone (EZ) disruption is observed. No subretinal fluid (SRF), pigment epithelial detachment (PED), or epiretinal membrane (ERM) is identified. Treatment may be considered.","Image quality is sufficient for evaluation. In the inner retina, intraretinal fluid (IRF), retinal hemorrhage, retinal thickening, and hyperreflective foci are observed. In the outer retina, ellipsoid zone (EZ) disruption is observed. No subretinal fluid (SRF), pigment epithelial detachment (PED), or epiretinal membrane (ERM) is identified. Treatment may be considered.","{""scan_type"": ""B-scan"", ""scan_loc"": ""macula"", ""quality"": ""good"", ""L1_loc_findings"": {""Fovea (<500um)"": {""VRI"": [], ""Intraretinal-1"": [""IRF"", ""hemorrhage"", ""retinal thickening""], ""Intraretinal-2"": [""hyperreflective foci""], ""Outer retina-1"": [], ""Outer retina-2"": [""EZ disruption""], ""Choroid"": []}}, ""L2"": ""abnormal"", ""L1_neg"": [""no SRF"", ""no PED"", ""no ERM""], ""L3_mgmt"": ""treatment"", ""caption"": ""Image quality is sufficient for evaluation. In the inner retina, intraretinal fluid (IRF), retinal hemorrhage, retinal thickening, and hyperreflective foci are observed. In the outer retina, ellipsoid zone (EZ) disruption is observed. No subretinal fluid (SRF), pigment epithelial detachment (PED), or epiretinal membrane (ERM) is identified. Treatment may be considered."", ""_meta"": {""image"": ""CAT_006.png"", ""annotator"": ""GT"", ""saved_at"": ""2026-08-27T21:25:26.983762""}}"
CAT_010.png,GT,2026-08-27T21:26:17.462035,B-scan,macula,fair,,hyperreflective foci,,,no SRF; no IRF; no PED; EZ intact; no ERM,abnormal,observation,"Image quality is limited but adequate for evaluation. In the inner retina, hyperreflective foci is observed. No subretinal fluid (SRF), intraretinal fluid (IRF), pigment epithelial detachment (PED), ellipsoid zone (EZ) disruption, or epiretinal membrane (ERM) is identified. Observation is appropriate.","Image quality is limited but adequate for evaluation. In the inner retina, hyperreflective foci is observed. No subretinal fluid (SRF), intraretinal fluid (IRF), pigment epithelial detachment (PED), ellipsoid zone (EZ) disruption, or epiretinal membrane (ERM) is identified. Observation is appropriate.","{""scan_type"": ""B-scan"", ""scan_loc"": ""macula"", ""quality"": ""fair"", ""L1_loc_findings"": {""Fovea (<500um)"": {""VRI"": [], ""Intraretinal-1"": [], ""Intraretinal-2"": [""hyperreflective foci""], ""Outer retina-1"": [], ""Outer retina-2"": [], ""Choroid"": []}}, ""L2"": ""abnormal"", ""L1_neg"": [""no SRF"", ""no IRF"", ""no PED"", ""EZ intact"", ""no ERM""], ""L3_mgmt"": ""observation"", ""caption"": ""Image quality is limited but adequate for evaluation. In the inner retina, hyperreflective foci is observed. No subretinal fluid (SRF), intraretinal fluid (IRF), pigment epithelial detachment (PED), ellipsoid zone (EZ) disruption, or epiretinal membrane (ERM) is identified. Observation is appropriate."", ""_meta"": {""image"": ""CAT_010.png"", ""annotator"": ""GT"", ""saved_at"": ""2026-08-27T21:26:17.462035""}}"
CAT_027.png,GT,2026-08-27T21:26:36.550483,B-scan,macula,good,ERM,hyperreflective foci,,,no SRF; no IRF; no PED; EZ intact,abnormal,observation,"Image quality is sufficient for evaluation. At the vitreoretinal interface, epiretinal membrane (ERM) is observed. In the inner retina, hyperreflective foci is observed. No subretinal fluid (SRF), intraretinal fluid (IRF), pigment epithelial detachment (PED), or ellipsoid zone (EZ) disruption is identified. Observation is appropriate.","Image quality is sufficient for evaluation. At the vitreoretinal interface, epiretinal membrane (ERM) is observed. In the inner retina, hyperreflective foci is observed. No subretinal fluid (SRF), intraretinal fluid (IRF), pigment epithelial detachment (PED), or ellipsoid zone (EZ) disruption is identified. Observation is appropriate.","{""scan_type"": ""B-scan"", ""scan_loc"": ""macula"", ""quality"": ""good"", ""L1_loc_findings"": {""Fovea (<500um)"": {""VRI"": [""ERM""], ""Intraretinal-1"": [], ""Intraretinal-2"": [""hyperreflective foci""], ""Outer retina-1"": [], ""Outer retina-2"": [], ""Choroid"": []}}, ""L2"": ""abnormal"", ""L1_neg"": [""no SRF"", ""no IRF"", ""no PED"", ""EZ intact""], ""L3_mgmt"": ""observation"", ""caption"": ""Image quality is sufficient for evaluation. At the vitreoretinal interface, epiretinal membrane (ERM) is observed. In the inner retina, hyperreflective foci is observed. No subretinal fluid (SRF), intraretinal fluid (IRF), pigment epithelial detachment (PED), or ellipsoid zone (EZ) disruption is identified. Observation is appropriate."", ""_meta"": {""image"": ""CAT_027.png"", ""annotator"": ""GT"", ""saved_at"": ""2026-08-27T21:26:36.550483""}}"
CAT_036.png,GT,2026-08-27T21:26:54.559140,B-scan,macula,good,ERM,hyperreflective foci,,choroidal thinning,no SRF; no IRF; no PED; EZ intact,abnormal,observation,"Image quality is sufficient for evaluation. At the vitreoretinal interface, epiretinal membrane (ERM) is observed. In the inner retina, hyperreflective foci is observed. In the choroid, choroidal thinning is observed. No subretinal fluid (SRF), intraretinal fluid (IRF), pigment epithelial detachment (PED), or ellipsoid zone (EZ) disruption is identified. Observation is appropriate.","Image quality is sufficient for evaluation. At the vitreoretinal interface, epiretinal membrane (ERM) is observed. In the inner retina, hyperreflective foci is observed. In the choroid, choroidal thinning is observed. No subretinal fluid (SRF), intraretinal fluid (IRF), pigment epithelial detachment (PED), or ellipsoid zone (EZ) disruption is identified. Observation is appropriate.","{""scan_type"": ""B-scan"", ""scan_loc"": ""macula"", ""quality"": ""good"", ""L1_loc_findings"": {""Fovea (<500um)"": {""VRI"": [""ERM""], ""Intraretinal-1"": [], ""Intraretinal-2"": [""hyperreflective foci""], ""Outer retina-1"": [], ""Outer retina-2"": [], ""Choroid"": [""choroidal thinning""]}}, ""L2"": ""abnormal"", ""L1_neg"": [""no SRF"", ""no IRF"", ""no PED"", ""EZ intact""], ""L3_mgmt"": ""observation"", ""caption"": ""Image quality is sufficient for evaluation. At the vitreoretinal interface, epiretinal membrane (ERM) is observed. In the inner retina, hyperreflective foci is observed. In the choroid, choroidal thinning is observed. No subretinal fluid (SRF), intraretinal fluid (IRF), pigment epithelial detachment (PED), or ellipsoid zone (EZ) disruption is identified. Observation is appropriate."", ""_meta"": {""image"": ""CAT_036.png"", ""annotator"": ""GT"", ""saved_at"": ""2026-08-27T21:26:54.559140""}}"
CAT_038.png,GT,2026-08-27T21:27:16.513129,B-scan,macula,good,ERM,,,choroidal thinning,no SRF; no IRF; no PED; EZ intact,abnormal,observation,"Image quality is sufficient for evaluation. At the vitreoretinal interface, epiretinal membrane (ERM) is observed. In the choroid, choroidal thinning is observed. No subretinal fluid (SRF), intraretinal fluid (IRF), pigment epithelial detachment (PED), or ellipsoid zone (EZ) disruption is identified. Observation is appropriate.","Image quality is sufficient for evaluation. At the vitreoretinal interface, epiretinal membrane (ERM) is observed. In the choroid, choroidal thinning is observed. No subretinal fluid (SRF), intraretinal fluid (IRF), pigment epithelial detachment (PED), or ellipsoid zone (EZ) disruption is identified. Observation is appropriate.","{""scan_type"": ""B-scan"", ""scan_loc"": ""macula"", ""quality"": ""good"", ""L1_loc_findings"": {""Fovea (<500um)"": {""VRI"": [""ERM""], ""Intraretinal-1"": [], ""Intraretinal-2"": [], ""Outer retina-1"": [], ""Outer retina-2"": [], ""Choroid"": [""choroidal thinning""]}}, ""L2"": ""abnormal"", ""L1_neg"": [""no SRF"", ""no IRF"", ""no PED"", ""EZ intact""], ""L3_mgmt"": ""observation"", ""caption"": ""Image quality is sufficient for evaluation. At the vitreoretinal interface, epiretinal membrane (ERM) is observed. In the choroid, choroidal thinning is observed. No subretinal fluid (SRF), intraretinal fluid (IRF), pigment epithelial detachment (PED), or ellipsoid zone (EZ) disruption is identified. Observation is appropriate."", ""_meta"": {""image"": ""CAT_038.png"", ""annotator"": ""GT"", ""saved_at"": ""2026-08-27T21:27:16.513129""}}"
CAT_046.png,GT,2026-08-27T21:28:10.002188,B-scan,macula,good,,,drusen,,no SRF; no IRF; no PED; EZ intact; no ERM,abnormal,observation,"Image quality is sufficient for evaluation. In the outer retina, drusen is observed. No subretinal fluid (SRF), intraretinal fluid (IRF), pigment epithelial detachment (PED), ellipsoid zone (EZ) disruption, or epiretinal membrane (ERM) is identified. Observation is appropriate.","Image quality is sufficient for evaluation. In the outer retina, drusen is observed. No subretinal fluid (SRF), intraretinal fluid (IRF), pigment epithelial detachment (PED), ellipsoid zone (EZ) disruption, or epiretinal membrane (ERM) is identified. Observation is appropriate.","{""scan_type"": ""B-scan"", ""scan_loc"": ""macula"", ""quality"": ""good"", ""L1_loc_findings"": {""Fovea (<500um)"": {""VRI"": [], ""Intraretinal-1"": [], ""Intraretinal-2"": [], ""Outer retina-1"": [], ""Outer retina-2"": [""drusen""], ""Choroid"": []}}, ""L2"": ""abnormal"", ""L1_neg"": [""no SRF"", ""no IRF"", ""no PED"", ""EZ intact"", ""no ERM""], ""L3_mgmt"": ""observation"", ""caption"": ""Image quality is sufficient for evaluation. In the outer retina, drusen is observed. No subretinal fluid (SRF), intraretinal fluid (IRF), pigment epithelial detachment (PED), ellipsoid zone (EZ) disruption, or epiretinal membrane (ERM) is identified. Observation is appropriate."", ""_meta"": {""image"": ""CAT_046.png"", ""annotator"": ""GT"", ""saved_at"": ""2026-08-27T21:28:10.002188""}}"
CAT_051.png,GT,2026-08-27T21:28:24.311671,B-scan,macula,fair,,,,,no SRF; no IRF; no PED; EZ intact; no ERM,normal,no abnormality,"Image quality is limited but adequate for evaluation. No definite OCT abnormality is identified. No subretinal fluid (SRF), intraretinal fluid (IRF), pigment epithelial detachment (PED), ellipsoid zone (EZ) disruption, or epiretinal membrane (ERM) is identified.","Image quality is limited but adequate for evaluation. No definite OCT abnormality is identified. No subretinal fluid (SRF), intraretinal fluid (IRF), pigment epithelial detachment (PED), ellipsoid zone (EZ) disruption, or epiretinal membrane (ERM) is identified.","{""scan_type"": ""B-scan"", ""scan_loc"": ""macula"", ""quality"": ""fair"", ""L1_loc_findings"": {""Fovea (<500um)"": {""VRI"": [], ""Intraretinal-1"": [], ""Intraretinal-2"": [], ""Outer retina-1"": [], ""Outer retina-2"": [], ""Choroid"": []}}, ""L2"": ""normal"", ""L1_neg"": [""no SRF"", ""no IRF"", ""no PED"", ""EZ intact"", ""no ERM""], ""L3_mgmt"": ""no abnormality"", ""caption"": ""Image quality is limited but adequate for evaluation. No definite OCT abnormality is identified. No subretinal fluid (SRF), intraretinal fluid (IRF), pigment epithelial detachment (PED), ellipsoid zone (EZ) disruption, or epiretinal membrane (ERM) is identified."", ""_meta"": {""image"": ""CAT_051.png"", ""annotator"": ""GT"", ""saved_at"": ""2026-08-27T21:28:24.311671""}}"
CAT_061.png,GT,2026-08-27T21:28:37.803842,B-scan,macula,good,ERM,,,choroidal thinning,no SRF; no IRF; no PED; EZ intact,abnormal,observation,"Image quality is sufficient for evaluation. At the vitreoretinal interface, epiretinal membrane (ERM) is observed. In the choroid, choroidal thinning is observed. No subretinal fluid (SRF), intraretinal fluid (IRF), pigment epithelial detachment (PED), or ellipsoid zone (EZ) disruption is identified. Observation is appropriate.","Image quality is sufficient for evaluation. At the vitreoretinal interface, epiretinal membrane (ERM) is observed. In the choroid, choroidal thinning is observed. No subretinal fluid (SRF), intraretinal fluid (IRF), pigment epithelial detachment (PED), or ellipsoid zone (EZ) disruption is identified. Observation is appropriate.","{""scan_type"": ""B-scan"", ""scan_loc"": ""macula"", ""quality"": ""good"", ""L1_loc_findings"": {""Fovea (<500um)"": {""VRI"": [""ERM""], ""Intraretinal-1"": [], ""Intraretinal-2"": [], ""Outer retina-1"": [], ""Outer retina-2"": [], ""Choroid"": [""choroidal thinning""]}}, ""L2"": ""abnormal"", ""L1_neg"": [""no SRF"", ""no IRF"", ""no PED"", ""EZ intact""], ""L3_mgmt"": ""observation"", ""caption"": ""Image quality is sufficient for evaluation. At the vitreoretinal interface, epiretinal membrane (ERM) is observed. In the choroid, choroidal thinning is observed. No subretinal fluid (SRF), intraretinal fluid (IRF), pigment epithelial detachment (PED), or ellipsoid zone (EZ) disruption is identified. Observation is appropriate."", ""_meta"": {""image"": ""CAT_061.png"", ""annotator"": ""GT"", ""saved_at"": ""2026-08-27T21:28:37.803842""}}"
CAT_062.png,GT,2026-08-27T21:29:18.843593,B-scan,macula,fair,PVD,IRF; hyperreflective foci,,choroidal thinning,no SRF; no PED; EZ intact; no ERM,abnormal,observation,"Image quality is limited but adequate for evaluation. At the vitreoretinal interface, posterior vitreous detachment (PVD) is observed. In the inner retina, intraretinal fluid (IRF) and hyperreflective foci are observed. In the choroid, choroidal thinning is observed. No subretinal fluid (SRF), pigment epithelial detachment (PED), ellipsoid zone (EZ) disruption, or epiretinal membrane (ERM) is identified. Observation is appropriate.","Image quality is limited but adequate for evaluation. At the vitreoretinal interface, posterior vitreous detachment (PVD) is observed. In the inner retina, intraretinal fluid (IRF) and hyperreflective foci are observed. In the choroid, choroidal thinning is observed. No subretinal fluid (SRF), pigment epithelial detachment (PED), ellipsoid zone (EZ) disruption, or epiretinal membrane (ERM) is identified. Observation is appropriate.","{""scan_type"": ""B-scan"", ""scan_loc"": ""macula"", ""quality"": ""fair"", ""L1_loc_findings"": {""Fovea (<500um)"": {""VRI"": [""PVD""], ""Intraretinal-1"": [""IRF""], ""Intraretinal-2"": [""hyperreflective foci""], ""Outer retina-1"": [], ""Outer retina-2"": [], ""Choroid"": [""choroidal thinning""]}}, ""L2"": ""abnormal"", ""L1_neg"": [""no SRF"", ""no PED"", ""EZ intact"", ""no ERM""], ""L3_mgmt"": ""observation"", ""caption"": ""Image quality is limited but adequate for evaluation. At the vitreoretinal interface, posterior vitreous detachment (PVD) is observed. In the inner retina, intraretinal fluid (IRF) and hyperreflective foci are observed. In the choroid, choroidal thinning is observed. No subretinal fluid (SRF), pigment epithelial detachment (PED), ellipsoid zone (EZ) disruption, or epiretinal membrane (ERM) is identified. Observation is appropriate."", ""_meta"": {""image"": ""CAT_062.png"", ""annotator"": ""GT"", ""saved_at"": ""2026-08-27T21:29:18.843593""}}"
CAT_082.png,GT,2026-08-27T21:29:48.206661,B-scan,macula,fair,ERM,hyperreflective foci,EZ disruption; outer atrophy; drusen,choroidal thinning,no SRF; no IRF; no PED,abnormal,observation,"Image quality is limited but adequate for evaluation. At the vitreoretinal interface, epiretinal membrane (ERM) is observed. In the inner retina, hyperreflective foci is observed. In the outer retina, ellipsoid zone (EZ) disruption, outer retinal atrophy, and drusen are observed. In the choroid, choroidal thinning is observed. No subretinal fluid (SRF), intraretinal fluid (IRF), or pigment epithelial detachment (PED) is identified. Observation is appropriate.","Image quality is limited but adequate for evaluation. At the vitreoretinal interface, epiretinal membrane (ERM) is observed. In the inner retina, hyperreflective foci is observed. In the outer retina, ellipsoid zone (EZ) disruption, outer retinal atrophy, and drusen are observed. In the choroid, choroidal thinning is observed. No subretinal fluid (SRF), intraretinal fluid (IRF), or pigment epithelial detachment (PED) is identified. Observation is appropriate.","{""scan_type"": ""B-scan"", ""scan_loc"": ""macula"", ""quality"": ""fair"", ""L1_loc_findings"": {""Fovea (<500um)"": {""VRI"": [""ERM""], ""Intraretinal-1"": [], ""Intraretinal-2"": [""hyperreflective foci""], ""Outer retina-1"": [], ""Outer retina-2"": [""EZ disruption"", ""outer atrophy"", ""drusen""], ""Choroid"": [""choroidal thinning""]}}, ""L2"": ""abnormal"", ""L1_neg"": [""no SRF"", ""no IRF"", ""no PED""], ""L3_mgmt"": ""observation"", ""caption"": ""Image quality is limited but adequate for evaluation. At the vitreoretinal interface, epiretinal membrane (ERM) is observed. In the inner retina, hyperreflective foci is observed. In the outer retina, ellipsoid zone (EZ) disruption, outer retinal atrophy, and drusen are observed. In the choroid, choroidal thinning is observed. No subretinal fluid (SRF), intraretinal fluid (IRF), or pigment epithelial detachment (PED) is identified. Observation is appropriate."", ""_meta"": {""image"": ""CAT_082.png"", ""annotator"": ""GT"", ""saved_at"": ""2026-08-27T21:29:48.206661""}}"
CAT_088.png,GT,2026-08-27T21:30:04.593523,B-scan,macula,good,,,,choroidal thinning,no SRF; no IRF; no PED; EZ intact; no ERM,abnormal,observation,"Image quality is sufficient for evaluation. In the choroid, choroidal thinning is observed. No subretinal fluid (SRF), intraretinal fluid (IRF), pigment epithelial detachment (PED), ellipsoid zone (EZ) disruption, or epiretinal membrane (ERM) is identified. Observation is appropriate.","Image quality is sufficient for evaluation. In the choroid, choroidal thinning is observed. No subretinal fluid (SRF), intraretinal fluid (IRF), pigment epithelial detachment (PED), ellipsoid zone (EZ) disruption, or epiretinal membrane (ERM) is identified. Observation is appropriate.","{""scan_type"": ""B-scan"", ""scan_loc"": ""macula"", ""quality"": ""good"", ""L1_loc_findings"": {""Fovea (<500um)"": {""VRI"": [], ""Intraretinal-1"": [], ""Intraretinal-2"": [], ""Outer retina-1"": [], ""Outer retina-2"": [], ""Choroid"": [""choroidal thinning""]}}, ""L2"": ""abnormal"", ""L1_neg"": [""no SRF"", ""no IRF"", ""no PED"", ""EZ intact"", ""no ERM""], ""L3_mgmt"": ""observation"", ""caption"": ""Image quality is sufficient for evaluation. In the choroid, choroidal thinning is observed. No subretinal fluid (SRF), intraretinal fluid (IRF), pigment epithelial detachment (PED), ellipsoid zone (EZ) disruption, or epiretinal membrane (ERM) is identified. Observation is appropriate."", ""_meta"": {""image"": ""CAT_088.png"", ""annotator"": ""GT"", ""saved_at"": ""2026-08-27T21:30:04.593523""}}"
CAT_089.png,GT,2026-08-27T21:30:14.799464,B-scan,macula,fair,,,,,no SRF; no IRF; no PED; EZ intact; no ERM,normal,no abnormality,"Image quality is limited but adequate for evaluation. No definite OCT abnormality is identified. No subretinal fluid (SRF), intraretinal fluid (IRF), pigment epithelial detachment (PED), ellipsoid zone (EZ) disruption, or epiretinal membrane (ERM) is identified.","Image quality is limited but adequate for evaluation. No definite OCT abnormality is identified. No subretinal fluid (SRF), intraretinal fluid (IRF), pigment epithelial detachment (PED), ellipsoid zone (EZ) disruption, or epiretinal membrane (ERM) is identified.","{""scan_type"": ""B-scan"", ""scan_loc"": ""macula"", ""quality"": ""fair"", ""L1_loc_findings"": {""Fovea (<500um)"": {""VRI"": [], ""Intraretinal-1"": [], ""Intraretinal-2"": [], ""Outer retina-1"": [], ""Outer retina-2"": [], ""Choroid"": []}}, ""L2"": ""normal"", ""L1_neg"": [""no SRF"", ""no IRF"", ""no PED"", ""EZ intact"", ""no ERM""], ""L3_mgmt"": ""no abnormality"", ""caption"": ""Image quality is limited but adequate for evaluation. No definite OCT abnormality is identified. No subretinal fluid (SRF), intraretinal fluid (IRF), pigment epithelial detachment (PED), ellipsoid zone (EZ) disruption, or epiretinal membrane (ERM) is identified."", ""_meta"": {""image"": ""CAT_089.png"", ""annotator"": ""GT"", ""saved_at"": ""2026-08-27T21:30:14.799464""}}"
CAT_096.png,GT,2026-08-27T21:30:37.083665,B-scan,macula,good,PVD,,EZ disruption; outer atrophy,choroidal thinning,no SRF; no IRF; no PED; no ERM,abnormal,observation,"Image quality is sufficient for evaluation. At the vitreoretinal interface, posterior vitreous detachment (PVD) is observed. In the outer retina, ellipsoid zone (EZ) disruption and outer retinal atrophy are observed. In the choroid, choroidal thinning is observed. No subretinal fluid (SRF), intraretinal fluid (IRF), pigment epithelial detachment (PED), or epiretinal membrane (ERM) is identified. Observation is appropriate.","Image quality is sufficient for evaluation. At the vitreoretinal interface, posterior vitreous detachment (PVD) is observed. In the outer retina, ellipsoid zone (EZ) disruption and outer retinal atrophy are observed. In the choroid, choroidal thinning is observed. No subretinal fluid (SRF), intraretinal fluid (IRF), pigment epithelial detachment (PED), or epiretinal membrane (ERM) is identified. Observation is appropriate.","{""scan_type"": ""B-scan"", ""scan_loc"": ""macula"", ""quality"": ""good"", ""L1_loc_findings"": {""Fovea (<500um)"": {""VRI"": [""PVD""], ""Intraretinal-1"": [], ""Intraretinal-2"": [], ""Outer retina-1"": [], ""Outer retina-2"": [""EZ disruption"", ""outer atrophy""], ""Choroid"": [""choroidal thinning""]}}, ""L2"": ""abnormal"", ""L1_neg"": [""no SRF"", ""no IRF"", ""no PED"", ""no ERM""], ""L3_mgmt"": ""observation"", ""caption"": ""Image quality is sufficient for evaluation. At the vitreoretinal interface, posterior vitreous detachment (PVD) is observed. In the outer retina, ellipsoid zone (EZ) disruption and outer retinal atrophy are observed. In the choroid, choroidal thinning is observed. No subretinal fluid (SRF), intraretinal fluid (IRF), pigment epithelial detachment (PED), or epiretinal membrane (ERM) is identified. Observation is appropriate."", ""_meta"": {""image"": ""CAT_096.png"", ""annotator"": ""GT"", ""saved_at"": ""2026-08-27T21:30:37.083665""}}"
CAT_099.png,GT,2026-08-27T21:30:47.427389,B-scan,macula,good,,,,choroidal thinning,no SRF; no IRF; no PED; EZ intact; no ERM,abnormal,observation,"Image quality is sufficient for evaluation. In the choroid, choroidal thinning is observed. No subretinal fluid (SRF), intraretinal fluid (IRF), pigment epithelial detachment (PED), ellipsoid zone (EZ) disruption, or epiretinal membrane (ERM) is identified. Observation is appropriate.","Image quality is sufficient for evaluation. In the choroid, choroidal thinning is observed. No subretinal fluid (SRF), intraretinal fluid (IRF), pigment epithelial detachment (PED), ellipsoid zone (EZ) disruption, or epiretinal membrane (ERM) is identified. Observation is appropriate.","{""scan_type"": ""B-scan"", ""scan_loc"": ""macula"", ""quality"": ""good"", ""L1_loc_findings"": {""Fovea (<500um)"": {""VRI"": [], ""Intraretinal-1"": [], ""Intraretinal-2"": [], ""Outer retina-1"": [], ""Outer retina-2"": [], ""Choroid"": [""choroidal thinning""]}}, ""L2"": ""abnormal"", ""L1_neg"": [""no SRF"", ""no IRF"", ""no PED"", ""EZ intact"", ""no ERM""], ""L3_mgmt"": ""observation"", ""caption"": ""Image quality is sufficient for evaluation. In the choroid, choroidal thinning is observed. No subretinal fluid (SRF), intraretinal fluid (IRF), pigment epithelial detachment (PED), ellipsoid zone (EZ) disruption, or epiretinal membrane (ERM) is identified. Observation is appropriate."", ""_meta"": {""image"": ""CAT_099.png"", ""annotator"": ""GT"", ""saved_at"": ""2026-08-27T21:30:47.427389""}}"
CAT_110.png,GT,2026-08-27T21:31:01.647025,B-scan,macula,good,PVD; ERM,,,,no SRF; no IRF; no PED; EZ intact,abnormal,observation,"Image quality is sufficient for evaluation. At the vitreoretinal interface, posterior vitreous detachment (PVD) and epiretinal membrane (ERM) are observed. No subretinal fluid (SRF), intraretinal fluid (IRF), pigment epithelial detachment (PED), or ellipsoid zone (EZ) disruption is identified. Observation is appropriate.","Image quality is sufficient for evaluation. At the vitreoretinal interface, posterior vitreous detachment (PVD) and epiretinal membrane (ERM) are observed. No subretinal fluid (SRF), intraretinal fluid (IRF), pigment epithelial detachment (PED), or ellipsoid zone (EZ) disruption is identified. Observation is appropriate.","{""scan_type"": ""B-scan"", ""scan_loc"": ""macula"", ""quality"": ""good"", ""L1_loc_findings"": {""Fovea (<500um)"": {""VRI"": [""PVD"", ""ERM""], ""Intraretinal-1"": [], ""Intraretinal-2"": [], ""Outer retina-1"": [], ""Outer retina-2"": [], ""Choroid"": []}}, ""L2"": ""abnormal"", ""L1_neg"": [""no SRF"", ""no IRF"", ""no PED"", ""EZ intact""], ""L3_mgmt"": ""observation"", ""caption"": ""Image quality is sufficient for evaluation. At the vitreoretinal interface, posterior vitreous detachment (PVD) and epiretinal membrane (ERM) are observed. No subretinal fluid (SRF), intraretinal fluid (IRF), pigment epithelial detachment (PED), or ellipsoid zone (EZ) disruption is identified. Observation is appropriate."", ""_meta"": {""image"": ""CAT_110.png"", ""annotator"": ""GT"", ""saved_at"": ""2026-08-27T21:31:01.647025""}}"
CAT_111.png,GT,2026-08-27T21:31:14.709719,B-scan,macula,good,,,,choroidal thinning,no SRF; no IRF; no PED; EZ intact; no ERM,abnormal,observation,"Image quality is sufficient for evaluation. In the choroid, choroidal thinning is observed. No subretinal fluid (SRF), intraretinal fluid (IRF), pigment epithelial detachment (PED), ellipsoid zone (EZ) disruption, or epiretinal membrane (ERM) is identified. Observation is appropriate.","Image quality is sufficient for evaluation. In the choroid, choroidal thinning is observed. No subretinal fluid (SRF), intraretinal fluid (IRF), pigment epithelial detachment (PED), ellipsoid zone (EZ) disruption, or epiretinal membrane (ERM) is identified. Observation is appropriate.","{""scan_type"": ""B-scan"", ""scan_loc"": ""macula"", ""quality"": ""good"", ""L1_loc_findings"": {""Fovea (<500um)"": {""VRI"": [], ""Intraretinal-1"": [], ""Intraretinal-2"": [], ""Outer retina-1"": [], ""Outer retina-2"": [], ""Choroid"": [""choroidal thinning""]}}, ""L2"": ""abnormal"", ""L1_neg"": [""no SRF"", ""no IRF"", ""no PED"", ""EZ intact"", ""no ERM""], ""L3_mgmt"": ""observation"", ""caption"": ""Image quality is sufficient for evaluation. In the choroid, choroidal thinning is observed. No subretinal fluid (SRF), intraretinal fluid (IRF), pigment epithelial detachment (PED), ellipsoid zone (EZ) disruption, or epiretinal membrane (ERM) is identified. Observation is appropriate."", ""_meta"": {""image"": ""CAT_111.png"", ""annotator"": ""GT"", ""saved_at"": ""2026-08-27T21:31:14.709719""}}"
CAT_149.png,GT,2026-08-27T21:31:37.447791,B-scan,macula,good,PVD; ERM,hyperreflective foci,,,no SRF; no IRF; no PED; EZ intact,abnormal,observation,"Image quality is sufficient for evaluation. At the vitreoretinal interface, posterior vitreous detachment (PVD) and epiretinal membrane (ERM) are observed. In the inner retina, hyperreflective foci is observed. No subretinal fluid (SRF), intraretinal fluid (IRF), pigment epithelial detachment (PED), or ellipsoid zone (EZ) disruption is identified. Observation is appropriate.","Image quality is sufficient for evaluation. At the vitreoretinal interface, posterior vitreous detachment (PVD) and epiretinal membrane (ERM) are observed. In the inner retina, hyperreflective foci is observed. No subretinal fluid (SRF), intraretinal fluid (IRF), pigment epithelial detachment (PED), or ellipsoid zone (EZ) disruption is identified. Observation is appropriate.","{""scan_type"": ""B-scan"", ""scan_loc"": ""macula"", ""quality"": ""good"", ""L1_loc_findings"": {""Fovea (<500um)"": {""VRI"": [""PVD"", ""ERM""], ""Intraretinal-1"": [], ""Intraretinal-2"": [""hyperreflective foci""], ""Outer retina-1"": [], ""Outer retina-2"": [], ""Choroid"": []}}, ""L2"": ""abnormal"", ""L1_neg"": [""no SRF"", ""no IRF"", ""no PED"", ""EZ intact""], ""L3_mgmt"": ""observation"", ""caption"": ""Image quality is sufficient for evaluation. At the vitreoretinal interface, posterior vitreous detachment (PVD) and epiretinal membrane (ERM) are observed. In the inner retina, hyperreflective foci is observed. No subretinal fluid (SRF), intraretinal fluid (IRF), pigment epithelial detachment (PED), or ellipsoid zone (EZ) disruption is identified. Observation is appropriate."", ""_meta"": {""image"": ""CAT_149.png"", ""annotator"": ""GT"", ""saved_at"": ""2026-08-27T21:31:37.447791""}}"
CAT_156.png,GT,2026-08-27T21:31:54.982673,B-scan,macula,good,,,,choroidal thickening,no SRF; no IRF; no PED; EZ intact; no ERM,abnormal,observation,"Image quality is sufficient for evaluation. In the choroid, choroidal thickening is observed. No subretinal fluid (SRF), intraretinal fluid (IRF), pigment epithelial detachment (PED), ellipsoid zone (EZ) disruption, or epiretinal membrane (ERM) is identified. Observation is appropriate.","Image quality is sufficient for evaluation. In the choroid, choroidal thickening is observed. No subretinal fluid (SRF), intraretinal fluid (IRF), pigment epithelial detachment (PED), ellipsoid zone (EZ) disruption, or epiretinal membrane (ERM) is identified. Observation is appropriate.","{""scan_type"": ""B-scan"", ""scan_loc"": ""macula"", ""quality"": ""good"", ""L1_loc_findings"": {""Fovea (<500um)"": {""VRI"": [], ""Intraretinal-1"": [], ""Intraretinal-2"": [], ""Outer retina-1"": [], ""Outer retina-2"": [], ""Choroid"": [""choroidal thickening""]}}, ""L2"": ""abnormal"", ""L1_neg"": [""no SRF"", ""no IRF"", ""no PED"", ""EZ intact"", ""no ERM""], ""L3_mgmt"": ""observation"", ""caption"": ""Image quality is sufficient for evaluation. In the choroid, choroidal thickening is observed. No subretinal fluid (SRF), intraretinal fluid (IRF), pigment epithelial detachment (PED), ellipsoid zone (EZ) disruption, or epiretinal membrane (ERM) is identified. Observation is appropriate."", ""_meta"": {""image"": ""CAT_156.png"", ""annotator"": ""GT"", ""saved_at"": ""2026-08-27T21:31:54.982673""}}"
CAT_165.png,GT,2026-08-27T21:32:26.938986,B-scan,macula,good,ERM,,,choroidal thinning,no SRF; no IRF; no PED; EZ intact,abnormal,observation,"Image quality is sufficient for evaluation. At the vitreoretinal interface, epiretinal membrane (ERM) is observed. In the choroid, choroidal thinning is observed. No subretinal fluid (SRF), intraretinal fluid (IRF), pigment epithelial detachment (PED), or ellipsoid zone (EZ) disruption is identified. Observation is appropriate.","Image quality is sufficient for evaluation. At the vitreoretinal interface, epiretinal membrane (ERM) is observed. In the choroid, choroidal thinning is observed. No subretinal fluid (SRF), intraretinal fluid (IRF), pigment epithelial detachment (PED), or ellipsoid zone (EZ) disruption is identified. Observation is appropriate.","{""scan_type"": ""B-scan"", ""scan_loc"": ""macula"", ""quality"": ""good"", ""L1_loc_findings"": {""Fovea (<500um)"": {""VRI"": [""ERM""], ""Intraretinal-1"": [], ""Intraretinal-2"": [], ""Outer retina-1"": [], ""Outer retina-2"": [], ""Choroid"": [""choroidal thinning""]}}, ""L2"": ""abnormal"", ""L1_neg"": [""no SRF"", ""no IRF"", ""no PED"", ""EZ intact""], ""L3_mgmt"": ""observation"", ""caption"": ""Image quality is sufficient for evaluation. At the vitreoretinal interface, epiretinal membrane (ERM) is observed. In the choroid, choroidal thinning is observed. No subretinal fluid (SRF), intraretinal fluid (IRF), pigment epithelial detachment (PED), or ellipsoid zone (EZ) disruption is identified. Observation is appropriate."", ""_meta"": {""image"": ""CAT_165.png"", ""annotator"": ""GT"", ""saved_at"": ""2026-08-27T21:32:26.938986""}}"
CAT_174.png,GT,2026-08-27T21:33:02.053345,B-scan,macula,good,ERM,hyperreflective foci,EZ disruption; outer atrophy,,no SRF; no IRF; no PED,abnormal,observation,"Image quality is sufficient for evaluation. At the vitreoretinal interface, epiretinal membrane (ERM) is observed. In the inner retina, hyperreflective foci is observed. In the outer retina, ellipsoid zone (EZ) disruption and outer retinal atrophy are observed. No subretinal fluid (SRF), intraretinal fluid (IRF), or pigment epithelial detachment (PED) is identified. Observation is appropriate.","Image quality is sufficient for evaluation. At the vitreoretinal interface, epiretinal membrane (ERM) is observed. In the inner retina, hyperreflective foci is observed. In the outer retina, ellipsoid zone (EZ) disruption and outer retinal atrophy are observed. No subretinal fluid (SRF), intraretinal fluid (IRF), or pigment epithelial detachment (PED) is identified. Observation is appropriate.","{""scan_type"": ""B-scan"", ""scan_loc"": ""macula"", ""quality"": ""good"", ""L1_loc_findings"": {""Fovea (<500um)"": {""VRI"": [""ERM""], ""Intraretinal-1"": [], ""Intraretinal-2"": [""hyperreflective foci""], ""Outer retina-1"": [], ""Outer retina-2"": [""EZ disruption"", ""outer atrophy""], ""Choroid"": []}}, ""L2"": ""abnormal"", ""L1_neg"": [""no SRF"", ""no IRF"", ""no PED""], ""L3_mgmt"": ""observation"", ""caption"": ""Image quality is sufficient for evaluation. At the vitreoretinal interface, epiretinal membrane (ERM) is observed. In the inner retina, hyperreflective foci is observed. In the outer retina, ellipsoid zone (EZ) disruption and outer retinal atrophy are observed. No subretinal fluid (SRF), intraretinal fluid (IRF), or pigment epithelial detachment (PED) is identified. Observation is appropriate."", ""_meta"": {""image"": ""CAT_174.png"", ""annotator"": ""GT"", ""saved_at"": ""2026-08-27T21:33:02.053345""}}"
CAT_180.png,GT,2026-08-27T21:33:15.990778,B-scan,macula,fair,ERM,,drusen,choroidal thinning,no SRF; no IRF; no PED; EZ intact,abnormal,observation,"Image quality is limited but adequate for evaluation. At the vitreoretinal interface, epiretinal membrane (ERM) is observed. In the outer retina, drusen is observed. In the choroid, choroidal thinning is observed. No subretinal fluid (SRF), intraretinal fluid (IRF), pigment epithelial detachment (PED), or ellipsoid zone (EZ) disruption is identified. Observation is appropriate.","Image quality is limited but adequate for evaluation. At the vitreoretinal interface, epiretinal membrane (ERM) is observed. In the outer retina, drusen is observed. In the choroid, choroidal thinning is observed. No subretinal fluid (SRF), intraretinal fluid (IRF), pigment epithelial detachment (PED), or ellipsoid zone (EZ) disruption is identified. Observation is appropriate.","{""scan_type"": ""B-scan"", ""scan_loc"": ""macula"", ""quality"": ""fair"", ""L1_loc_findings"": {""Fovea (<500um)"": {""VRI"": [""ERM""], ""Intraretinal-1"": [], ""Intraretinal-2"": [], ""Outer retina-1"": [], ""Outer retina-2"": [""drusen""], ""Choroid"": [""choroidal thinning""]}}, ""L2"": ""abnormal"", ""L1_neg"": [""no SRF"", ""no IRF"", ""no PED"", ""EZ intact""], ""L3_mgmt"": ""observation"", ""caption"": ""Image quality is limited but adequate for evaluation. At the vitreoretinal interface, epiretinal membrane (ERM) is observed. In the outer retina, drusen is observed. In the choroid, choroidal thinning is observed. No subretinal fluid (SRF), intraretinal fluid (IRF), pigment epithelial detachment (PED), or ellipsoid zone (EZ) disruption is identified. Observation is appropriate."", ""_meta"": {""image"": ""CAT_180.png"", ""annotator"": ""GT"", ""saved_at"": ""2026-08-27T21:33:15.990778""}}"
CAT_189.png,GT,2026-08-27T21:33:38.412219,B-scan,macula,fair,ERM,,,choroidal thinning,no SRF; no IRF; no PED; EZ intact,abnormal,observation,"Image quality is limited but adequate for evaluation. At the vitreoretinal interface, epiretinal membrane (ERM) is observed. In the choroid, choroidal thinning is observed. No subretinal fluid (SRF), intraretinal fluid (IRF), pigment epithelial detachment (PED), or ellipsoid zone (EZ) disruption is identified. Observation is appropriate.","Image quality is limited but adequate for evaluation. At the vitreoretinal interface, epiretinal membrane (ERM) is observed. In the choroid, choroidal thinning is observed. No subretinal fluid (SRF), intraretinal fluid (IRF), pigment epithelial detachment (PED), or ellipsoid zone (EZ) disruption is identified. Observation is appropriate.","{""scan_type"": ""B-scan"", ""scan_loc"": ""macula"", ""quality"": ""fair"", ""L1_loc_findings"": {""Fovea (<500um)"": {""VRI"": [""ERM""], ""Intraretinal-1"": [], ""Intraretinal-2"": [], ""Outer retina-1"": [], ""Outer retina-2"": [], ""Choroid"": [""choroidal thinning""]}}, ""L2"": ""abnormal"", ""L1_neg"": [""no SRF"", ""no IRF"", ""no PED"", ""EZ intact""], ""L3_mgmt"": ""observation"", ""caption"": ""Image quality is limited but adequate for evaluation. At the vitreoretinal interface, epiretinal membrane (ERM) is observed. In the choroid, choroidal thinning is observed. No subretinal fluid (SRF), intraretinal fluid (IRF), pigment epithelial detachment (PED), or ellipsoid zone (EZ) disruption is identified. Observation is appropriate."", ""_meta"": {""image"": ""CAT_189.png"", ""annotator"": ""GT"", ""saved_at"": ""2026-08-27T21:33:38.412219""}}"
BRVO_001.png,GT,2026-09-03T10:51:11.138361,B-scan,macula,fair,,IRF; hemorrhage; retinal thickening; hyperreflective foci,subretinal hemorrhage; EZ disruption,choroidal thickening,no SRF; no PED; no ERM,abnormal,treatment,"Image quality is limited but adequate for evaluation. In the inner retina, intraretinal fluid (IRF), retinal hemorrhage, retinal thickening, and hyperreflective foci are observed. In the outer retina, subretinal hemorrhage and ellipsoid zone (EZ) disruption are observed. In the choroid, choroidal thickening is observed. No subretinal fluid (SRF), pigment epithelial detachment (PED), or epiretinal membrane (ERM) is identified. Treatment may be considered.","Image quality is limited but adequate for evaluation. In the inner retina, intraretinal fluid (IRF), retinal hemorrhage, retinal thickening, and hyperreflective foci are observed. In the outer retina, subretinal hemorrhage and ellipsoid zone (EZ) disruption are observed. In the choroid, choroidal thickening is observed. No subretinal fluid (SRF), pigment epithelial detachment (PED), or epiretinal membrane (ERM) is identified. Treatment may be considered.","{""scan_type"": ""B-scan"", ""scan_loc"": ""macula"", ""quality"": ""fair"", ""L1_loc_findings"": {""Fovea (<500um)"": {""VRI"": [], ""Intraretinal-1"": [""IRF"", ""hemorrhage"", ""retinal thickening""], ""Intraretinal-2"": [""hyperreflective foci""], ""Outer retina-1"": [""subretinal hemorrhage""], ""Outer retina-2"": [""EZ disruption""], ""Choroid"": [""choroidal thickening""]}}, ""L2"": ""abnormal"", ""L1_neg"": [""no SRF"", ""no PED"", ""no ERM""], ""L3_mgmt"": ""treatment"", ""caption"": ""Image quality is limited but adequate for evaluation. In the inner retina, intraretinal fluid (IRF), retinal hemorrhage, retinal thickening, and hyperreflective foci are observed. In the outer retina, subretinal hemorrhage and ellipsoid zone (EZ) disruption are observed. In the choroid, choroidal thickening is observed. No subretinal fluid (SRF), pigment epithelial detachment (PED), or epiretinal membrane (ERM) is identified. Treatment may be considered."", ""_meta"": {""image"": ""BRVO_001.png"", ""annotator"": ""GT"", ""saved_at"": ""2026-09-03T10:51:11.138361""}}"
BRVO_003.png,GT,2026-09-03T10:51:40.695476,B-scan,macula,fair,,IRF; retinal thickening; hyperreflective foci,,choroidal thinning,no SRF; no PED; EZ intact; no ERM,abnormal,treatment,"Image quality is limited but adequate for evaluation. In the inner retina, intraretinal fluid (IRF), retinal thickening, and hyperreflective foci are observed. In the choroid, choroidal thinning is observed. No subretinal fluid (SRF), pigment epithelial detachment (PED), ellipsoid zone (EZ) disruption, or epiretinal membrane (ERM) is identified. Treatment may be considered.","Image quality is limited but adequate for evaluation. In the inner retina, intraretinal fluid (IRF), retinal thickening, and hyperreflective foci are observed. In the choroid, choroidal thinning is observed. No subretinal fluid (SRF), pigment epithelial detachment (PED), ellipsoid zone (EZ) disruption, or epiretinal membrane (ERM) is identified. Treatment may be considered.","{""scan_type"": ""B-scan"", ""scan_loc"": ""macula"", ""quality"": ""fair"", ""L1_loc_findings"": {""Fovea (<500um)"": {""VRI"": [], ""Intraretinal-1"": [""IRF"", ""retinal thickening""], ""Intraretinal-2"": [""hyperreflective foci""], ""Outer retina-1"": [], ""Outer retina-2"": [], ""Choroid"": [""choroidal thinning""]}}, ""L2"": ""abnormal"", ""L1_neg"": [""no SRF"", ""no PED"", ""EZ intact"", ""no ERM""], ""L3_mgmt"": ""treatment"", ""caption"": ""Image quality is limited but adequate for evaluation. In the inner retina, intraretinal fluid (IRF), retinal thickening, and hyperreflective foci are observed. In the choroid, choroidal thinning is observed. No subretinal fluid (SRF), pigment epithelial detachment (PED), ellipsoid zone (EZ) disruption, or epiretinal membrane (ERM) is identified. Treatment may be considered."", ""_meta"": {""image"": ""BRVO_003.png"", ""annotator"": ""GT"", ""saved_at"": ""2026-09-03T10:51:40.695476""}}"
BRVO_004.png,GT,2026-09-03T06:19:07.969092,B-scan,macula,fair,,IRF; hemorrhage; retinal thickening,,,no SRF; no PED; EZ intact; no ERM,abnormal,treatment,"Image quality is limited but adequate for evaluation. In the inner retina, intraretinal fluid (IRF), retinal hemorrhage, and retinal thickening are observed. No subretinal fluid (SRF), pigment epithelial detachment (PED), ellipsoid zone (EZ) disruption, or epiretinal membrane (ERM) is identified. Treatment may be considered.","Image quality is limited but adequate for evaluation. In the inner retina, intraretinal fluid (IRF), retinal hemorrhage, and retinal thickening are observed. No subretinal fluid (SRF), pigment epithelial detachment (PED), ellipsoid zone (EZ) disruption, or epiretinal membrane (ERM) is identified. Treatment may be considered.","{""scan_type"": ""B-scan"", ""scan_loc"": ""macula"", ""quality"": ""fair"", ""L1_loc_findings"": {""Fovea (<500um)"": {""VRI"": [], ""Intraretinal-1"": [""IRF"", ""hemorrhage"", ""retinal thickening""], ""Intraretinal-2"": [], ""Outer retina-1"": [], ""Outer retina-2"": [], ""Choroid"": []}}, ""L2"": ""abnormal"", ""L1_neg"": [""no SRF"", ""no PED"", ""EZ intact"", ""no ERM""], ""L3_mgmt"": ""treatment"", ""caption"": ""Image quality is limited but adequate for evaluation. In the inner retina, intraretinal fluid (IRF), retinal hemorrhage, and retinal thickening are observed. No subretinal fluid (SRF), pigment epithelial detachment (PED), ellipsoid zone (EZ) disruption, or epiretinal membrane (ERM) is identified. Treatment may be considered."", ""_meta"": {""image"": ""BRVO_004.png"", ""annotator"": ""GT"", ""saved_at"": ""2026-09-03T06:19:07.969092""}}"
BRVO_005.png,GT,2026-09-03T06:24:50.657117,B-scan,macula,poor,,IRF; hemorrhage; retinal thickening; hyperreflective foci,subretinal hemorrhage; EZ disruption,,no SRF; no PED; no ERM,abnormal,treatment,"Image quality is poor; findings should be interpreted with caution. In the inner retina, intraretinal fluid (IRF), retinal hemorrhage, retinal thickening, and hyperreflective foci are observed. In the outer retina, subretinal hemorrhage and ellipsoid zone (EZ) disruption are observed. No subretinal fluid (SRF), pigment epithelial detachment (PED), or epiretinal membrane (ERM) is identified. Treatment may be considered.","Image quality is poor; findings should be interpreted with caution. In the inner retina, intraretinal fluid (IRF), retinal hemorrhage, retinal thickening, and hyperreflective foci are observed. In the outer retina, subretinal hemorrhage and ellipsoid zone (EZ) disruption are observed. No subretinal fluid (SRF), pigment epithelial detachment (PED), or epiretinal membrane (ERM) is identified. Treatment may be considered.","{""scan_type"": ""B-scan"", ""scan_loc"": ""macula"", ""quality"": ""poor"", ""L1_loc_findings"": {""Fovea (<500um)"": {""VRI"": [], ""Intraretinal-1"": [""IRF"", ""hemorrhage"", ""retinal thickening""], ""Intraretinal-2"": [""hyperreflective foci""], ""Outer retina-1"": [""subretinal hemorrhage""], ""Outer retina-2"": [""EZ disruption""], ""Choroid"": []}}, ""L2"": ""abnormal"", ""L1_neg"": [""no SRF"", ""no PED"", ""no ERM""], ""L3_mgmt"": ""treatment"", ""caption"": ""Image quality is poor; findings should be interpreted with caution. In the inner retina, intraretinal fluid (IRF), retinal hemorrhage, retinal thickening, and hyperreflective foci are observed. In the outer retina, subretinal hemorrhage and ellipsoid zone (EZ) disruption are observed. No subretinal fluid (SRF), pigment epithelial detachment (PED), or epiretinal membrane (ERM) is identified. Treatment may be considered."", ""_meta"": {""image"": ""BRVO_005.png"", ""annotator"": ""GT"", ""saved_at"": ""2026-09-03T06:24:50.657117""}}"
BRVO_006.png,GT,2026-09-03T06:25:41.516811,B-scan,macula,good,,IRF; hemorrhage; retinal thickening; hyperreflective foci,,,no SRF; no PED; EZ intact; no ERM,abnormal,treatment,"Image quality is sufficient for evaluation. In the inner retina, intraretinal fluid (IRF), retinal hemorrhage, retinal thickening, and hyperreflective foci are observed. No subretinal fluid (SRF), pigment epithelial detachment (PED), ellipsoid zone (EZ) disruption, or epiretinal membrane (ERM) is identified. Treatment may be considered.","Image quality is sufficient for evaluation. In the inner retina, intraretinal fluid (IRF), retinal hemorrhage, retinal thickening, and hyperreflective foci are observed. No subretinal fluid (SRF), pigment epithelial detachment (PED), ellipsoid zone (EZ) disruption, or epiretinal membrane (ERM) is identified. Treatment may be considered.","{""scan_type"": ""B-scan"", ""scan_loc"": ""macula"", ""quality"": ""good"", ""L1_loc_findings"": {""Fovea (<500um)"": {""VRI"": [], ""Intraretinal-1"": [""IRF"", ""hemorrhage"", ""retinal thickening""], ""Intraretinal-2"": [""hyperreflective foci""], ""Outer retina-1"": [], ""Outer retina-2"": [], ""Choroid"": []}}, ""L2"": ""abnormal"", ""L1_neg"": [""no SRF"", ""no PED"", ""EZ intact"", ""no ERM""], ""L3_mgmt"": ""treatment"", ""caption"": ""Image quality is sufficient for evaluation. In the inner retina, intraretinal fluid (IRF), retinal hemorrhage, retinal thickening, and hyperreflective foci are observed. No subretinal fluid (SRF), pigment epithelial detachment (PED), ellipsoid zone (EZ) disruption, or epiretinal membrane (ERM) is identified. Treatment may be considered."", ""_meta"": {""image"": ""BRVO_006.png"", ""annotator"": ""GT"", ""saved_at"": ""2026-09-03T06:25:41.516811""}}"
BRVO_007.png,GT,2026-09-03T00:21:56.272641,B-scan,macula,good,,IRF; retinal thickening; hyperreflective foci,,,no SRF; no PED; EZ intact; no ERM,abnormal,treatment,"Image quality is sufficient for evaluation. In the inner retina, intraretinal fluid (IRF), retinal thickening, and hyperreflective foci are observed. No subretinal fluid (SRF), pigment epithelial detachment (PED), ellipsoid zone (EZ) disruption, or epiretinal membrane (ERM) is identified. Treatment may be considered.","Image quality is sufficient for evaluation. In the inner retina, intraretinal fluid (IRF), retinal thickening, and hyperreflective foci are observed. No subretinal fluid (SRF), pigment epithelial detachment (PED), ellipsoid zone (EZ) disruption, or epiretinal membrane (ERM) is identified. Treatment may be considered.","{""scan_type"": ""B-scan"", ""scan_loc"": ""macula"", ""quality"": ""good"", ""L1_loc_findings"": {""Fovea (<500um)"": {""VRI"": [], ""Intraretinal-1"": [""IRF"", ""retinal thickening""], ""Intraretinal-2"": [""hyperreflective foci""], ""Outer retina-1"": [], ""Outer retina-2"": [], ""Choroid"": []}}, ""L2"": ""abnormal"", ""L1_neg"": [""no SRF"", ""no PED"", ""EZ intact"", ""no ERM""], ""L3_mgmt"": ""treatment"", ""caption"": ""Image quality is sufficient for evaluation. In the inner retina, intraretinal fluid (IRF), retinal thickening, and hyperreflective foci are observed. No subretinal fluid (SRF), pigment epithelial detachment (PED), ellipsoid zone (EZ) disruption, or epiretinal membrane (ERM) is identified. Treatment may be considered."", ""_meta"": {""image"": ""BRVO_007.png"", ""annotator"": ""GT"", ""saved_at"": ""2026-09-03T00:21:56.272641""}}"
BRVO_008.png,GT,2026-09-03T00:22:07.790223,B-scan,macula,good,ERM,hyperreflective foci,EZ disruption,,no SRF; no IRF; no PED,abnormal,observation,"Image quality is sufficient for evaluation. At the vitreoretinal interface, epiretinal membrane (ERM) is observed. In the inner retina, hyperreflective foci is observed. In the outer retina, ellipsoid zone (EZ) disruption is observed. No subretinal fluid (SRF), intraretinal fluid (IRF), or pigment epithelial detachment (PED) is identified. Observation is appropriate.","Image quality is sufficient for evaluation. At the vitreoretinal interface, epiretinal membrane (ERM) is observed. In the inner retina, hyperreflective foci is observed. In the outer retina, ellipsoid zone (EZ) disruption is observed. No subretinal fluid (SRF), intraretinal fluid (IRF), or pigment epithelial detachment (PED) is identified. Observation is appropriate.","{""scan_type"": ""B-scan"", ""scan_loc"": ""macula"", ""quality"": ""good"", ""L1_loc_findings"": {""Fovea (<500um)"": {""VRI"": [""ERM""], ""Intraretinal-1"": [], ""Intraretinal-2"": [""hyperreflective foci""], ""Outer retina-1"": [], ""Outer retina-2"": [""EZ disruption""], ""Choroid"": []}}, ""L2"": ""abnormal"", ""L1_neg"": [""no SRF"", ""no IRF"", ""no PED""], ""L3_mgmt"": ""observation"", ""caption"": ""Image quality is sufficient for evaluation. At the vitreoretinal interface, epiretinal membrane (ERM) is observed. In the inner retina, hyperreflective foci is observed. In the outer retina, ellipsoid zone (EZ) disruption is observed. No subretinal fluid (SRF), intraretinal fluid (IRF), or pigment epithelial detachment (PED) is identified. Observation is appropriate."", ""_meta"": {""image"": ""BRVO_008.png"", ""annotator"": ""GT"", ""saved_at"": ""2026-09-03T00:22:07.790223""}}"
BRVO_010.png,GT,2026-09-03T00:22:35.020388,B-scan,macula,good,ERM,IRF; hemorrhage; retinal thickening; hyperreflective foci,EZ disruption,,no SRF; no PED,abnormal,treatment,"Image quality is sufficient for evaluation. At the vitreoretinal interface, epiretinal membrane (ERM) is observed. In the inner retina, intraretinal fluid (IRF), retinal hemorrhage, retinal thickening, and hyperreflective foci are observed. In the outer retina, ellipsoid zone (EZ) disruption is observed. No subretinal fluid (SRF) or pigment epithelial detachment (PED) is identified. Treatment may be considered.","Image quality is sufficient for evaluation. At the vitreoretinal interface, epiretinal membrane (ERM) is observed. In the inner retina, intraretinal fluid (IRF), retinal hemorrhage, retinal thickening, and hyperreflective foci are observed. In the outer retina, ellipsoid zone (EZ) disruption is observed. No subretinal fluid (SRF) or pigment epithelial detachment (PED) is identified. Treatment may be considered.","{""scan_type"": ""B-scan"", ""scan_loc"": ""macula"", ""quality"": ""good"", ""L1_loc_findings"": {""Fovea (<500um)"": {""VRI"": [""ERM""], ""Intraretinal-1"": [""IRF"", ""hemorrhage"", ""retinal thickening""], ""Intraretinal-2"": [""hyperreflective foci""], ""Outer retina-1"": [], ""Outer retina-2"": [""EZ disruption""], ""Choroid"": []}}, ""L2"": ""abnormal"", ""L1_neg"": [""no SRF"", ""no PED""], ""L3_mgmt"": ""treatment"", ""caption"": ""Image quality is sufficient for evaluation. At the vitreoretinal interface, epiretinal membrane (ERM) is observed. In the inner retina, intraretinal fluid (IRF), retinal hemorrhage, retinal thickening, and hyperreflective foci are observed. In the outer retina, ellipsoid zone (EZ) disruption is observed. No subretinal fluid (SRF) or pigment epithelial detachment (PED) is identified. Treatment may be considered."", ""_meta"": {""image"": ""BRVO_010.png"", ""annotator"": ""GT"", ""saved_at"": ""2026-09-03T00:22:35.020388""}}"
BRVO_011.png,GT,2026-09-03T00:23:07.289188,B-scan,macula,good,ERM,IRF; retinal thickening; hyperreflective foci,,choroidal thinning,no SRF; no PED; EZ intact,abnormal,treatment,"Image quality is sufficient for evaluation. At the vitreoretinal interface, epiretinal membrane (ERM) is observed. In the inner retina, intraretinal fluid (IRF), retinal thickening, and hyperreflective foci are observed. In the choroid, choroidal thinning is observed. No subretinal fluid (SRF), pigment epithelial detachment (PED), or ellipsoid zone (EZ) disruption is identified. Treatment may be considered.","Image quality is sufficient for evaluation. At the vitreoretinal interface, epiretinal membrane (ERM) is observed. In the inner retina, intraretinal fluid (IRF), retinal thickening, and hyperreflective foci are observed. In the choroid, choroidal thinning is observed. No subretinal fluid (SRF), pigment epithelial detachment (PED), or ellipsoid zone (EZ) disruption is identified. Treatment may be considered.","{""scan_type"": ""B-scan"", ""scan_loc"": ""macula"", ""quality"": ""good"", ""L1_loc_findings"": {""Fovea (<500um)"": {""VRI"": [""ERM""], ""Intraretinal-1"": [""IRF"", ""retinal thickening""], ""Intraretinal-2"": [""hyperreflective foci""], ""Outer retina-1"": [], ""Outer retina-2"": [], ""Choroid"": [""choroidal thinning""]}}, ""L2"": ""abnormal"", ""L1_neg"": [""no SRF"", ""no PED"", ""EZ intact""], ""L3_mgmt"": ""treatment"", ""caption"": ""Image quality is sufficient for evaluation. At the vitreoretinal interface, epiretinal membrane (ERM) is observed. In the inner retina, intraretinal fluid (IRF), retinal thickening, and hyperreflective foci are observed. In the choroid, choroidal thinning is observed. No subretinal fluid (SRF), pigment epithelial detachment (PED), or ellipsoid zone (EZ) disruption is identified. Treatment may be considered."", ""_meta"": {""image"": ""BRVO_011.png"", ""annotator"": ""GT"", ""saved_at"": ""2026-09-03T00:23:07.289188""}}"
BRVO_012.png,GT,2026-09-03T00:37:47.262728,B-scan,macula,fair,ERM,hemorrhage; tractional thickening; hyperreflective foci,,,no SRF; no IRF; no PED; EZ intact,abnormal,observation,"Image quality is limited but adequate for evaluation. At the vitreoretinal interface, epiretinal membrane (ERM) is observed. In the inner retina, retinal hemorrhage, tractional retinal thickening, and hyperreflective foci are observed. No subretinal fluid (SRF), intraretinal fluid (IRF), pigment epithelial detachment (PED), or ellipsoid zone (EZ) disruption is identified. Observation is appropriate.","Image quality is limited but adequate for evaluation. At the vitreoretinal interface, epiretinal membrane (ERM) is observed. In the inner retina, retinal hemorrhage, tractional retinal thickening, and hyperreflective foci are observed. No subretinal fluid (SRF), intraretinal fluid (IRF), pigment epithelial detachment (PED), or ellipsoid zone (EZ) disruption is identified. Observation is appropriate.","{""scan_type"": ""B-scan"", ""scan_loc"": ""macula"", ""quality"": ""fair"", ""L1_loc_findings"": {""Fovea (<500um)"": {""VRI"": [""ERM""], ""Intraretinal-1"": [""hemorrhage"", ""tractional thickening""], ""Intraretinal-2"": [""hyperreflective foci""], ""Outer retina-1"": [], ""Outer retina-2"": [], ""Choroid"": []}}, ""L2"": ""abnormal"", ""L1_neg"": [""no SRF"", ""no IRF"", ""no PED"", ""EZ intact""], ""L3_mgmt"": ""observation"", ""caption"": ""Image quality is limited but adequate for evaluation. At the vitreoretinal interface, epiretinal membrane (ERM) is observed. In the inner retina, retinal hemorrhage, tractional retinal thickening, and hyperreflective foci are observed. No subretinal fluid (SRF), intraretinal fluid (IRF), pigment epithelial detachment (PED), or ellipsoid zone (EZ) disruption is identified. Observation is appropriate."", ""_meta"": {""image"": ""BRVO_012.png"", ""annotator"": ""GT"", ""saved_at"": ""2026-09-03T00:37:47.262728""}}"
BRVO_013.png,GT,2026-09-03T00:50:13.396478,B-scan,macula,good,,IRF; retinal thickening; tractional thickening; hyperreflective foci,SRF; EZ disruption,choroidal thickening,no PED; no ERM,abnormal,treatment,"Image quality is sufficient for evaluation. In the inner retina, intraretinal fluid (IRF), retinal thickening, tractional retinal thickening, and hyperreflective foci are observed. In the outer retina, subretinal fluid (SRF) and ellipsoid zone (EZ) disruption are observed. In the choroid, choroidal thickening is observed. No pigment epithelial detachment (PED) or epiretinal membrane (ERM) is identified. Treatment may be considered.","Image quality is sufficient for evaluation. In the inner retina, intraretinal fluid (IRF), retinal thickening, tractional retinal thickening, and hyperreflective foci are observed. In the outer retina, subretinal fluid (SRF) and ellipsoid zone (EZ) disruption are observed. In the choroid, choroidal thickening is observed. No pigment epithelial detachment (PED) or epiretinal membrane (ERM) is identified. Treatment may be considered.","{""scan_type"": ""B-scan"", ""scan_loc"": ""macula"", ""quality"": ""good"", ""L1_loc_findings"": {""Fovea (<500um)"": {""VRI"": [], ""Intraretinal-1"": [""IRF"", ""retinal thickening"", ""tractional thickening""], ""Intraretinal-2"": [""hyperreflective foci""], ""Outer retina-1"": [""SRF""], ""Outer retina-2"": [""EZ disruption""], ""Choroid"": [""choroidal thickening""]}}, ""L2"": ""abnormal"", ""L1_neg"": [""no PED"", ""no ERM""], ""L3_mgmt"": ""treatment"", ""caption"": ""Image quality is sufficient for evaluation. In the inner retina, intraretinal fluid (IRF), retinal thickening, tractional retinal thickening, and hyperreflective foci are observed. In the outer retina, subretinal fluid (SRF) and ellipsoid zone (EZ) disruption are observed. In the choroid, choroidal thickening is observed. No pigment epithelial detachment (PED) or epiretinal membrane (ERM) is identified. Treatment may be considered."", ""_meta"": {""image"": ""BRVO_013.png"", ""annotator"": ""GT"", ""saved_at"": ""2026-09-03T00:50:13.396478""}}"
BRVO_015.png,GT,2026-09-03T00:38:09.064704,B-scan,macula,good,PVD,IRF; retinal thickening,,,no SRF; no PED; EZ intact; no ERM,abnormal,treatment,"Image quality is sufficient for evaluation. At the vitreoretinal interface, posterior vitreous detachment (PVD) is observed. In the inner retina, intraretinal fluid (IRF) and retinal thickening are observed. No subretinal fluid (SRF), pigment epithelial detachment (PED), ellipsoid zone (EZ) disruption, or epiretinal membrane (ERM) is identified. Treatment may be considered.","Image quality is sufficient for evaluation. At the vitreoretinal interface, posterior vitreous detachment (PVD) is observed. In the inner retina, intraretinal fluid (IRF) and retinal thickening are observed. No subretinal fluid (SRF), pigment epithelial detachment (PED), ellipsoid zone (EZ) disruption, or epiretinal membrane (ERM) is identified. Treatment may be considered.","{""scan_type"": ""B-scan"", ""scan_loc"": ""macula"", ""quality"": ""good"", ""L1_loc_findings"": {""Fovea (<500um)"": {""VRI"": [""PVD""], ""Intraretinal-1"": [""IRF"", ""retinal thickening""], ""Intraretinal-2"": [], ""Outer retina-1"": [], ""Outer retina-2"": [], ""Choroid"": []}}, ""L2"": ""abnormal"", ""L1_neg"": [""no SRF"", ""no PED"", ""EZ intact"", ""no ERM""], ""L3_mgmt"": ""treatment"", ""caption"": ""Image quality is sufficient for evaluation. At the vitreoretinal interface, posterior vitreous detachment (PVD) is observed. In the inner retina, intraretinal fluid (IRF) and retinal thickening are observed. No subretinal fluid (SRF), pigment epithelial detachment (PED), ellipsoid zone (EZ) disruption, or epiretinal membrane (ERM) is identified. Treatment may be considered."", ""_meta"": {""image"": ""BRVO_015.png"", ""annotator"": ""GT"", ""saved_at"": ""2026-09-03T00:38:09.064704""}}"
BRVO_016.png,GT,2026-09-03T00:38:40.496779,B-scan,macula,good,ERM,hemorrhage; retinal thickening,,,no SRF; no IRF; no PED; EZ intact,abnormal,observation,"Image quality is sufficient for evaluation. At the vitreoretinal interface, epiretinal membrane (ERM) is observed. In the inner retina, retinal hemorrhage and retinal thickening are observed. No subretinal fluid (SRF), intraretinal fluid (IRF), pigment epithelial detachment (PED), or ellipsoid zone (EZ) disruption is identified. Observation is appropriate.","Image quality is sufficient for evaluation. At the vitreoretinal interface, epiretinal membrane (ERM) is observed. In the inner retina, retinal hemorrhage and retinal thickening are observed. No subretinal fluid (SRF), intraretinal fluid (IRF), pigment epithelial detachment (PED), or ellipsoid zone (EZ) disruption is identified. Observation is appropriate.","{""scan_type"": ""B-scan"", ""scan_loc"": ""macula"", ""quality"": ""good"", ""L1_loc_findings"": {""Fovea (<500um)"": {""VRI"": [""ERM""], ""Intraretinal-1"": [""hemorrhage"", ""retinal thickening""], ""Intraretinal-2"": [], ""Outer retina-1"": [], ""Outer retina-2"": [], ""Choroid"": []}}, ""L2"": ""abnormal"", ""L1_neg"": [""no SRF"", ""no IRF"", ""no PED"", ""EZ intact""], ""L3_mgmt"": ""observation"", ""caption"": ""Image quality is sufficient for evaluation. At the vitreoretinal interface, epiretinal membrane (ERM) is observed. In the inner retina, retinal hemorrhage and retinal thickening are observed. No subretinal fluid (SRF), intraretinal fluid (IRF), pigment epithelial detachment (PED), or ellipsoid zone (EZ) disruption is identified. Observation is appropriate."", ""_meta"": {""image"": ""BRVO_016.png"", ""annotator"": ""GT"", ""saved_at"": ""2026-09-03T00:38:40.496779""}}"
BRVO_017.png,GT,2026-09-03T00:39:12.680155,B-scan,macula,good,,IRF; hemorrhage; retinal thickening,SRF; EZ disruption,,no PED; no ERM,abnormal,treatment,"Image quality is sufficient for evaluation. In the inner retina, intraretinal fluid (IRF), retinal hemorrhage, and retinal thickening are observed. In the outer retina, subretinal fluid (SRF) and ellipsoid zone (EZ) disruption are observed. No pigment epithelial detachment (PED) or epiretinal membrane (ERM) is identified. Treatment may be considered.","Image quality is sufficient for evaluation. In the inner retina, intraretinal fluid (IRF), retinal hemorrhage, and retinal thickening are observed. In the outer retina, subretinal fluid (SRF) and ellipsoid zone (EZ) disruption are observed. No pigment epithelial detachment (PED) or epiretinal membrane (ERM) is identified. Treatment may be considered.","{""scan_type"": ""B-scan"", ""scan_loc"": ""macula"", ""quality"": ""good"", ""L1_loc_findings"": {""Fovea (<500um)"": {""VRI"": [], ""Intraretinal-1"": [""IRF"", ""hemorrhage"", ""retinal thickening""], ""Intraretinal-2"": [], ""Outer retina-1"": [""SRF""], ""Outer retina-2"": [""EZ disruption""], ""Choroid"": []}}, ""L2"": ""abnormal"", ""L1_neg"": [""no PED"", ""no ERM""], ""L3_mgmt"": ""treatment"", ""caption"": ""Image quality is sufficient for evaluation. In the inner retina, intraretinal fluid (IRF), retinal hemorrhage, and retinal thickening are observed. In the outer retina, subretinal fluid (SRF) and ellipsoid zone (EZ) disruption are observed. No pigment epithelial detachment (PED) or epiretinal membrane (ERM) is identified. Treatment may be considered."", ""_meta"": {""image"": ""BRVO_017.png"", ""annotator"": ""GT"", ""saved_at"": ""2026-09-03T00:39:12.680155""}}"
BRVO_018.png,GT,2026-09-03T00:40:12.396371,B-scan,macula,good,,hemorrhage; retinal thickening; hyperreflective foci,,,no SRF; no IRF; no PED; EZ intact; no ERM,abnormal,observation,"Image quality is sufficient for evaluation. In the inner retina, retinal hemorrhage, retinal thickening, and hyperreflective foci are observed. No subretinal fluid (SRF), intraretinal fluid (IRF), pigment epithelial detachment (PED), ellipsoid zone (EZ) disruption, or epiretinal membrane (ERM) is identified. Observation is appropriate.","Image quality is sufficient for evaluation. In the inner retina, retinal hemorrhage, retinal thickening, and hyperreflective foci are observed. No subretinal fluid (SRF), intraretinal fluid (IRF), pigment epithelial detachment (PED), ellipsoid zone (EZ) disruption, or epiretinal membrane (ERM) is identified. Observation is appropriate.","{""scan_type"": ""B-scan"", ""scan_loc"": ""macula"", ""quality"": ""good"", ""L1_loc_findings"": {""Fovea (<500um)"": {""VRI"": [], ""Intraretinal-1"": [""hemorrhage"", ""retinal thickening""], ""Intraretinal-2"": [""hyperreflective foci""], ""Outer retina-1"": [], ""Outer retina-2"": [], ""Choroid"": []}}, ""L2"": ""abnormal"", ""L1_neg"": [""no SRF"", ""no IRF"", ""no PED"", ""EZ intact"", ""no ERM""], ""L3_mgmt"": ""observation"", ""caption"": ""Image quality is sufficient for evaluation. In the inner retina, retinal hemorrhage, retinal thickening, and hyperreflective foci are observed. No subretinal fluid (SRF), intraretinal fluid (IRF), pigment epithelial detachment (PED), ellipsoid zone (EZ) disruption, or epiretinal membrane (ERM) is identified. Observation is appropriate."", ""_meta"": {""image"": ""BRVO_018.png"", ""annotator"": ""GT"", ""saved_at"": ""2026-09-03T00:40:12.396371""}}"
BRVO_019.png,GT,2026-09-03T00:40:49.915758,B-scan,macula,fair,PVD,IRF; hemorrhage; retinal thickening; hyperreflective foci,SRF; EZ disruption,,no PED; no ERM,abnormal,treatment,"Image quality is limited but adequate for evaluation. At the vitreoretinal interface, posterior vitreous detachment (PVD) is observed. In the inner retina, intraretinal fluid (IRF), retinal hemorrhage, retinal thickening, and hyperreflective foci are observed. In the outer retina, subretinal fluid (SRF) and ellipsoid zone (EZ) disruption are observed. No pigment epithelial detachment (PED) or epiretinal membrane (ERM) is identified. Treatment may be considered.","Image quality is limited but adequate for evaluation. At the vitreoretinal interface, posterior vitreous detachment (PVD) is observed. In the inner retina, intraretinal fluid (IRF), retinal hemorrhage, retinal thickening, and hyperreflective foci are observed. In the outer retina, subretinal fluid (SRF) and ellipsoid zone (EZ) disruption are observed. No pigment epithelial detachment (PED) or epiretinal membrane (ERM) is identified. Treatment may be considered.","{""scan_type"": ""B-scan"", ""scan_loc"": ""macula"", ""quality"": ""fair"", ""L1_loc_findings"": {""Fovea (<500um)"": {""VRI"": [""PVD""], ""Intraretinal-1"": [""IRF"", ""hemorrhage"", ""retinal thickening""], ""Intraretinal-2"": [""hyperreflective foci""], ""Outer retina-1"": [""SRF""], ""Outer retina-2"": [""EZ disruption""], ""Choroid"": []}}, ""L2"": ""abnormal"", ""L1_neg"": [""no PED"", ""no ERM""], ""L3_mgmt"": ""treatment"", ""caption"": ""Image quality is limited but adequate for evaluation. At the vitreoretinal interface, posterior vitreous detachment (PVD) is observed. In the inner retina, intraretinal fluid (IRF), retinal hemorrhage, retinal thickening, and hyperreflective foci are observed. In the outer retina, subretinal fluid (SRF) and ellipsoid zone (EZ) disruption are observed. No pigment epithelial detachment (PED) or epiretinal membrane (ERM) is identified. Treatment may be considered."", ""_meta"": {""image"": ""BRVO_019.png"", ""annotator"": ""GT"", ""saved_at"": ""2026-09-03T00:40:49.915758""}}"
BRVO_020.png,GT,2026-09-03T00:41:18.688651,B-scan,macula,good,,IRF; hemorrhage; retinal thickening; hyperreflective foci,EZ disruption,choroidal thinning,no SRF; no PED; no ERM,abnormal,treatment,"Image quality is sufficient for evaluation. In the inner retina, intraretinal fluid (IRF), retinal hemorrhage, retinal thickening, and hyperreflective foci are observed. In the outer retina, ellipsoid zone (EZ) disruption is observed. In the choroid, choroidal thinning is observed. No subretinal fluid (SRF), pigment epithelial detachment (PED), or epiretinal membrane (ERM) is identified. Treatment may be considered.","Image quality is sufficient for evaluation. In the inner retina, intraretinal fluid (IRF), retinal hemorrhage, retinal thickening, and hyperreflective foci are observed. In the outer retina, ellipsoid zone (EZ) disruption is observed. In the choroid, choroidal thinning is observed. No subretinal fluid (SRF), pigment epithelial detachment (PED), or epiretinal membrane (ERM) is identified. Treatment may be considered.","{""scan_type"": ""B-scan"", ""scan_loc"": ""macula"", ""quality"": ""good"", ""L1_loc_findings"": {""Fovea (<500um)"": {""VRI"": [], ""Intraretinal-1"": [""IRF"", ""hemorrhage"", ""retinal thickening""], ""Intraretinal-2"": [""hyperreflective foci""], ""Outer retina-1"": [], ""Outer retina-2"": [""EZ disruption""], ""Choroid"": [""choroidal thinning""]}}, ""L2"": ""abnormal"", ""L1_neg"": [""no SRF"", ""no PED"", ""no ERM""], ""L3_mgmt"": ""treatment"", ""caption"": ""Image quality is sufficient for evaluation. In the inner retina, intraretinal fluid (IRF), retinal hemorrhage, retinal thickening, and hyperreflective foci are observed. In the outer retina, ellipsoid zone (EZ) disruption is observed. In the choroid, choroidal thinning is observed. No subretinal fluid (SRF), pigment epithelial detachment (PED), or epiretinal membrane (ERM) is identified. Treatment may be considered."", ""_meta"": {""image"": ""BRVO_020.png"", ""annotator"": ""GT"", ""saved_at"": ""2026-09-03T00:41:18.688651""}}"
BRVO_021.png,GT,2026-09-03T00:41:48.370183,B-scan,macula,fair,,IRF; retinal thickening; hyperreflective foci,SRF; subretinal hemorrhage; EZ disruption,choroidal thickening,no PED; no ERM,abnormal,treatment,"Image quality is limited but adequate for evaluation. In the inner retina, intraretinal fluid (IRF), retinal thickening, and hyperreflective foci are observed. In the outer retina, subretinal fluid (SRF), subretinal hemorrhage, and ellipsoid zone (EZ) disruption are observed. In the choroid, choroidal thickening is observed. No pigment epithelial detachment (PED) or epiretinal membrane (ERM) is identified. Treatment may be considered.","Image quality is limited but adequate for evaluation. In the inner retina, intraretinal fluid (IRF), retinal thickening, and hyperreflective foci are observed. In the outer retina, subretinal fluid (SRF), subretinal hemorrhage, and ellipsoid zone (EZ) disruption are observed. In the choroid, choroidal thickening is observed. No pigment epithelial detachment (PED) or epiretinal membrane (ERM) is identified. Treatment may be considered.","{""scan_type"": ""B-scan"", ""scan_loc"": ""macula"", ""quality"": ""fair"", ""L1_loc_findings"": {""Fovea (<500um)"": {""VRI"": [], ""Intraretinal-1"": [""IRF"", ""retinal thickening""], ""Intraretinal-2"": [""hyperreflective foci""], ""Outer retina-1"": [""SRF"", ""subretinal hemorrhage""], ""Outer retina-2"": [""EZ disruption""], ""Choroid"": [""choroidal thickening""]}}, ""L2"": ""abnormal"", ""L1_neg"": [""no PED"", ""no ERM""], ""L3_mgmt"": ""treatment"", ""caption"": ""Image quality is limited but adequate for evaluation. In the inner retina, intraretinal fluid (IRF), retinal thickening, and hyperreflective foci are observed. In the outer retina, subretinal fluid (SRF), subretinal hemorrhage, and ellipsoid zone (EZ) disruption are observed. In the choroid, choroidal thickening is observed. No pigment epithelial detachment (PED) or epiretinal membrane (ERM) is identified. Treatment may be considered."", ""_meta"": {""image"": ""BRVO_021.png"", ""annotator"": ""GT"", ""saved_at"": ""2026-09-03T00:41:48.370183""}}"
BRVO_022.png,GT,2026-09-03T00:42:27.944662,B-scan,macula,poor,,IRF; hemorrhage; retinal thickening; hyperreflective foci,subretinal hemorrhage; EZ disruption,,no SRF; no PED; no ERM,abnormal,treatment,"Image quality is poor; findings should be interpreted with caution. In the inner retina, intraretinal fluid (IRF), retinal hemorrhage, retinal thickening, and hyperreflective foci are observed. In the outer retina, subretinal hemorrhage and ellipsoid zone (EZ) disruption are observed. No subretinal fluid (SRF), pigment epithelial detachment (PED), or epiretinal membrane (ERM) is identified. Treatment may be considered.","Image quality is poor; findings should be interpreted with caution. In the inner retina, intraretinal fluid (IRF), retinal hemorrhage, retinal thickening, and hyperreflective foci are observed. In the outer retina, subretinal hemorrhage and ellipsoid zone (EZ) disruption are observed. No subretinal fluid (SRF), pigment epithelial detachment (PED), or epiretinal membrane (ERM) is identified. Treatment may be considered.","{""scan_type"": ""B-scan"", ""scan_loc"": ""macula"", ""quality"": ""poor"", ""L1_loc_findings"": {""Fovea (<500um)"": {""VRI"": [], ""Intraretinal-1"": [""IRF"", ""hemorrhage"", ""retinal thickening""], ""Intraretinal-2"": [""hyperreflective foci""], ""Outer retina-1"": [""subretinal hemorrhage""], ""Outer retina-2"": [""EZ disruption""], ""Choroid"": []}}, ""L2"": ""abnormal"", ""L1_neg"": [""no SRF"", ""no PED"", ""no ERM""], ""L3_mgmt"": ""treatment"", ""caption"": ""Image quality is poor; findings should be interpreted with caution. In the inner retina, intraretinal fluid (IRF), retinal hemorrhage, retinal thickening, and hyperreflective foci are observed. In the outer retina, subretinal hemorrhage and ellipsoid zone (EZ) disruption are observed. No subretinal fluid (SRF), pigment epithelial detachment (PED), or epiretinal membrane (ERM) is identified. Treatment may be considered."", ""_meta"": {""image"": ""BRVO_022.png"", ""annotator"": ""GT"", ""saved_at"": ""2026-09-03T00:42:27.944662""}}"
BRVO_024.png,GT,2026-09-03T00:42:57.869805,B-scan,macula,good,,IRF; hemorrhage; retinal thickening; hyperreflective foci,SRF; subretinal hemorrhage; EZ disruption,choroidal thinning,no PED; no ERM,abnormal,treatment,"Image quality is sufficient for evaluation. In the inner retina, intraretinal fluid (IRF), retinal hemorrhage, retinal thickening, and hyperreflective foci are observed. In the outer retina, subretinal fluid (SRF), subretinal hemorrhage, and ellipsoid zone (EZ) disruption are observed. In the choroid, choroidal thinning is observed. No pigment epithelial detachment (PED) or epiretinal membrane (ERM) is identified. Treatment may be considered.","Image quality is sufficient for evaluation. In the inner retina, intraretinal fluid (IRF), retinal hemorrhage, retinal thickening, and hyperreflective foci are observed. In the outer retina, subretinal fluid (SRF), subretinal hemorrhage, and ellipsoid zone (EZ) disruption are observed. In the choroid, choroidal thinning is observed. No pigment epithelial detachment (PED) or epiretinal membrane (ERM) is identified. Treatment may be considered.","{""scan_type"": ""B-scan"", ""scan_loc"": ""macula"", ""quality"": ""good"", ""L1_loc_findings"": {""Fovea (<500um)"": {""VRI"": [], ""Intraretinal-1"": [""IRF"", ""hemorrhage"", ""retinal thickening""], ""Intraretinal-2"": [""hyperreflective foci""], ""Outer retina-1"": [""SRF"", ""subretinal hemorrhage""], ""Outer retina-2"": [""EZ disruption""], ""Choroid"": [""choroidal thinning""]}}, ""L2"": ""abnormal"", ""L1_neg"": [""no PED"", ""no ERM""], ""L3_mgmt"": ""treatment"", ""caption"": ""Image quality is sufficient for evaluation. In the inner retina, intraretinal fluid (IRF), retinal hemorrhage, retinal thickening, and hyperreflective foci are observed. In the outer retina, subretinal fluid (SRF), subretinal hemorrhage, and ellipsoid zone (EZ) disruption are observed. In the choroid, choroidal thinning is observed. No pigment epithelial detachment (PED) or epiretinal membrane (ERM) is identified. Treatment may be considered."", ""_meta"": {""image"": ""BRVO_024.png"", ""annotator"": ""GT"", ""saved_at"": ""2026-09-03T00:42:57.869805""}}"
BRVO_025.png,GT,2026-09-03T00:43:21.663544,B-scan,macula,good,PVD,IRF; retinal thickening; hyperreflective foci,SRF,choroidal thinning,no PED; EZ intact; no ERM,abnormal,treatment,"Image quality is sufficient for evaluation. At the vitreoretinal interface, posterior vitreous detachment (PVD) is observed. In the inner retina, intraretinal fluid (IRF), retinal thickening, and hyperreflective foci are observed. In the outer retina, subretinal fluid (SRF) is observed. In the choroid, choroidal thinning is observed. No pigment epithelial detachment (PED), ellipsoid zone (EZ) disruption, or epiretinal membrane (ERM) is identified. Treatment may be considered.","Image quality is sufficient for evaluation. At the vitreoretinal interface, posterior vitreous detachment (PVD) is observed. In the inner retina, intraretinal fluid (IRF), retinal thickening, and hyperreflective foci are observed. In the outer retina, subretinal fluid (SRF) is observed. In the choroid, choroidal thinning is observed. No pigment epithelial detachment (PED), ellipsoid zone (EZ) disruption, or epiretinal membrane (ERM) is identified. Treatment may be considered.","{""scan_type"": ""B-scan"", ""scan_loc"": ""macula"", ""quality"": ""good"", ""L1_loc_findings"": {""Fovea (<500um)"": {""VRI"": [""PVD""], ""Intraretinal-1"": [""IRF"", ""retinal thickening""], ""Intraretinal-2"": [""hyperreflective foci""], ""Outer retina-1"": [""SRF""], ""Outer retina-2"": [], ""Choroid"": [""choroidal thinning""]}}, ""L2"": ""abnormal"", ""L1_neg"": [""no PED"", ""EZ intact"", ""no ERM""], ""L3_mgmt"": ""treatment"", ""caption"": ""Image quality is sufficient for evaluation. At the vitreoretinal interface, posterior vitreous detachment (PVD) is observed. In the inner retina, intraretinal fluid (IRF), retinal thickening, and hyperreflective foci are observed. In the outer retina, subretinal fluid (SRF) is observed. In the choroid, choroidal thinning is observed. No pigment epithelial detachment (PED), ellipsoid zone (EZ) disruption, or epiretinal membrane (ERM) is identified. Treatment may be considered."", ""_meta"": {""image"": ""BRVO_025.png"", ""annotator"": ""GT"", ""saved_at"": ""2026-09-03T00:43:21.663544""}}"
BRVO_026.png,GT,2026-09-03T00:43:53.659001,B-scan,macula,good,,IRF; hemorrhage; retinal thickening; hyperreflective foci,subretinal hemorrhage; EZ disruption,,no SRF; no PED; no ERM,abnormal,treatment,"Image quality is sufficient for evaluation. In the inner retina, intraretinal fluid (IRF), retinal hemorrhage, retinal thickening, and hyperreflective foci are observed. In the outer retina, subretinal hemorrhage and ellipsoid zone (EZ) disruption are observed. No subretinal fluid (SRF), pigment epithelial detachment (PED), or epiretinal membrane (ERM) is identified. Treatment may be considered.","Image quality is sufficient for evaluation. In the inner retina, intraretinal fluid (IRF), retinal hemorrhage, retinal thickening, and hyperreflective foci are observed. In the outer retina, subretinal hemorrhage and ellipsoid zone (EZ) disruption are observed. No subretinal fluid (SRF), pigment epithelial detachment (PED), or epiretinal membrane (ERM) is identified. Treatment may be considered.","{""scan_type"": ""B-scan"", ""scan_loc"": ""macula"", ""quality"": ""good"", ""L1_loc_findings"": {""Fovea (<500um)"": {""VRI"": [], ""Intraretinal-1"": [""IRF"", ""hemorrhage"", ""retinal thickening""], ""Intraretinal-2"": [""hyperreflective foci""], ""Outer retina-1"": [""subretinal hemorrhage""], ""Outer retina-2"": [""EZ disruption""], ""Choroid"": []}}, ""L2"": ""abnormal"", ""L1_neg"": [""no SRF"", ""no PED"", ""no ERM""], ""L3_mgmt"": ""treatment"", ""caption"": ""Image quality is sufficient for evaluation. In the inner retina, intraretinal fluid (IRF), retinal hemorrhage, retinal thickening, and hyperreflective foci are observed. In the outer retina, subretinal hemorrhage and ellipsoid zone (EZ) disruption are observed. No subretinal fluid (SRF), pigment epithelial detachment (PED), or epiretinal membrane (ERM) is identified. Treatment may be considered."", ""_meta"": {""image"": ""BRVO_026.png"", ""annotator"": ""GT"", ""saved_at"": ""2026-09-03T00:43:53.659001""}}"
BRVO_027.png,GT,2026-09-03T00:44:00.757671,,,good,,IRF; retinal thickening; hyperreflective foci,serous PED,,no SRF; EZ intact; no ERM,abnormal,treatment,"Image quality is sufficient for evaluation. In the inner retina, intraretinal fluid (IRF), retinal thickening, and hyperreflective foci are observed. In the outer retina, serous pigment epithelial detachment (serous PED) is observed. No subretinal fluid (SRF), ellipsoid zone (EZ) disruption, or epiretinal membrane (ERM) is identified. Treatment may be considered.","Image quality is sufficient for evaluation. In the inner retina, intraretinal fluid (IRF), retinal thickening, and hyperreflective foci are observed. In the outer retina, serous pigment epithelial detachment (serous PED) is observed. No subretinal fluid (SRF), ellipsoid zone (EZ) disruption, or epiretinal membrane (ERM) is identified. Treatment may be considered.","{""scan_type"": """", ""scan_loc"": """", ""quality"": ""good"", ""L1_loc_findings"": {""Fovea (<500um)"": {""VRI"": [], ""Intraretinal-1"": [""IRF"", ""retinal thickening""], ""Intraretinal-2"": [""hyperreflective foci""], ""Outer retina-1"": [""serous PED""], ""Outer retina-2"": [], ""Choroid"": []}}, ""L2"": ""abnormal"", ""L1_neg"": [""no SRF"", ""EZ intact"", ""no ERM""], ""L3_mgmt"": ""treatment"", ""caption"": ""Image quality is sufficient for evaluation. In the inner retina, intraretinal fluid (IRF), retinal thickening, and hyperreflective foci are observed. In the outer retina, serous pigment epithelial detachment (serous PED) is observed. No subretinal fluid (SRF), ellipsoid zone (EZ) disruption, or epiretinal membrane (ERM) is identified. Treatment may be considered."", ""_meta"": {""image"": ""BRVO_027.png"", ""annotator"": ""GT"", ""saved_at"": ""2026-09-03T00:44:00.757671""}}"
BRVO_028.png,GT,2026-09-03T00:49:23.317212,,,fair,,IRF; retinal thickening; hyperreflective foci,SRF; EZ disruption,choroidal thinning,no PED; no ERM,abnormal,treatment,"Image quality is limited but adequate for evaluation. In the inner retina, intraretinal fluid (IRF), retinal thickening, and hyperreflective foci are observed. In the outer retina, subretinal fluid (SRF) and ellipsoid zone (EZ) disruption are observed. In the choroid, choroidal thinning is observed. No pigment epithelial detachment (PED) or epiretinal membrane (ERM) is identified. Treatment may be considered.","Image quality is limited but adequate for evaluation. In the inner retina, intraretinal fluid (IRF), retinal thickening, and hyperreflective foci are observed. In the outer retina, subretinal fluid (SRF) and ellipsoid zone (EZ) disruption are observed. In the choroid, choroidal thinning is observed. No pigment epithelial detachment (PED) or epiretinal membrane (ERM) is identified. Treatment may be considered.","{""scan_type"": """", ""scan_loc"": """", ""quality"": ""fair"", ""L1_loc_findings"": {""Fovea (<500um)"": {""VRI"": [], ""Intraretinal-1"": [""IRF"", ""retinal thickening""], ""Intraretinal-2"": [""hyperreflective foci""], ""Outer retina-1"": [""SRF""], ""Outer retina-2"": [""EZ disruption""], ""Choroid"": [""choroidal thinning""]}}, ""L2"": ""abnormal"", ""L1_neg"": [""no PED"", ""no ERM""], ""L3_mgmt"": ""treatment"", ""caption"": ""Image quality is limited but adequate for evaluation. In the inner retina, intraretinal fluid (IRF), retinal thickening, and hyperreflective foci are observed. In the outer retina, subretinal fluid (SRF) and ellipsoid zone (EZ) disruption are observed. In the choroid, choroidal thinning is observed. No pigment epithelial detachment (PED) or epiretinal membrane (ERM) is identified. Treatment may be considered."", ""_meta"": {""image"": ""BRVO_028.png"", ""annotator"": ""GT"", ""saved_at"": ""2026-09-03T00:49:23.317212""}}"
BRVO_029.png,GT,2026-09-03T00:45:06.587810,,,good,,hemorrhage; hyperreflective foci,,choroidal thinning,no SRF; no IRF; no PED; EZ intact; no ERM,abnormal,observation,"Image quality is sufficient for evaluation. In the inner retina, retinal hemorrhage and hyperreflective foci are observed. In the choroid, choroidal thinning is observed. No subretinal fluid (SRF), intraretinal fluid (IRF), pigment epithelial detachment (PED), ellipsoid zone (EZ) disruption, or epiretinal membrane (ERM) is identified. Observation is appropriate.","Image quality is sufficient for evaluation. In the inner retina, retinal hemorrhage and hyperreflective foci are observed. In the choroid, choroidal thinning is observed. No subretinal fluid (SRF), intraretinal fluid (IRF), pigment epithelial detachment (PED), ellipsoid zone (EZ) disruption, or epiretinal membrane (ERM) is identified. Observation is appropriate.","{""scan_type"": """", ""scan_loc"": """", ""quality"": ""good"", ""L1_loc_findings"": {""Fovea (<500um)"": {""VRI"": [], ""Intraretinal-1"": [""hemorrhage""], ""Intraretinal-2"": [""hyperreflective foci""], ""Outer retina-1"": [], ""Outer retina-2"": [], ""Choroid"": [""choroidal thinning""]}}, ""L2"": ""abnormal"", ""L1_neg"": [""no SRF"", ""no IRF"", ""no PED"", ""EZ intact"", ""no ERM""], ""L3_mgmt"": ""observation"", ""caption"": ""Image quality is sufficient for evaluation. In the inner retina, retinal hemorrhage and hyperreflective foci are observed. In the choroid, choroidal thinning is observed. No subretinal fluid (SRF), intraretinal fluid (IRF), pigment epithelial detachment (PED), ellipsoid zone (EZ) disruption, or epiretinal membrane (ERM) is identified. Observation is appropriate."", ""_meta"": {""image"": ""BRVO_029.png"", ""annotator"": ""GT"", ""saved_at"": ""2026-09-03T00:45:06.587810""}}"
BRVO_030.png,GT,2026-09-03T00:49:08.076812,,,good,,IRF; retinal thickening; hyperreflective foci,SRF; EZ disruption,,no PED; no ERM,abnormal,treatment,"Image quality is sufficient for evaluation. In the inner retina, intraretinal fluid (IRF), retinal thickening, and hyperreflective foci are observed. In the outer retina, subretinal fluid (SRF) and ellipsoid zone (EZ) disruption are observed. No pigment epithelial detachment (PED) or epiretinal membrane (ERM) is identified. Treatment may be considered.","Image quality is sufficient for evaluation. In the inner retina, intraretinal fluid (IRF), retinal thickening, and hyperreflective foci are observed. In the outer retina, subretinal fluid (SRF) and ellipsoid zone (EZ) disruption are observed. No pigment epithelial detachment (PED) or epiretinal membrane (ERM) is identified. Treatment may be considered.","{""scan_type"": """", ""scan_loc"": """", ""quality"": ""good"", ""L1_loc_findings"": {""Fovea (<500um)"": {""VRI"": [], ""Intraretinal-1"": [""IRF"", ""retinal thickening""], ""Intraretinal-2"": [""hyperreflective foci""], ""Outer retina-1"": [""SRF""], ""Outer retina-2"": [""EZ disruption""], ""Choroid"": []}}, ""L2"": ""abnormal"", ""L1_neg"": [""no PED"", ""no ERM""], ""L3_mgmt"": ""treatment"", ""caption"": ""Image quality is sufficient for evaluation. In the inner retina, intraretinal fluid (IRF), retinal thickening, and hyperreflective foci are observed. In the outer retina, subretinal fluid (SRF) and ellipsoid zone (EZ) disruption are observed. No pigment epithelial detachment (PED) or epiretinal membrane (ERM) is identified. Treatment may be considered."", ""_meta"": {""image"": ""BRVO_030.png"", ""annotator"": ""GT"", ""saved_at"": ""2026-09-03T00:49:08.076812""}}"
BRVO_032.png,GT,2026-09-03T00:46:16.588474,,,good,PVD,IRF; retinal thickening; hyperreflective foci; hard exudates,,,no SRF; no PED; EZ intact; no ERM,abnormal,observation,"Image quality is sufficient for evaluation. At the vitreoretinal interface, posterior vitreous detachment (PVD) is observed. In the inner retina, intraretinal fluid (IRF), retinal thickening, hyperreflective foci, and hard exudates are observed. No subretinal fluid (SRF), pigment epithelial detachment (PED), ellipsoid zone (EZ) disruption, or epiretinal membrane (ERM) is identified. Observation is appropriate.","Image quality is sufficient for evaluation. At the vitreoretinal interface, posterior vitreous detachment (PVD) is observed. In the inner retina, intraretinal fluid (IRF), retinal thickening, hyperreflective foci, and hard exudates are observed. No subretinal fluid (SRF), pigment epithelial detachment (PED), ellipsoid zone (EZ) disruption, or epiretinal membrane (ERM) is identified. Observation is appropriate.","{""scan_type"": """", ""scan_loc"": """", ""quality"": ""good"", ""L1_loc_findings"": {""Fovea (<500um)"": {""VRI"": [""PVD""], ""Intraretinal-1"": [""IRF"", ""retinal thickening""], ""Intraretinal-2"": [""hyperreflective foci"", ""hard exudates""], ""Outer retina-1"": [], ""Outer retina-2"": [], ""Choroid"": []}}, ""L2"": ""abnormal"", ""L1_neg"": [""no SRF"", ""no PED"", ""EZ intact"", ""no ERM""], ""L3_mgmt"": ""observation"", ""caption"": ""Image quality is sufficient for evaluation. At the vitreoretinal interface, posterior vitreous detachment (PVD) is observed. In the inner retina, intraretinal fluid (IRF), retinal thickening, hyperreflective foci, and hard exudates are observed. No subretinal fluid (SRF), pigment epithelial detachment (PED), ellipsoid zone (EZ) disruption, or epiretinal membrane (ERM) is identified. Observation is appropriate."", ""_meta"": {""image"": ""BRVO_032.png"", ""annotator"": ""GT"", ""saved_at"": ""2026-09-03T00:46:16.588474""}}"
BRVO_033.png,GT,2026-09-03T00:46:57.174929,,,fair,ERM,IRF; retinal thickening,EZ disruption,choroidal thickening,no SRF; no PED,abnormal,treatment,"Image quality is limited but adequate for evaluation. At the vitreoretinal interface, epiretinal membrane (ERM) is observed. In the inner retina, intraretinal fluid (IRF) and retinal thickening are observed. In the outer retina, ellipsoid zone (EZ) disruption is observed. In the choroid, choroidal thickening is observed. No subretinal fluid (SRF) or pigment epithelial detachment (PED) is identified. Treatment may be considered.","Image quality is limited but adequate for evaluation. At the vitreoretinal interface, epiretinal membrane (ERM) is observed. In the inner retina, intraretinal fluid (IRF) and retinal thickening are observed. In the outer retina, ellipsoid zone (EZ) disruption is observed. In the choroid, choroidal thickening is observed. No subretinal fluid (SRF) or pigment epithelial detachment (PED) is identified. Treatment may be considered.","{""scan_type"": """", ""scan_loc"": """", ""quality"": ""fair"", ""L1_loc_findings"": {""Fovea (<500um)"": {""VRI"": [""ERM""], ""Intraretinal-1"": [""IRF"", ""retinal thickening""], ""Intraretinal-2"": [], ""Outer retina-1"": [], ""Outer retina-2"": [""EZ disruption""], ""Choroid"": [""choroidal thickening""]}}, ""L2"": ""abnormal"", ""L1_neg"": [""no SRF"", ""no PED""], ""L3_mgmt"": ""treatment"", ""caption"": ""Image quality is limited but adequate for evaluation. At the vitreoretinal interface, epiretinal membrane (ERM) is observed. In the inner retina, intraretinal fluid (IRF) and retinal thickening are observed. In the outer retina, ellipsoid zone (EZ) disruption is observed. In the choroid, choroidal thickening is observed. No subretinal fluid (SRF) or pigment epithelial detachment (PED) is identified. Treatment may be considered."", ""_meta"": {""image"": ""BRVO_033.png"", ""annotator"": ""GT"", ""saved_at"": ""2026-09-03T00:46:57.174929""}}"
BRVO_035.png,GT,2026-09-03T00:48:21.874729,,,good,PVD,IRF; hemorrhage; retinal thickening; hyperreflective foci,SRF; EZ disruption,,no PED; no ERM,abnormal,treatment,"Image quality is sufficient for evaluation. At the vitreoretinal interface, posterior vitreous detachment (PVD) is observed. In the inner retina, intraretinal fluid (IRF), retinal hemorrhage, retinal thickening, and hyperreflective foci are observed. In the outer retina, subretinal fluid (SRF) and ellipsoid zone (EZ) disruption are observed. No pigment epithelial detachment (PED) or epiretinal membrane (ERM) is identified. Treatment may be considered.","Image quality is sufficient for evaluation. At the vitreoretinal interface, posterior vitreous detachment (PVD) is observed. In the inner retina, intraretinal fluid (IRF), retinal hemorrhage, retinal thickening, and hyperreflective foci are observed. In the outer retina, subretinal fluid (SRF) and ellipsoid zone (EZ) disruption are observed. No pigment epithelial detachment (PED) or epiretinal membrane (ERM) is identified. Treatment may be considered.","{""scan_type"": """", ""scan_loc"": """", ""quality"": ""good"", ""L1_loc_findings"": {""Fovea (<500um)"": {""VRI"": [""PVD""], ""Intraretinal-1"": [""IRF"", ""hemorrhage"", ""retinal thickening""], ""Intraretinal-2"": [""hyperreflective foci""], ""Outer retina-1"": [""SRF""], ""Outer retina-2"": [""EZ disruption""], ""Choroid"": []}}, ""L2"": ""abnormal"", ""L1_neg"": [""no PED"", ""no ERM""], ""L3_mgmt"": ""treatment"", ""caption"": ""Image quality is sufficient for evaluation. At the vitreoretinal interface, posterior vitreous detachment (PVD) is observed. In the inner retina, intraretinal fluid (IRF), retinal hemorrhage, retinal thickening, and hyperreflective foci are observed. In the outer retina, subretinal fluid (SRF) and ellipsoid zone (EZ) disruption are observed. No pigment epithelial detachment (PED) or epiretinal membrane (ERM) is identified. Treatment may be considered."", ""_meta"": {""image"": ""BRVO_035.png"", ""annotator"": ""GT"", ""saved_at"": ""2026-09-03T00:48:21.874729""}}"
BRVO_036.png,GT,2026-09-03T00:48:09.584081,,,good,PVD,hyperreflective foci,SRF; EZ disruption,,no IRF; no PED; no ERM,abnormal,treatment,"Image quality is sufficient for evaluation. At the vitreoretinal interface, posterior vitreous detachment (PVD) is observed. In the inner retina, hyperreflective foci is observed. In the outer retina, subretinal fluid (SRF) and ellipsoid zone (EZ) disruption are observed. No intraretinal fluid (IRF), pigment epithelial detachment (PED), or epiretinal membrane (ERM) is identified. Treatment may be considered.","Image quality is sufficient for evaluation. At the vitreoretinal interface, posterior vitreous detachment (PVD) is observed. In the inner retina, hyperreflective foci is observed. In the outer retina, subretinal fluid (SRF) and ellipsoid zone (EZ) disruption are observed. No intraretinal fluid (IRF), pigment epithelial detachment (PED), or epiretinal membrane (ERM) is identified. Treatment may be considered.","{""scan_type"": """", ""scan_loc"": """", ""quality"": ""good"", ""L1_loc_findings"": {""Fovea (<500um)"": {""VRI"": [""PVD""], ""Intraretinal-1"": [], ""Intraretinal-2"": [""hyperreflective foci""], ""Outer retina-1"": [""SRF""], ""Outer retina-2"": [""EZ disruption""], ""Choroid"": []}}, ""L2"": ""abnormal"", ""L1_neg"": [""no IRF"", ""no PED"", ""no ERM""], ""L3_mgmt"": ""treatment"", ""caption"": ""Image quality is sufficient for evaluation. At the vitreoretinal interface, posterior vitreous detachment (PVD) is observed. In the inner retina, hyperreflective foci is observed. In the outer retina, subretinal fluid (SRF) and ellipsoid zone (EZ) disruption are observed. No intraretinal fluid (IRF), pigment epithelial detachment (PED), or epiretinal membrane (ERM) is identified. Treatment may be considered."", ""_meta"": {""image"": ""BRVO_036.png"", ""annotator"": ""GT"", ""saved_at"": ""2026-09-03T00:48:09.584081""}}"
BRVO_037.png,GT,2026-09-03T00:52:08.989766,,,good,ERM,IRF; hemorrhage; retinal thickening; hyperreflective foci,SRF; subretinal hemorrhage; EZ disruption,choroidal thinning,no PED,abnormal,treatment,"Image quality is sufficient for evaluation. At the vitreoretinal interface, epiretinal membrane (ERM) is observed. In the inner retina, intraretinal fluid (IRF), retinal hemorrhage, retinal thickening, and hyperreflective foci are observed. In the outer retina, subretinal fluid (SRF), subretinal hemorrhage, and ellipsoid zone (EZ) disruption are observed. In the choroid, choroidal thinning is observed. No pigment epithelial detachment (PED) is identified. Treatment may be considered.","Image quality is sufficient for evaluation. At the vitreoretinal interface, epiretinal membrane (ERM) is observed. In the inner retina, intraretinal fluid (IRF), retinal hemorrhage, retinal thickening, and hyperreflective foci are observed. In the outer retina, subretinal fluid (SRF), subretinal hemorrhage, and ellipsoid zone (EZ) disruption are observed. In the choroid, choroidal thinning is observed. No pigment epithelial detachment (PED) is identified. Treatment may be considered.","{""scan_type"": """", ""scan_loc"": """", ""quality"": ""good"", ""L1_loc_findings"": {""Fovea (<500um)"": {""VRI"": [""ERM""], ""Intraretinal-1"": [""IRF"", ""hemorrhage"", ""retinal thickening""], ""Intraretinal-2"": [""hyperreflective foci""], ""Outer retina-1"": [""SRF"", ""subretinal hemorrhage""], ""Outer retina-2"": [""EZ disruption""], ""Choroid"": [""choroidal thinning""]}}, ""L2"": ""abnormal"", ""L1_neg"": [""no PED""], ""L3_mgmt"": ""treatment"", ""caption"": ""Image quality is sufficient for evaluation. At the vitreoretinal interface, epiretinal membrane (ERM) is observed. In the inner retina, intraretinal fluid (IRF), retinal hemorrhage, retinal thickening, and hyperreflective foci are observed. In the outer retina, subretinal fluid (SRF), subretinal hemorrhage, and ellipsoid zone (EZ) disruption are observed. In the choroid, choroidal thinning is observed. No pigment epithelial detachment (PED) is identified. Treatment may be considered."", ""_meta"": {""image"": ""BRVO_037.png"", ""annotator"": ""GT"", ""saved_at"": ""2026-09-03T00:52:08.989766""}}"
BRVO_038.png,GT,2026-09-03T10:09:31.818807,,,good,,IRF; retinal thickening; hyperreflective foci,,choroidal thinning,no SRF; no PED; EZ intact; no ERM,abnormal,treatment,"Image quality is sufficient for evaluation. In the inner retina, intraretinal fluid (IRF), retinal thickening, and hyperreflective foci are observed. In the choroid, choroidal thinning is observed. No subretinal fluid (SRF), pigment epithelial detachment (PED), ellipsoid zone (EZ) disruption, or epiretinal membrane (ERM) is identified. Treatment may be considered.","Image quality is sufficient for evaluation. In the inner retina, intraretinal fluid (IRF), retinal thickening, and hyperreflective foci are observed. In the choroid, choroidal thinning is observed. No subretinal fluid (SRF), pigment epithelial detachment (PED), ellipsoid zone (EZ) disruption, or epiretinal membrane (ERM) is identified. Treatment may be considered.","{""scan_type"": """", ""scan_loc"": """", ""quality"": ""good"", ""L1_loc_findings"": {""Fovea (<500um)"": {""VRI"": [], ""Intraretinal-1"": [""IRF"", ""retinal thickening""], ""Intraretinal-2"": [""hyperreflective foci""], ""Outer retina-1"": [], ""Outer retina-2"": [], ""Choroid"": [""choroidal thinning""]}}, ""L2"": ""abnormal"", ""L1_neg"": [""no SRF"", ""no PED"", ""EZ intact"", ""no ERM""], ""L3_mgmt"": ""treatment"", ""caption"": ""Image quality is sufficient for evaluation. In the inner retina, intraretinal fluid (IRF), retinal thickening, and hyperreflective foci are observed. In the choroid, choroidal thinning is observed. No subretinal fluid (SRF), pigment epithelial detachment (PED), ellipsoid zone (EZ) disruption, or epiretinal membrane (ERM) is identified. Treatment may be considered."", ""_meta"": {""image"": ""BRVO_038.png"", ""annotator"": ""GT"", ""saved_at"": ""2026-09-03T10:09:31.818807""}}"
BRVO_039.png,GT,2026-09-03T10:52:46.229704,,,good,PVD,IRF; hemorrhage; retinal thickening; hyperreflective foci,SRF; EZ disruption,choroidal thinning,no PED; no ERM,abnormal,treatment,"Image quality is sufficient for evaluation. At the vitreoretinal interface, posterior vitreous detachment (PVD) is observed. In the inner retina, intraretinal fluid (IRF), retinal hemorrhage, retinal thickening, and hyperreflective foci are observed. In the outer retina, subretinal fluid (SRF) and ellipsoid zone (EZ) disruption are observed. In the choroid, choroidal thinning is observed. No pigment epithelial detachment (PED) or epiretinal membrane (ERM) is identified. Treatment may be considered.","Image quality is sufficient for evaluation. At the vitreoretinal interface, posterior vitreous detachment (PVD) is observed. In the inner retina, intraretinal fluid (IRF), retinal hemorrhage, retinal thickening, and hyperreflective foci are observed. In the outer retina, subretinal fluid (SRF) and ellipsoid zone (EZ) disruption are observed. In the choroid, choroidal thinning is observed. No pigment epithelial detachment (PED) or epiretinal membrane (ERM) is identified. Treatment may be considered.","{""scan_type"": """", ""scan_loc"": """", ""quality"": ""good"", ""L1_loc_findings"": {""Fovea (<500um)"": {""VRI"": [""PVD""], ""Intraretinal-1"": [""IRF"", ""hemorrhage"", ""retinal thickening""], ""Intraretinal-2"": [""hyperreflective foci""], ""Outer retina-1"": [""SRF""], ""Outer retina-2"": [""EZ disruption""], ""Choroid"": [""choroidal thinning""]}}, ""L2"": ""abnormal"", ""L1_neg"": [""no PED"", ""no ERM""], ""L3_mgmt"": ""treatment"", ""caption"": ""Image quality is sufficient for evaluation. At the vitreoretinal interface, posterior vitreous detachment (PVD) is observed. In the inner retina, intraretinal fluid (IRF), retinal hemorrhage, retinal thickening, and hyperreflective foci are observed. In the outer retina, subretinal fluid (SRF) and ellipsoid zone (EZ) disruption are observed. In the choroid, choroidal thinning is observed. No pigment epithelial detachment (PED) or epiretinal membrane (ERM) is identified. Treatment may be considered."", ""_meta"": {""image"": ""BRVO_039.png"", ""annotator"": ""GT"", ""saved_at"": ""2026-09-03T10:52:46.229704""}}"
BRVO_040.png,GT,2026-09-03T10:52:57.005110,,,poor,,hemorrhage; retinal thickening; hyperreflective foci,SRF; EZ disruption,,no IRF; no PED; no ERM,abnormal,treatment,"Image quality is poor; findings should be interpreted with caution. In the inner retina, retinal hemorrhage, retinal thickening, and hyperreflective foci are observed. In the outer retina, subretinal fluid (SRF) and ellipsoid zone (EZ) disruption are observed. No intraretinal fluid (IRF), pigment epithelial detachment (PED), or epiretinal membrane (ERM) is identified. Treatment may be considered.","Image quality is poor; findings should be interpreted with caution. In the inner retina, retinal hemorrhage, retinal thickening, and hyperreflective foci are observed. In the outer retina, subretinal fluid (SRF) and ellipsoid zone (EZ) disruption are observed. No intraretinal fluid (IRF), pigment epithelial detachment (PED), or epiretinal membrane (ERM) is identified. Treatment may be considered.","{""scan_type"": """", ""scan_loc"": """", ""quality"": ""poor"", ""L1_loc_findings"": {""Fovea (<500um)"": {""VRI"": [], ""Intraretinal-1"": [""hemorrhage"", ""retinal thickening""], ""Intraretinal-2"": [""hyperreflective foci""], ""Outer retina-1"": [""SRF""], ""Outer retina-2"": [""EZ disruption""], ""Choroid"": []}}, ""L2"": ""abnormal"", ""L1_neg"": [""no IRF"", ""no PED"", ""no ERM""], ""L3_mgmt"": ""treatment"", ""caption"": ""Image quality is poor; findings should be interpreted with caution. In the inner retina, retinal hemorrhage, retinal thickening, and hyperreflective foci are observed. In the outer retina, subretinal fluid (SRF) and ellipsoid zone (EZ) disruption are observed. No intraretinal fluid (IRF), pigment epithelial detachment (PED), or epiretinal membrane (ERM) is identified. Treatment may be considered."", ""_meta"": {""image"": ""BRVO_040.png"", ""annotator"": ""GT"", ""saved_at"": ""2026-09-03T10:52:57.005110""}}"
BRVO_041.png,GT,2026-09-03T10:54:34.014220,,,poor,ERM,IRF; hemorrhage; retinal thickening; hyperreflective foci,SRF; subretinal hemorrhage; EZ disruption,,no PED,abnormal,treatment,"Image quality is poor; findings should be interpreted with caution. At the vitreoretinal interface, epiretinal membrane (ERM) is observed. In the inner retina, intraretinal fluid (IRF), retinal hemorrhage, retinal thickening, and hyperreflective foci are observed. In the outer retina, subretinal fluid (SRF), subretinal hemorrhage, and ellipsoid zone (EZ) disruption are observed. No pigment epithelial detachment (PED) is identified. Treatment may be considered.","Image quality is poor; findings should be interpreted with caution. At the vitreoretinal interface, epiretinal membrane (ERM) is observed. In the inner retina, intraretinal fluid (IRF), retinal hemorrhage, retinal thickening, and hyperreflective foci are observed. In the outer retina, subretinal fluid (SRF), subretinal hemorrhage, and ellipsoid zone (EZ) disruption are observed. No pigment epithelial detachment (PED) is identified. Treatment may be considered.","{""scan_type"": """", ""scan_loc"": """", ""quality"": ""poor"", ""L1_loc_findings"": {""Fovea (<500um)"": {""VRI"": [""ERM""], ""Intraretinal-1"": [""IRF"", ""hemorrhage"", ""retinal thickening""], ""Intraretinal-2"": [""hyperreflective foci""], ""Outer retina-1"": [""SRF"", ""subretinal hemorrhage""], ""Outer retina-2"": [""EZ disruption""], ""Choroid"": []}}, ""L2"": ""abnormal"", ""L1_neg"": [""no PED""], ""L3_mgmt"": ""treatment"", ""caption"": ""Image quality is poor; findings should be interpreted with caution. At the vitreoretinal interface, epiretinal membrane (ERM) is observed. In the inner retina, intraretinal fluid (IRF), retinal hemorrhage, retinal thickening, and hyperreflective foci are observed. In the outer retina, subretinal fluid (SRF), subretinal hemorrhage, and ellipsoid zone (EZ) disruption are observed. No pigment epithelial detachment (PED) is identified. Treatment may be considered."", ""_meta"": {""image"": ""BRVO_041.png"", ""annotator"": ""GT"", ""saved_at"": ""2026-09-03T10:54:34.014220""}}"
BRVO_042.png,GT,2026-09-03T10:55:08.862073,,,good,PVD; ERM,IRF; hemorrhage; retinal thickening; hyperreflective foci,SRF; subretinal hemorrhage; EZ disruption,,no PED,abnormal,treatment,"Image quality is sufficient for evaluation. At the vitreoretinal interface, posterior vitreous detachment (PVD) and epiretinal membrane (ERM) are observed. In the inner retina, intraretinal fluid (IRF), retinal hemorrhage, retinal thickening, and hyperreflective foci are observed. In the outer retina, subretinal fluid (SRF), subretinal hemorrhage, and ellipsoid zone (EZ) disruption are observed. No pigment epithelial detachment (PED) is identified. Treatment may be considered.","Image quality is sufficient for evaluation. At the vitreoretinal interface, posterior vitreous detachment (PVD) and epiretinal membrane (ERM) are observed. In the inner retina, intraretinal fluid (IRF), retinal hemorrhage, retinal thickening, and hyperreflective foci are observed. In the outer retina, subretinal fluid (SRF), subretinal hemorrhage, and ellipsoid zone (EZ) disruption are observed. No pigment epithelial detachment (PED) is identified. Treatment may be considered.","{""scan_type"": """", ""scan_loc"": """", ""quality"": ""good"", ""L1_loc_findings"": {""Fovea (<500um)"": {""VRI"": [""PVD"", ""ERM""], ""Intraretinal-1"": [""IRF"", ""hemorrhage"", ""retinal thickening""], ""Intraretinal-2"": [""hyperreflective foci""], ""Outer retina-1"": [""SRF"", ""subretinal hemorrhage""], ""Outer retina-2"": [""EZ disruption""], ""Choroid"": []}}, ""L2"": ""abnormal"", ""L1_neg"": [""no PED""], ""L3_mgmt"": ""treatment"", ""caption"": ""Image quality is sufficient for evaluation. At the vitreoretinal interface, posterior vitreous detachment (PVD) and epiretinal membrane (ERM) are observed. In the inner retina, intraretinal fluid (IRF), retinal hemorrhage, retinal thickening, and hyperreflective foci are observed. In the outer retina, subretinal fluid (SRF), subretinal hemorrhage, and ellipsoid zone (EZ) disruption are observed. No pigment epithelial detachment (PED) is identified. Treatment may be considered."", ""_meta"": {""image"": ""BRVO_042.png"", ""annotator"": ""GT"", ""saved_at"": ""2026-09-03T10:55:08.862073""}}"
BRVO_043.png,GT,2026-09-03T10:55:53.197684,,,good,PVD,IRF; hemorrhage; retinal thickening; hyperreflective foci,SRF,choroidal thinning,no PED; EZ intact; no ERM,abnormal,treatment,"Image quality is sufficient for evaluation. At the vitreoretinal interface, posterior vitreous detachment (PVD) is observed. In the inner retina, intraretinal fluid (IRF), retinal hemorrhage, retinal thickening, and hyperreflective foci are observed. In the outer retina, subretinal fluid (SRF) is observed. In the choroid, choroidal thinning is observed. No pigment epithelial detachment (PED), ellipsoid zone (EZ) disruption, or epiretinal membrane (ERM) is identified. Treatment may be considered.","Image quality is sufficient for evaluation. At the vitreoretinal interface, posterior vitreous detachment (PVD) is observed. In the inner retina, intraretinal fluid (IRF), retinal hemorrhage, retinal thickening, and hyperreflective foci are observed. In the outer retina, subretinal fluid (SRF) is observed. In the choroid, choroidal thinning is observed. No pigment epithelial detachment (PED), ellipsoid zone (EZ) disruption, or epiretinal membrane (ERM) is identified. Treatment may be considered.","{""scan_type"": """", ""scan_loc"": """", ""quality"": ""good"", ""L1_loc_findings"": {""Fovea (<500um)"": {""VRI"": [""PVD""], ""Intraretinal-1"": [""IRF"", ""hemorrhage"", ""retinal thickening""], ""Intraretinal-2"": [""hyperreflective foci""], ""Outer retina-1"": [""SRF""], ""Outer retina-2"": [], ""Choroid"": [""choroidal thinning""]}}, ""L2"": ""abnormal"", ""L1_neg"": [""no PED"", ""EZ intact"", ""no ERM""], ""L3_mgmt"": ""treatment"", ""caption"": ""Image quality is sufficient for evaluation. At the vitreoretinal interface, posterior vitreous detachment (PVD) is observed. In the inner retina, intraretinal fluid (IRF), retinal hemorrhage, retinal thickening, and hyperreflective foci are observed. In the outer retina, subretinal fluid (SRF) is observed. In the choroid, choroidal thinning is observed. No pigment epithelial detachment (PED), ellipsoid zone (EZ) disruption, or epiretinal membrane (ERM) is identified. Treatment may be considered."", ""_meta"": {""image"": ""BRVO_043.png"", ""annotator"": ""GT"", ""saved_at"": ""2026-09-03T10:55:53.197684""}}"
BRVO_044.png,GT,2026-09-03T10:56:13.015521,,,good,,IRF; hemorrhage; retinal thickening; hyperreflective foci,,choroidal thinning,no SRF; no PED; no ERM,abnormal,observation,"Image quality is sufficient for evaluation. In the inner retina, intraretinal fluid (IRF), retinal hemorrhage, retinal thickening, and hyperreflective foci are observed. In the choroid, choroidal thinning is observed. No subretinal fluid (SRF), pigment epithelial detachment (PED), or epiretinal membrane (ERM) is identified. Observation is appropriate.","Image quality is sufficient for evaluation. In the inner retina, intraretinal fluid (IRF), retinal hemorrhage, retinal thickening, and hyperreflective foci are observed. In the choroid, choroidal thinning is observed. No subretinal fluid (SRF), pigment epithelial detachment (PED), or epiretinal membrane (ERM) is identified. Observation is appropriate.","{""scan_type"": """", ""scan_loc"": """", ""quality"": ""good"", ""L1_loc_findings"": {""Fovea (<500um)"": {""VRI"": [], ""Intraretinal-1"": [""IRF"", ""hemorrhage"", ""retinal thickening""], ""Intraretinal-2"": [""hyperreflective foci""], ""Outer retina-1"": [], ""Outer retina-2"": [], ""Choroid"": [""choroidal thinning""]}}, ""L2"": ""abnormal"", ""L1_neg"": [""no SRF"", ""no PED"", ""no ERM""], ""L3_mgmt"": ""observation"", ""caption"": ""Image quality is sufficient for evaluation. In the inner retina, intraretinal fluid (IRF), retinal hemorrhage, retinal thickening, and hyperreflective foci are observed. In the choroid, choroidal thinning is observed. No subretinal fluid (SRF), pigment epithelial detachment (PED), or epiretinal membrane (ERM) is identified. Observation is appropriate."", ""_meta"": {""image"": ""BRVO_044.png"", ""annotator"": ""GT"", ""saved_at"": ""2026-09-03T10:56:13.015521""}}"
BRVO_045.png,GT,2026-09-03T10:56:46.347726,,,poor,,IRF; hemorrhage; retinal thickening; hyperreflective foci,EZ disruption,,no SRF; no PED; no ERM,abnormal,treatment,"Image quality is poor; findings should be interpreted with caution. In the inner retina, intraretinal fluid (IRF), retinal hemorrhage, retinal thickening, and hyperreflective foci are observed. In the outer retina, ellipsoid zone (EZ) disruption is observed. No subretinal fluid (SRF), pigment epithelial detachment (PED), or epiretinal membrane (ERM) is identified. Treatment may be considered.","Image quality is poor; findings should be interpreted with caution. In the inner retina, intraretinal fluid (IRF), retinal hemorrhage, retinal thickening, and hyperreflective foci are observed. In the outer retina, ellipsoid zone (EZ) disruption is observed. No subretinal fluid (SRF), pigment epithelial detachment (PED), or epiretinal membrane (ERM) is identified. Treatment may be considered.","{""scan_type"": """", ""scan_loc"": """", ""quality"": ""poor"", ""L1_loc_findings"": {""Fovea (<500um)"": {""VRI"": [], ""Intraretinal-1"": [""IRF"", ""hemorrhage"", ""retinal thickening""], ""Intraretinal-2"": [""hyperreflective foci""], ""Outer retina-1"": [], ""Outer retina-2"": [""EZ disruption""], ""Choroid"": []}}, ""L2"": ""abnormal"", ""L1_neg"": [""no SRF"", ""no PED"", ""no ERM""], ""L3_mgmt"": ""treatment"", ""caption"": ""Image quality is poor; findings should be interpreted with caution. In the inner retina, intraretinal fluid (IRF), retinal hemorrhage, retinal thickening, and hyperreflective foci are observed. In the outer retina, ellipsoid zone (EZ) disruption is observed. No subretinal fluid (SRF), pigment epithelial detachment (PED), or epiretinal membrane (ERM) is identified. Treatment may be considered."", ""_meta"": {""image"": ""BRVO_045.png"", ""annotator"": ""GT"", ""saved_at"": ""2026-09-03T10:56:46.347726""}}"
BRVO_046.png,GT,2026-09-03T10:58:07.365223,,,good,,IRF; hemorrhage; retinal thickening,SRF; EZ disruption,,no PED; no ERM,abnormal,treatment,"Image quality is sufficient for evaluation. In the inner retina, intraretinal fluid (IRF), retinal hemorrhage, and retinal thickening are observed. In the outer retina, subretinal fluid (SRF) and ellipsoid zone (EZ) disruption are observed. No pigment epithelial detachment (PED) or epiretinal membrane (ERM) is identified. Treatment may be considered.","Image quality is sufficient for evaluation. In the inner retina, intraretinal fluid (IRF), retinal hemorrhage, and retinal thickening are observed. In the outer retina, subretinal fluid (SRF) and ellipsoid zone (EZ) disruption are observed. No pigment epithelial detachment (PED) or epiretinal membrane (ERM) is identified. Treatment may be considered.","{""scan_type"": """", ""scan_loc"": """", ""quality"": ""good"", ""L1_loc_findings"": {""Fovea (<500um)"": {""VRI"": [], ""Intraretinal-1"": [""IRF"", ""hemorrhage"", ""retinal thickening""], ""Intraretinal-2"": [], ""Outer retina-1"": [""SRF""], ""Outer retina-2"": [""EZ disruption""], ""Choroid"": []}}, ""L2"": ""abnormal"", ""L1_neg"": [""no PED"", ""no ERM""], ""L3_mgmt"": ""treatment"", ""caption"": ""Image quality is sufficient for evaluation. In the inner retina, intraretinal fluid (IRF), retinal hemorrhage, and retinal thickening are observed. In the outer retina, subretinal fluid (SRF) and ellipsoid zone (EZ) disruption are observed. No pigment epithelial detachment (PED) or epiretinal membrane (ERM) is identified. Treatment may be considered."", ""_meta"": {""image"": ""BRVO_046.png"", ""annotator"": ""GT"", ""saved_at"": ""2026-09-03T10:58:07.365223""}}"
BRVO_047.png,GT,2026-09-03T10:59:16.383535,,,fair,,IRF; hemorrhage; retinal thickening; hyperreflective foci,SRF,choroidal thinning,no PED; EZ intact; no ERM,abnormal,treatment,"Image quality is limited but adequate for evaluation. In the inner retina, intraretinal fluid (IRF), retinal hemorrhage, retinal thickening, and hyperreflective foci are observed. In the outer retina, subretinal fluid (SRF) is observed. In the choroid, choroidal thinning is observed. No pigment epithelial detachment (PED), ellipsoid zone (EZ) disruption, or epiretinal membrane (ERM) is identified. Treatment may be considered.","Image quality is limited but adequate for evaluation. In the inner retina, intraretinal fluid (IRF), retinal hemorrhage, retinal thickening, and hyperreflective foci are observed. In the outer retina, subretinal fluid (SRF) is observed. In the choroid, choroidal thinning is observed. No pigment epithelial detachment (PED), ellipsoid zone (EZ) disruption, or epiretinal membrane (ERM) is identified. Treatment may be considered.","{""scan_type"": """", ""scan_loc"": """", ""quality"": ""fair"", ""L1_loc_findings"": {""Fovea (<500um)"": {""VRI"": [], ""Intraretinal-1"": [""IRF"", ""hemorrhage"", ""retinal thickening""], ""Intraretinal-2"": [""hyperreflective foci""], ""Outer retina-1"": [""SRF""], ""Outer retina-2"": [], ""Choroid"": [""choroidal thinning""]}}, ""L2"": ""abnormal"", ""L1_neg"": [""no PED"", ""EZ intact"", ""no ERM""], ""L3_mgmt"": ""treatment"", ""caption"": ""Image quality is limited but adequate for evaluation. In the inner retina, intraretinal fluid (IRF), retinal hemorrhage, retinal thickening, and hyperreflective foci are observed. In the outer retina, subretinal fluid (SRF) is observed. In the choroid, choroidal thinning is observed. No pigment epithelial detachment (PED), ellipsoid zone (EZ) disruption, or epiretinal membrane (ERM) is identified. Treatment may be considered."", ""_meta"": {""image"": ""BRVO_047.png"", ""annotator"": ""GT"", ""saved_at"": ""2026-09-03T10:59:16.383535""}}"
BRVO_048.png,GT,2026-09-03T11:00:18.379419,,,good,ERM,IRF; hemorrhage; retinal thickening; hyperreflective foci,SRF; EZ disruption,,no PED,abnormal,treatment,"Image quality is sufficient for evaluation. At the vitreoretinal interface, epiretinal membrane (ERM) is observed. In the inner retina, intraretinal fluid (IRF), retinal hemorrhage, retinal thickening, and hyperreflective foci are observed. In the outer retina, subretinal fluid (SRF) and ellipsoid zone (EZ) disruption are observed. No pigment epithelial detachment (PED) is identified. Treatment may be considered.","Image quality is sufficient for evaluation. At the vitreoretinal interface, epiretinal membrane (ERM) is observed. In the inner retina, intraretinal fluid (IRF), retinal hemorrhage, retinal thickening, and hyperreflective foci are observed. In the outer retina, subretinal fluid (SRF) and ellipsoid zone (EZ) disruption are observed. No pigment epithelial detachment (PED) is identified. Treatment may be considered.","{""scan_type"": """", ""scan_loc"": """", ""quality"": ""good"", ""L1_loc_findings"": {""Fovea (<500um)"": {""VRI"": [""ERM""], ""Intraretinal-1"": [""IRF"", ""hemorrhage"", ""retinal thickening""], ""Intraretinal-2"": [""hyperreflective foci""], ""Outer retina-1"": [""SRF""], ""Outer retina-2"": [""EZ disruption""], ""Choroid"": []}}, ""L2"": ""abnormal"", ""L1_neg"": [""no PED""], ""L3_mgmt"": ""treatment"", ""caption"": ""Image quality is sufficient for evaluation. At the vitreoretinal interface, epiretinal membrane (ERM) is observed. In the inner retina, intraretinal fluid (IRF), retinal hemorrhage, retinal thickening, and hyperreflective foci are observed. In the outer retina, subretinal fluid (SRF) and ellipsoid zone (EZ) disruption are observed. No pigment epithelial detachment (PED) is identified. Treatment may be considered."", ""_meta"": {""image"": ""BRVO_048.png"", ""annotator"": ""GT"", ""saved_at"": ""2026-09-03T11:00:18.379419""}}"
BRVO_049.png,GT,2026-09-03T11:01:43.415635,,,good,,IRF; hemorrhage; retinal thickening; hyperreflective foci,,choroidal thickening,no SRF; no PED; EZ intact; no ERM,abnormal,treatment,"Image quality is sufficient for evaluation. In the inner retina, intraretinal fluid (IRF), retinal hemorrhage, retinal thickening, and hyperreflective foci are observed. In the choroid, choroidal thickening is observed. No subretinal fluid (SRF), pigment epithelial detachment (PED), ellipsoid zone (EZ) disruption, or epiretinal membrane (ERM) is identified. Treatment may be considered.","Image quality is sufficient for evaluation. In the inner retina, intraretinal fluid (IRF), retinal hemorrhage, retinal thickening, and hyperreflective foci are observed. In the choroid, choroidal thickening is observed. No subretinal fluid (SRF), pigment epithelial detachment (PED), ellipsoid zone (EZ) disruption, or epiretinal membrane (ERM) is identified. Treatment may be considered.","{""scan_type"": """", ""scan_loc"": """", ""quality"": ""good"", ""L1_loc_findings"": {""Fovea (<500um)"": {""VRI"": [], ""Intraretinal-1"": [""IRF"", ""hemorrhage"", ""retinal thickening""], ""Intraretinal-2"": [""hyperreflective foci""], ""Outer retina-1"": [], ""Outer retina-2"": [], ""Choroid"": [""choroidal thickening""]}}, ""L2"": ""abnormal"", ""L1_neg"": [""no SRF"", ""no PED"", ""EZ intact"", ""no ERM""], ""L3_mgmt"": ""treatment"", ""caption"": ""Image quality is sufficient for evaluation. In the inner retina, intraretinal fluid (IRF), retinal hemorrhage, retinal thickening, and hyperreflective foci are observed. In the choroid, choroidal thickening is observed. No subretinal fluid (SRF), pigment epithelial detachment (PED), ellipsoid zone (EZ) disruption, or epiretinal membrane (ERM) is identified. Treatment may be considered."", ""_meta"": {""image"": ""BRVO_049.png"", ""annotator"": ""GT"", ""saved_at"": ""2026-09-03T11:01:43.415635""}}"
BRVO_050.png,GT,2026-09-03T11:02:10.732292,,,good,,IRF; retinal thickening; hyperreflective foci,SRF; subretinal hemorrhage; EZ disruption,,no PED; no ERM,abnormal,treatment,"Image quality is sufficient for evaluation. In the inner retina, intraretinal fluid (IRF), retinal thickening, and hyperreflective foci are observed. In the outer retina, subretinal fluid (SRF), subretinal hemorrhage, and ellipsoid zone (EZ) disruption are observed. No pigment epithelial detachment (PED) or epiretinal membrane (ERM) is identified. Treatment may be considered.","Image quality is sufficient for evaluation. In the inner retina, intraretinal fluid (IRF), retinal thickening, and hyperreflective foci are observed. In the outer retina, subretinal fluid (SRF), subretinal hemorrhage, and ellipsoid zone (EZ) disruption are observed. No pigment epithelial detachment (PED) or epiretinal membrane (ERM) is identified. Treatment may be considered.","{""scan_type"": """", ""scan_loc"": """", ""quality"": ""good"", ""L1_loc_findings"": {""Fovea (<500um)"": {""VRI"": [], ""Intraretinal-1"": [""IRF"", ""retinal thickening""], ""Intraretinal-2"": [""hyperreflective foci""], ""Outer retina-1"": [""SRF"", ""subretinal hemorrhage""], ""Outer retina-2"": [""EZ disruption""], ""Choroid"": []}}, ""L2"": ""abnormal"", ""L1_neg"": [""no PED"", ""no ERM""], ""L3_mgmt"": ""treatment"", ""caption"": ""Image quality is sufficient for evaluation. In the inner retina, intraretinal fluid (IRF), retinal thickening, and hyperreflective foci are observed. In the outer retina, subretinal fluid (SRF), subretinal hemorrhage, and ellipsoid zone (EZ) disruption are observed. No pigment epithelial detachment (PED) or epiretinal membrane (ERM) is identified. Treatment may be considered."", ""_meta"": {""image"": ""BRVO_050.png"", ""annotator"": ""GT"", ""saved_at"": ""2026-09-03T11:02:10.732292""}}"
BRVO_051.png,GT,2026-09-03T11:02:54.880377,,,poor,PVD,IRF; hemorrhage; retinal thickening; hyperreflective foci,SRF; subretinal hemorrhage; EZ disruption,,no PED; no ERM,abnormal,treatment,"Image quality is poor; findings should be interpreted with caution. At the vitreoretinal interface, posterior vitreous detachment (PVD) is observed. In the inner retina, intraretinal fluid (IRF), retinal hemorrhage, retinal thickening, and hyperreflective foci are observed. In the outer retina, subretinal fluid (SRF), subretinal hemorrhage, and ellipsoid zone (EZ) disruption are observed. No pigment epithelial detachment (PED) or epiretinal membrane (ERM) is identified. Treatment may be considered.","Image quality is poor; findings should be interpreted with caution. At the vitreoretinal interface, posterior vitreous detachment (PVD) is observed. In the inner retina, intraretinal fluid (IRF), retinal hemorrhage, retinal thickening, and hyperreflective foci are observed. In the outer retina, subretinal fluid (SRF), subretinal hemorrhage, and ellipsoid zone (EZ) disruption are observed. No pigment epithelial detachment (PED) or epiretinal membrane (ERM) is identified. Treatment may be considered.","{""scan_type"": """", ""scan_loc"": """", ""quality"": ""poor"", ""L1_loc_findings"": {""Fovea (<500um)"": {""VRI"": [""PVD""], ""Intraretinal-1"": [""IRF"", ""hemorrhage"", ""retinal thickening""], ""Intraretinal-2"": [""hyperreflective foci""], ""Outer retina-1"": [""SRF"", ""subretinal hemorrhage""], ""Outer retina-2"": [""EZ disruption""], ""Choroid"": []}}, ""L2"": ""abnormal"", ""L1_neg"": [""no PED"", ""no ERM""], ""L3_mgmt"": ""treatment"", ""caption"": ""Image quality is poor; findings should be interpreted with caution. At the vitreoretinal interface, posterior vitreous detachment (PVD) is observed. In the inner retina, intraretinal fluid (IRF), retinal hemorrhage, retinal thickening, and hyperreflective foci are observed. In the outer retina, subretinal fluid (SRF), subretinal hemorrhage, and ellipsoid zone (EZ) disruption are observed. No pigment epithelial detachment (PED) or epiretinal membrane (ERM) is identified. Treatment may be considered."", ""_meta"": {""image"": ""BRVO_051.png"", ""annotator"": ""GT"", ""saved_at"": ""2026-09-03T11:02:54.880377""}}"
BRVO_052.png,GT,2026-09-03T11:04:09.676882,,,poor,,IRF; hemorrhage; retinal thickening; hyperreflective foci,subretinal hemorrhage; EZ disruption,choroidal thinning,no SRF; no PED; no ERM,abnormal,treatment,"Image quality is poor; findings should be interpreted with caution. In the inner retina, intraretinal fluid (IRF), retinal hemorrhage, retinal thickening, and hyperreflective foci are observed. In the outer retina, subretinal hemorrhage and ellipsoid zone (EZ) disruption are observed. In the choroid, choroidal thinning is observed. No subretinal fluid (SRF), pigment epithelial detachment (PED), or epiretinal membrane (ERM) is identified. Treatment may be considered.","Image quality is poor; findings should be interpreted with caution. In the inner retina, intraretinal fluid (IRF), retinal hemorrhage, retinal thickening, and hyperreflective foci are observed. In the outer retina, subretinal hemorrhage and ellipsoid zone (EZ) disruption are observed. In the choroid, choroidal thinning is observed. No subretinal fluid (SRF), pigment epithelial detachment (PED), or epiretinal membrane (ERM) is identified. Treatment may be considered.","{""scan_type"": """", ""scan_loc"": """", ""quality"": ""poor"", ""L1_loc_findings"": {""Fovea (<500um)"": {""VRI"": [], ""Intraretinal-1"": [""IRF"", ""hemorrhage"", ""retinal thickening""], ""Intraretinal-2"": [""hyperreflective foci""], ""Outer retina-1"": [""subretinal hemorrhage""], ""Outer retina-2"": [""EZ disruption""], ""Choroid"": [""choroidal thinning""]}}, ""L2"": ""abnormal"", ""L1_neg"": [""no SRF"", ""no PED"", ""no ERM""], ""L3_mgmt"": ""treatment"", ""caption"": ""Image quality is poor; findings should be interpreted with caution. In the inner retina, intraretinal fluid (IRF), retinal hemorrhage, retinal thickening, and hyperreflective foci are observed. In the outer retina, subretinal hemorrhage and ellipsoid zone (EZ) disruption are observed. In the choroid, choroidal thinning is observed. No subretinal fluid (SRF), pigment epithelial detachment (PED), or epiretinal membrane (ERM) is identified. Treatment may be considered."", ""_meta"": {""image"": ""BRVO_052.png"", ""annotator"": ""GT"", ""saved_at"": ""2026-09-03T11:04:09.676882""}}"
BRVO_053.png,GT,2026-09-03T11:04:37.609658,,,good,,IRF; hemorrhage; retinal thickening,,choroidal thinning,no SRF; no PED; EZ intact; no ERM,abnormal,observation,"Image quality is sufficient for evaluation. In the inner retina, intraretinal fluid (IRF), retinal hemorrhage, and retinal thickening are observed. In the choroid, choroidal thinning is observed. No subretinal fluid (SRF), pigment epithelial detachment (PED), ellipsoid zone (EZ) disruption, or epiretinal membrane (ERM) is identified. Observation is appropriate.","Image quality is sufficient for evaluation. In the inner retina, intraretinal fluid (IRF), retinal hemorrhage, and retinal thickening are observed. In the choroid, choroidal thinning is observed. No subretinal fluid (SRF), pigment epithelial detachment (PED), ellipsoid zone (EZ) disruption, or epiretinal membrane (ERM) is identified. Observation is appropriate.","{""scan_type"": """", ""scan_loc"": """", ""quality"": ""good"", ""L1_loc_findings"": {""Fovea (<500um)"": {""VRI"": [], ""Intraretinal-1"": [""IRF"", ""hemorrhage"", ""retinal thickening""], ""Intraretinal-2"": [], ""Outer retina-1"": [], ""Outer retina-2"": [], ""Choroid"": [""choroidal thinning""]}}, ""L2"": ""abnormal"", ""L1_neg"": [""no SRF"", ""no PED"", ""EZ intact"", ""no ERM""], ""L3_mgmt"": ""observation"", ""caption"": ""Image quality is sufficient for evaluation. In the inner retina, intraretinal fluid (IRF), retinal hemorrhage, and retinal thickening are observed. In the choroid, choroidal thinning is observed. No subretinal fluid (SRF), pigment epithelial detachment (PED), ellipsoid zone (EZ) disruption, or epiretinal membrane (ERM) is identified. Observation is appropriate."", ""_meta"": {""image"": ""BRVO_053.png"", ""annotator"": ""GT"", ""saved_at"": ""2026-09-03T11:04:37.609658""}}"
BRVO_054.png,GT,2026-09-03T11:09:05.476829,,,good,ERM,IRF; hemorrhage; retinal thickening; hyperreflective foci,subretinal hemorrhage,,no SRF; no PED; EZ intact,abnormal,treatment,"Image quality is sufficient for evaluation. At the vitreoretinal interface, epiretinal membrane (ERM) is observed. In the inner retina, intraretinal fluid (IRF), retinal hemorrhage, retinal thickening, and hyperreflective foci are observed. In the outer retina, subretinal hemorrhage is observed. No subretinal fluid (SRF), pigment epithelial detachment (PED), or ellipsoid zone (EZ) disruption is identified. Treatment may be considered.","Image quality is sufficient for evaluation. At the vitreoretinal interface, epiretinal membrane (ERM) is observed. In the inner retina, intraretinal fluid (IRF), retinal hemorrhage, retinal thickening, and hyperreflective foci are observed. In the outer retina, subretinal hemorrhage is observed. No subretinal fluid (SRF), pigment epithelial detachment (PED), or ellipsoid zone (EZ) disruption is identified. Treatment may be considered.","{""scan_type"": """", ""scan_loc"": """", ""quality"": ""good"", ""L1_loc_findings"": {""Fovea (<500um)"": {""VRI"": [""ERM""], ""Intraretinal-1"": [""IRF"", ""hemorrhage"", ""retinal thickening""], ""Intraretinal-2"": [""hyperreflective foci""], ""Outer retina-1"": [""subretinal hemorrhage""], ""Outer retina-2"": [], ""Choroid"": []}}, ""L2"": ""abnormal"", ""L1_neg"": [""no SRF"", ""no PED"", ""EZ intact""], ""L3_mgmt"": ""treatment"", ""caption"": ""Image quality is sufficient for evaluation. At the vitreoretinal interface, epiretinal membrane (ERM) is observed. In the inner retina, intraretinal fluid (IRF), retinal hemorrhage, retinal thickening, and hyperreflective foci are observed. In the outer retina, subretinal hemorrhage is observed. No subretinal fluid (SRF), pigment epithelial detachment (PED), or ellipsoid zone (EZ) disruption is identified. Treatment may be considered."", ""_meta"": {""image"": ""BRVO_054.png"", ""annotator"": ""GT"", ""saved_at"": ""2026-09-03T11:09:05.476829""}}"
BRVO_055.png,GT,2026-09-03T11:09:35.882093,,,good,,IRF; hemorrhage; retinal thickening; hyperreflective foci,EZ disruption,,no SRF; no PED; no ERM,abnormal,treatment,"Image quality is sufficient for evaluation. In the inner retina, intraretinal fluid (IRF), retinal hemorrhage, retinal thickening, and hyperreflective foci are observed. In the outer retina, ellipsoid zone (EZ) disruption is observed. No subretinal fluid (SRF), pigment epithelial detachment (PED), or epiretinal membrane (ERM) is identified. Treatment may be considered.","Image quality is sufficient for evaluation. In the inner retina, intraretinal fluid (IRF), retinal hemorrhage, retinal thickening, and hyperreflective foci are observed. In the outer retina, ellipsoid zone (EZ) disruption is observed. No subretinal fluid (SRF), pigment epithelial detachment (PED), or epiretinal membrane (ERM) is identified. Treatment may be considered.","{""scan_type"": """", ""scan_loc"": """", ""quality"": ""good"", ""L1_loc_findings"": {""Fovea (<500um)"": {""VRI"": [], ""Intraretinal-1"": [""IRF"", ""hemorrhage"", ""retinal thickening""], ""Intraretinal-2"": [""hyperreflective foci""], ""Outer retina-1"": [], ""Outer retina-2"": [""EZ disruption""], ""Choroid"": []}}, ""L2"": ""abnormal"", ""L1_neg"": [""no SRF"", ""no PED"", ""no ERM""], ""L3_mgmt"": ""treatment"", ""caption"": ""Image quality is sufficient for evaluation. In the inner retina, intraretinal fluid (IRF), retinal hemorrhage, retinal thickening, and hyperreflective foci are observed. In the outer retina, ellipsoid zone (EZ) disruption is observed. No subretinal fluid (SRF), pigment epithelial detachment (PED), or epiretinal membrane (ERM) is identified. Treatment may be considered."", ""_meta"": {""image"": ""BRVO_055.png"", ""annotator"": ""GT"", ""saved_at"": ""2026-09-03T11:09:35.882093""}}"
BRVO_056.png,GT,2026-09-03T11:10:11.455270,,,good,ERM,IRF; retinal thickening; hyperreflective foci,SRF; subretinal hemorrhage; EZ disruption,,no PED,abnormal,treatment,"Image quality is sufficient for evaluation. At the vitreoretinal interface, epiretinal membrane (ERM) is observed. In the inner retina, intraretinal fluid (IRF), retinal thickening, and hyperreflective foci are observed. In the outer retina, subretinal fluid (SRF), subretinal hemorrhage, and ellipsoid zone (EZ) disruption are observed. No pigment epithelial detachment (PED) is identified. Treatment may be considered.","Image quality is sufficient for evaluation. At the vitreoretinal interface, epiretinal membrane (ERM) is observed. In the inner retina, intraretinal fluid (IRF), retinal thickening, and hyperreflective foci are observed. In the outer retina, subretinal fluid (SRF), subretinal hemorrhage, and ellipsoid zone (EZ) disruption are observed. No pigment epithelial detachment (PED) is identified. Treatment may be considered.","{""scan_type"": """", ""scan_loc"": """", ""quality"": ""good"", ""L1_loc_findings"": {""Fovea (<500um)"": {""VRI"": [""ERM""], ""Intraretinal-1"": [""IRF"", ""retinal thickening""], ""Intraretinal-2"": [""hyperreflective foci""], ""Outer retina-1"": [""SRF"", ""subretinal hemorrhage""], ""Outer retina-2"": [""EZ disruption""], ""Choroid"": []}}, ""L2"": ""abnormal"", ""L1_neg"": [""no PED""], ""L3_mgmt"": ""treatment"", ""caption"": ""Image quality is sufficient for evaluation. At the vitreoretinal interface, epiretinal membrane (ERM) is observed. In the inner retina, intraretinal fluid (IRF), retinal thickening, and hyperreflective foci are observed. In the outer retina, subretinal fluid (SRF), subretinal hemorrhage, and ellipsoid zone (EZ) disruption are observed. No pigment epithelial detachment (PED) is identified. Treatment may be considered."", ""_meta"": {""image"": ""BRVO_056.png"", ""annotator"": ""GT"", ""saved_at"": ""2026-09-03T11:10:11.455270""}}"
BRVO_057.png,GT,2026-09-03T11:10:50.300207,,,good,ERM,IRF; hemorrhage; retinal thickening,subretinal hemorrhage; EZ disruption,choroidal thinning,no SRF; no PED,abnormal,treatment,"Image quality is sufficient for evaluation. At the vitreoretinal interface, epiretinal membrane (ERM) is observed. In the inner retina, intraretinal fluid (IRF), retinal hemorrhage, and retinal thickening are observed. In the outer retina, subretinal hemorrhage and ellipsoid zone (EZ) disruption are observed. In the choroid, choroidal thinning is observed. No subretinal fluid (SRF) or pigment epithelial detachment (PED) is identified. Treatment may be considered.","Image quality is sufficient for evaluation. At the vitreoretinal interface, epiretinal membrane (ERM) is observed. In the inner retina, intraretinal fluid (IRF), retinal hemorrhage, and retinal thickening are observed. In the outer retina, subretinal hemorrhage and ellipsoid zone (EZ) disruption are observed. In the choroid, choroidal thinning is observed. No subretinal fluid (SRF) or pigment epithelial detachment (PED) is identified. Treatment may be considered.","{""scan_type"": """", ""scan_loc"": """", ""quality"": ""good"", ""L1_loc_findings"": {""Fovea (<500um)"": {""VRI"": [""ERM""], ""Intraretinal-1"": [""IRF"", ""hemorrhage"", ""retinal thickening""], ""Intraretinal-2"": [], ""Outer retina-1"": [""subretinal hemorrhage""], ""Outer retina-2"": [""EZ disruption""], ""Choroid"": [""choroidal thinning""]}}, ""L2"": ""abnormal"", ""L1_neg"": [""no SRF"", ""no PED""], ""L3_mgmt"": ""treatment"", ""caption"": ""Image quality is sufficient for evaluation. At the vitreoretinal interface, epiretinal membrane (ERM) is observed. In the inner retina, intraretinal fluid (IRF), retinal hemorrhage, and retinal thickening are observed. In the outer retina, subretinal hemorrhage and ellipsoid zone (EZ) disruption are observed. In the choroid, choroidal thinning is observed. No subretinal fluid (SRF) or pigment epithelial detachment (PED) is identified. Treatment may be considered."", ""_meta"": {""image"": ""BRVO_057.png"", ""annotator"": ""GT"", ""saved_at"": ""2026-09-03T11:10:50.300207""}}"
BRVO_058.png,GT,2026-09-03T11:11:19.187918,,,good,ERM,IRF; hemorrhage; retinal thickening; hyperreflective foci,subretinal hemorrhage; EZ disruption,,no SRF; no PED,abnormal,treatment,"Image quality is sufficient for evaluation. At the vitreoretinal interface, epiretinal membrane (ERM) is observed. In the inner retina, intraretinal fluid (IRF), retinal hemorrhage, retinal thickening, and hyperreflective foci are observed. In the outer retina, subretinal hemorrhage and ellipsoid zone (EZ) disruption are observed. No subretinal fluid (SRF) or pigment epithelial detachment (PED) is identified. Treatment may be considered.","Image quality is sufficient for evaluation. At the vitreoretinal interface, epiretinal membrane (ERM) is observed. In the inner retina, intraretinal fluid (IRF), retinal hemorrhage, retinal thickening, and hyperreflective foci are observed. In the outer retina, subretinal hemorrhage and ellipsoid zone (EZ) disruption are observed. No subretinal fluid (SRF) or pigment epithelial detachment (PED) is identified. Treatment may be considered.","{""scan_type"": """", ""scan_loc"": """", ""quality"": ""good"", ""L1_loc_findings"": {""Fovea (<500um)"": {""VRI"": [""ERM""], ""Intraretinal-1"": [""IRF"", ""hemorrhage"", ""retinal thickening""], ""Intraretinal-2"": [""hyperreflective foci""], ""Outer retina-1"": [""subretinal hemorrhage""], ""Outer retina-2"": [""EZ disruption""], ""Choroid"": []}}, ""L2"": ""abnormal"", ""L1_neg"": [""no SRF"", ""no PED""], ""L3_mgmt"": ""treatment"", ""caption"": ""Image quality is sufficient for evaluation. At the vitreoretinal interface, epiretinal membrane (ERM) is observed. In the inner retina, intraretinal fluid (IRF), retinal hemorrhage, retinal thickening, and hyperreflective foci are observed. In the outer retina, subretinal hemorrhage and ellipsoid zone (EZ) disruption are observed. No subretinal fluid (SRF) or pigment epithelial detachment (PED) is identified. Treatment may be considered."", ""_meta"": {""image"": ""BRVO_058.png"", ""annotator"": ""GT"", ""saved_at"": ""2026-09-03T11:11:19.187918""}}"
BRVO_059.png,GT,2026-09-03T11:12:19.708889,,,good,,IRF; hemorrhage; retinal thickening; hyperreflective foci,subretinal hemorrhage; EZ disruption,choroidal thinning,no SRF; no PED; no ERM,abnormal,treatment,"Image quality is sufficient for evaluation. In the inner retina, intraretinal fluid (IRF), retinal hemorrhage, retinal thickening, and hyperreflective foci are observed. In the outer retina, subretinal hemorrhage and ellipsoid zone (EZ) disruption are observed. In the choroid, choroidal thinning is observed. No subretinal fluid (SRF), pigment epithelial detachment (PED), or epiretinal membrane (ERM) is identified. Treatment may be considered.","Image quality is sufficient for evaluation. In the inner retina, intraretinal fluid (IRF), retinal hemorrhage, retinal thickening, and hyperreflective foci are observed. In the outer retina, subretinal hemorrhage and ellipsoid zone (EZ) disruption are observed. In the choroid, choroidal thinning is observed. No subretinal fluid (SRF), pigment epithelial detachment (PED), or epiretinal membrane (ERM) is identified. Treatment may be considered.","{""scan_type"": """", ""scan_loc"": """", ""quality"": ""good"", ""L1_loc_findings"": {""Fovea (<500um)"": {""VRI"": [], ""Intraretinal-1"": [""IRF"", ""hemorrhage"", ""retinal thickening""], ""Intraretinal-2"": [""hyperreflective foci""], ""Outer retina-1"": [""subretinal hemorrhage""], ""Outer retina-2"": [""EZ disruption""], ""Choroid"": [""choroidal thinning""]}}, ""L2"": ""abnormal"", ""L1_neg"": [""no SRF"", ""no PED"", ""no ERM""], ""L3_mgmt"": ""treatment"", ""caption"": ""Image quality is sufficient for evaluation. In the inner retina, intraretinal fluid (IRF), retinal hemorrhage, retinal thickening, and hyperreflective foci are observed. In the outer retina, subretinal hemorrhage and ellipsoid zone (EZ) disruption are observed. In the choroid, choroidal thinning is observed. No subretinal fluid (SRF), pigment epithelial detachment (PED), or epiretinal membrane (ERM) is identified. Treatment may be considered."", ""_meta"": {""image"": ""BRVO_059.png"", ""annotator"": ""GT"", ""saved_at"": ""2026-09-03T11:12:19.708889""}}"
BRVO_060.png,GT,2026-09-03T11:13:09.141971,,,fair,PVD,IRF; hemorrhage; retinal thickening; hyperreflective foci,SRF; EZ disruption; drusen,,no PED; no ERM,abnormal,treatment,"Image quality is limited but adequate for evaluation. At the vitreoretinal interface, posterior vitreous detachment (PVD) is observed. In the inner retina, intraretinal fluid (IRF), retinal hemorrhage, retinal thickening, and hyperreflective foci are observed. In the outer retina, subretinal fluid (SRF), ellipsoid zone (EZ) disruption, and drusen are observed. No pigment epithelial detachment (PED) or epiretinal membrane (ERM) is identified. Treatment may be considered.","Image quality is limited but adequate for evaluation. At the vitreoretinal interface, posterior vitreous detachment (PVD) is observed. In the inner retina, intraretinal fluid (IRF), retinal hemorrhage, retinal thickening, and hyperreflective foci are observed. In the outer retina, subretinal fluid (SRF), ellipsoid zone (EZ) disruption, and drusen are observed. No pigment epithelial detachment (PED) or epiretinal membrane (ERM) is identified. Treatment may be considered.","{""scan_type"": """", ""scan_loc"": """", ""quality"": ""fair"", ""L1_loc_findings"": {""Fovea (<500um)"": {""VRI"": [""PVD""], ""Intraretinal-1"": [""IRF"", ""hemorrhage"", ""retinal thickening""], ""Intraretinal-2"": [""hyperreflective foci""], ""Outer retina-1"": [""SRF""], ""Outer retina-2"": [""EZ disruption"", ""drusen""], ""Choroid"": []}}, ""L2"": ""abnormal"", ""L1_neg"": [""no PED"", ""no ERM""], ""L3_mgmt"": ""treatment"", ""caption"": ""Image quality is limited but adequate for evaluation. At the vitreoretinal interface, posterior vitreous detachment (PVD) is observed. In the inner retina, intraretinal fluid (IRF), retinal hemorrhage, retinal thickening, and hyperreflective foci are observed. In the outer retina, subretinal fluid (SRF), ellipsoid zone (EZ) disruption, and drusen are observed. No pigment epithelial detachment (PED) or epiretinal membrane (ERM) is identified. Treatment may be considered."", ""_meta"": {""image"": ""BRVO_060.png"", ""annotator"": ""GT"", ""saved_at"": ""2026-09-03T11:13:09.141971""}}"
BRVO_061.png,GT,2026-09-03T11:13:48.054366,,,good,ERM,IRF; hemorrhage; retinal thickening,subretinal hemorrhage; EZ disruption,,no SRF; no PED,abnormal,treatment,"Image quality is sufficient for evaluation. At the vitreoretinal interface, epiretinal membrane (ERM) is observed. In the inner retina, intraretinal fluid (IRF), retinal hemorrhage, and retinal thickening are observed. In the outer retina, subretinal hemorrhage and ellipsoid zone (EZ) disruption are observed. No subretinal fluid (SRF) or pigment epithelial detachment (PED) is identified. Treatment may be considered.","Image quality is sufficient for evaluation. At the vitreoretinal interface, epiretinal membrane (ERM) is observed. In the inner retina, intraretinal fluid (IRF), retinal hemorrhage, and retinal thickening are observed. In the outer retina, subretinal hemorrhage and ellipsoid zone (EZ) disruption are observed. No subretinal fluid (SRF) or pigment epithelial detachment (PED) is identified. Treatment may be considered.","{""scan_type"": """", ""scan_loc"": """", ""quality"": ""good"", ""L1_loc_findings"": {""Fovea (<500um)"": {""VRI"": [""ERM""], ""Intraretinal-1"": [""IRF"", ""hemorrhage"", ""retinal thickening""], ""Intraretinal-2"": [], ""Outer retina-1"": [""subretinal hemorrhage""], ""Outer retina-2"": [""EZ disruption""], ""Choroid"": []}}, ""L2"": ""abnormal"", ""L1_neg"": [""no SRF"", ""no PED""], ""L3_mgmt"": ""treatment"", ""caption"": ""Image quality is sufficient for evaluation. At the vitreoretinal interface, epiretinal membrane (ERM) is observed. In the inner retina, intraretinal fluid (IRF), retinal hemorrhage, and retinal thickening are observed. In the outer retina, subretinal hemorrhage and ellipsoid zone (EZ) disruption are observed. No subretinal fluid (SRF) or pigment epithelial detachment (PED) is identified. Treatment may be considered."", ""_meta"": {""image"": ""BRVO_061.png"", ""annotator"": ""GT"", ""saved_at"": ""2026-09-03T11:13:48.054366""}}"
BRVO_062.png,GT,2026-09-03T11:14:46.659962,,,poor,,IRF; hemorrhage; retinal thickening; hyperreflective foci,subretinal hemorrhage; EZ disruption,choroidal thinning,no SRF; no PED; no ERM,abnormal,treatment,"Image quality is poor; findings should be interpreted with caution. In the inner retina, intraretinal fluid (IRF), retinal hemorrhage, retinal thickening, and hyperreflective foci are observed. In the outer retina, subretinal hemorrhage and ellipsoid zone (EZ) disruption are observed. In the choroid, choroidal thinning is observed. No subretinal fluid (SRF), pigment epithelial detachment (PED), or epiretinal membrane (ERM) is identified. Treatment may be considered.","Image quality is poor; findings should be interpreted with caution. In the inner retina, intraretinal fluid (IRF), retinal hemorrhage, retinal thickening, and hyperreflective foci are observed. In the outer retina, subretinal hemorrhage and ellipsoid zone (EZ) disruption are observed. In the choroid, choroidal thinning is observed. No subretinal fluid (SRF), pigment epithelial detachment (PED), or epiretinal membrane (ERM) is identified. Treatment may be considered.","{""scan_type"": """", ""scan_loc"": """", ""quality"": ""poor"", ""L1_loc_findings"": {""Fovea (<500um)"": {""VRI"": [], ""Intraretinal-1"": [""IRF"", ""hemorrhage"", ""retinal thickening""], ""Intraretinal-2"": [""hyperreflective foci""], ""Outer retina-1"": [""subretinal hemorrhage""], ""Outer retina-2"": [""EZ disruption""], ""Choroid"": [""choroidal thinning""]}}, ""L2"": ""abnormal"", ""L1_neg"": [""no SRF"", ""no PED"", ""no ERM""], ""L3_mgmt"": ""treatment"", ""caption"": ""Image quality is poor; findings should be interpreted with caution. In the inner retina, intraretinal fluid (IRF), retinal hemorrhage, retinal thickening, and hyperreflective foci are observed. In the outer retina, subretinal hemorrhage and ellipsoid zone (EZ) disruption are observed. In the choroid, choroidal thinning is observed. No subretinal fluid (SRF), pigment epithelial detachment (PED), or epiretinal membrane (ERM) is identified. Treatment may be considered."", ""_meta"": {""image"": ""BRVO_062.png"", ""annotator"": ""GT"", ""saved_at"": ""2026-09-03T11:14:46.659962""}}"
BRVO_063.png,GT,2026-09-03T11:17:09.342488,,,poor,ERM,IRF; hemorrhage; retinal thickening,subretinal hemorrhage; EZ disruption,,no SRF; no PED,abnormal,treatment,"Image quality is poor; findings should be interpreted with caution. At the vitreoretinal interface, epiretinal membrane (ERM) is observed. In the inner retina, intraretinal fluid (IRF), retinal hemorrhage, and retinal thickening are observed. In the outer retina, subretinal hemorrhage and ellipsoid zone (EZ) disruption are observed. No subretinal fluid (SRF) or pigment epithelial detachment (PED) is identified. Treatment may be considered.","Image quality is poor; findings should be interpreted with caution. At the vitreoretinal interface, epiretinal membrane (ERM) is observed. In the inner retina, intraretinal fluid (IRF), retinal hemorrhage, and retinal thickening are observed. In the outer retina, subretinal hemorrhage and ellipsoid zone (EZ) disruption are observed. No subretinal fluid (SRF) or pigment epithelial detachment (PED) is identified. Treatment may be considered.","{""scan_type"": """", ""scan_loc"": """", ""quality"": ""poor"", ""L1_loc_findings"": {""Fovea (<500um)"": {""VRI"": [""ERM""], ""Intraretinal-1"": [""IRF"", ""hemorrhage"", ""retinal thickening""], ""Intraretinal-2"": [], ""Outer retina-1"": [""subretinal hemorrhage""], ""Outer retina-2"": [""EZ disruption""], ""Choroid"": []}}, ""L2"": ""abnormal"", ""L1_neg"": [""no SRF"", ""no PED""], ""L3_mgmt"": ""treatment"", ""caption"": ""Image quality is poor; findings should be interpreted with caution. At the vitreoretinal interface, epiretinal membrane (ERM) is observed. In the inner retina, intraretinal fluid (IRF), retinal hemorrhage, and retinal thickening are observed. In the outer retina, subretinal hemorrhage and ellipsoid zone (EZ) disruption are observed. No subretinal fluid (SRF) or pigment epithelial detachment (PED) is identified. Treatment may be considered."", ""_meta"": {""image"": ""BRVO_063.png"", ""annotator"": ""GT"", ""saved_at"": ""2026-09-03T11:17:09.342488""}}"
BRVO_064.png,GT,2026-09-03T11:17:44.689119,,,good,,IRF; retinal thickening; hyperreflective foci,SRF; EZ disruption,,no PED; no ERM,abnormal,treatment,"Image quality is sufficient for evaluation. In the inner retina, intraretinal fluid (IRF), retinal thickening, and hyperreflective foci are observed. In the outer retina, subretinal fluid (SRF) and ellipsoid zone (EZ) disruption are observed. No pigment epithelial detachment (PED) or epiretinal membrane (ERM) is identified. Treatment may be considered.","Image quality is sufficient for evaluation. In the inner retina, intraretinal fluid (IRF), retinal thickening, and hyperreflective foci are observed. In the outer retina, subretinal fluid (SRF) and ellipsoid zone (EZ) disruption are observed. No pigment epithelial detachment (PED) or epiretinal membrane (ERM) is identified. Treatment may be considered.","{""scan_type"": """", ""scan_loc"": """", ""quality"": ""good"", ""L1_loc_findings"": {""Fovea (<500um)"": {""VRI"": [], ""Intraretinal-1"": [""IRF"", ""retinal thickening""], ""Intraretinal-2"": [""hyperreflective foci""], ""Outer retina-1"": [""SRF""], ""Outer retina-2"": [""EZ disruption""], ""Choroid"": []}}, ""L2"": ""abnormal"", ""L1_neg"": [""no PED"", ""no ERM""], ""L3_mgmt"": ""treatment"", ""caption"": ""Image quality is sufficient for evaluation. In the inner retina, intraretinal fluid (IRF), retinal thickening, and hyperreflective foci are observed. In the outer retina, subretinal fluid (SRF) and ellipsoid zone (EZ) disruption are observed. No pigment epithelial detachment (PED) or epiretinal membrane (ERM) is identified. Treatment may be considered."", ""_meta"": {""image"": ""BRVO_064.png"", ""annotator"": ""GT"", ""saved_at"": ""2026-09-03T11:17:44.689119""}}"
BRVO_065.png,GT,2026-09-03T11:18:30.276588,,,good,PVD,IRF; hemorrhage; retinal thickening; hyperreflective foci,SRF; subretinal hemorrhage; EZ disruption,,no PED; no ERM,abnormal,treatment,"Image quality is sufficient for evaluation. At the vitreoretinal interface, posterior vitreous detachment (PVD) is observed. In the inner retina, intraretinal fluid (IRF), retinal hemorrhage, retinal thickening, and hyperreflective foci are observed. In the outer retina, subretinal fluid (SRF), subretinal hemorrhage, and ellipsoid zone (EZ) disruption are observed. No pigment epithelial detachment (PED) or epiretinal membrane (ERM) is identified. Treatment may be considered.","Image quality is sufficient for evaluation. At the vitreoretinal interface, posterior vitreous detachment (PVD) is observed. In the inner retina, intraretinal fluid (IRF), retinal hemorrhage, retinal thickening, and hyperreflective foci are observed. In the outer retina, subretinal fluid (SRF), subretinal hemorrhage, and ellipsoid zone (EZ) disruption are observed. No pigment epithelial detachment (PED) or epiretinal membrane (ERM) is identified. Treatment may be considered.","{""scan_type"": """", ""scan_loc"": """", ""quality"": ""good"", ""L1_loc_findings"": {""Fovea (<500um)"": {""VRI"": [""PVD""], ""Intraretinal-1"": [""IRF"", ""hemorrhage"", ""retinal thickening""], ""Intraretinal-2"": [""hyperreflective foci""], ""Outer retina-1"": [""SRF"", ""subretinal hemorrhage""], ""Outer retina-2"": [""EZ disruption""], ""Choroid"": []}}, ""L2"": ""abnormal"", ""L1_neg"": [""no PED"", ""no ERM""], ""L3_mgmt"": ""treatment"", ""caption"": ""Image quality is sufficient for evaluation. At the vitreoretinal interface, posterior vitreous detachment (PVD) is observed. In the inner retina, intraretinal fluid (IRF), retinal hemorrhage, retinal thickening, and hyperreflective foci are observed. In the outer retina, subretinal fluid (SRF), subretinal hemorrhage, and ellipsoid zone (EZ) disruption are observed. No pigment epithelial detachment (PED) or epiretinal membrane (ERM) is identified. Treatment may be considered."", ""_meta"": {""image"": ""BRVO_065.png"", ""annotator"": ""GT"", ""saved_at"": ""2026-09-03T11:18:30.276588""}}"
BRVO_066.png,GT,2026-09-03T11:19:48.876621,,,fair,ERM,IRF; hemorrhage; retinal thickening; hyperreflective foci,SRF; subretinal hemorrhage; EZ disruption,choroidal thinning,no PED,abnormal,treatment,"Image quality is limited but adequate for evaluation. At the vitreoretinal interface, epiretinal membrane (ERM) is observed. In the inner retina, intraretinal fluid (IRF), retinal hemorrhage, retinal thickening, and hyperreflective foci are observed. In the outer retina, subretinal fluid (SRF), subretinal hemorrhage, and ellipsoid zone (EZ) disruption are observed. In the choroid, choroidal thinning is observed. No pigment epithelial detachment (PED) is identified. Treatment may be considered.","Image quality is limited but adequate for evaluation. At the vitreoretinal interface, epiretinal membrane (ERM) is observed. In the inner retina, intraretinal fluid (IRF), retinal hemorrhage, retinal thickening, and hyperreflective foci are observed. In the outer retina, subretinal fluid (SRF), subretinal hemorrhage, and ellipsoid zone (EZ) disruption are observed. In the choroid, choroidal thinning is observed. No pigment epithelial detachment (PED) is identified. Treatment may be considered.","{""scan_type"": """", ""scan_loc"": """", ""quality"": ""fair"", ""L1_loc_findings"": {""Fovea (<500um)"": {""VRI"": [""ERM""], ""Intraretinal-1"": [""IRF"", ""hemorrhage"", ""retinal thickening""], ""Intraretinal-2"": [""hyperreflective foci""], ""Outer retina-1"": [""SRF"", ""subretinal hemorrhage""], ""Outer retina-2"": [""EZ disruption""], ""Choroid"": [""choroidal thinning""]}}, ""L2"": ""abnormal"", ""L1_neg"": [""no PED""], ""L3_mgmt"": ""treatment"", ""caption"": ""Image quality is limited but adequate for evaluation. At the vitreoretinal interface, epiretinal membrane (ERM) is observed. In the inner retina, intraretinal fluid (IRF), retinal hemorrhage, retinal thickening, and hyperreflective foci are observed. In the outer retina, subretinal fluid (SRF), subretinal hemorrhage, and ellipsoid zone (EZ) disruption are observed. In the choroid, choroidal thinning is observed. No pigment epithelial detachment (PED) is identified. Treatment may be considered."", ""_meta"": {""image"": ""BRVO_066.png"", ""annotator"": ""GT"", ""saved_at"": ""2026-09-03T11:19:48.876621""}}"
BRVO_067.png,GT,2026-09-03T11:20:18.855738,,,fair,PVD,IRF; hemorrhage; retinal thickening; hyperreflective foci,subretinal hemorrhage; EZ disruption,,no SRF; no PED; no ERM,abnormal,treatment,"Image quality is limited but adequate for evaluation. At the vitreoretinal interface, posterior vitreous detachment (PVD) is observed. In the inner retina, intraretinal fluid (IRF), retinal hemorrhage, retinal thickening, and hyperreflective foci are observed. In the outer retina, subretinal hemorrhage and ellipsoid zone (EZ) disruption are observed. No subretinal fluid (SRF), pigment epithelial detachment (PED), or epiretinal membrane (ERM) is identified. Treatment may be considered.","Image quality is limited but adequate for evaluation. At the vitreoretinal interface, posterior vitreous detachment (PVD) is observed. In the inner retina, intraretinal fluid (IRF), retinal hemorrhage, retinal thickening, and hyperreflective foci are observed. In the outer retina, subretinal hemorrhage and ellipsoid zone (EZ) disruption are observed. No subretinal fluid (SRF), pigment epithelial detachment (PED), or epiretinal membrane (ERM) is identified. Treatment may be considered.","{""scan_type"": """", ""scan_loc"": """", ""quality"": ""fair"", ""L1_loc_findings"": {""Fovea (<500um)"": {""VRI"": [""PVD""], ""Intraretinal-1"": [""IRF"", ""hemorrhage"", ""retinal thickening""], ""Intraretinal-2"": [""hyperreflective foci""], ""Outer retina-1"": [""subretinal hemorrhage""], ""Outer retina-2"": [""EZ disruption""], ""Choroid"": []}}, ""L2"": ""abnormal"", ""L1_neg"": [""no SRF"", ""no PED"", ""no ERM""], ""L3_mgmt"": ""treatment"", ""caption"": ""Image quality is limited but adequate for evaluation. At the vitreoretinal interface, posterior vitreous detachment (PVD) is observed. In the inner retina, intraretinal fluid (IRF), retinal hemorrhage, retinal thickening, and hyperreflective foci are observed. In the outer retina, subretinal hemorrhage and ellipsoid zone (EZ) disruption are observed. No subretinal fluid (SRF), pigment epithelial detachment (PED), or epiretinal membrane (ERM) is identified. Treatment may be considered."", ""_meta"": {""image"": ""BRVO_067.png"", ""annotator"": ""GT"", ""saved_at"": ""2026-09-03T11:20:18.855738""}}"
BRVO_068.png,GT,2026-09-03T11:21:00.331675,,,fair,,IRF; hemorrhage; retinal thickening; hyperreflective foci,subretinal hemorrhage; EZ disruption,,no SRF; no PED; no ERM,abnormal,treatment,"Image quality is limited but adequate for evaluation. In the inner retina, intraretinal fluid (IRF), retinal hemorrhage, retinal thickening, and hyperreflective foci are observed. In the outer retina, subretinal hemorrhage and ellipsoid zone (EZ) disruption are observed. No subretinal fluid (SRF), pigment epithelial detachment (PED), or epiretinal membrane (ERM) is identified. Treatment may be considered.","Image quality is limited but adequate for evaluation. In the inner retina, intraretinal fluid (IRF), retinal hemorrhage, retinal thickening, and hyperreflective foci are observed. In the outer retina, subretinal hemorrhage and ellipsoid zone (EZ) disruption are observed. No subretinal fluid (SRF), pigment epithelial detachment (PED), or epiretinal membrane (ERM) is identified. Treatment may be considered.","{""scan_type"": """", ""scan_loc"": """", ""quality"": ""fair"", ""L1_loc_findings"": {""Fovea (<500um)"": {""VRI"": [], ""Intraretinal-1"": [""IRF"", ""hemorrhage"", ""retinal thickening""], ""Intraretinal-2"": [""hyperreflective foci""], ""Outer retina-1"": [""subretinal hemorrhage""], ""Outer retina-2"": [""EZ disruption""], ""Choroid"": []}}, ""L2"": ""abnormal"", ""L1_neg"": [""no SRF"", ""no PED"", ""no ERM""], ""L3_mgmt"": ""treatment"", ""caption"": ""Image quality is limited but adequate for evaluation. In the inner retina, intraretinal fluid (IRF), retinal hemorrhage, retinal thickening, and hyperreflective foci are observed. In the outer retina, subretinal hemorrhage and ellipsoid zone (EZ) disruption are observed. No subretinal fluid (SRF), pigment epithelial detachment (PED), or epiretinal membrane (ERM) is identified. Treatment may be considered."", ""_meta"": {""image"": ""BRVO_068.png"", ""annotator"": ""GT"", ""saved_at"": ""2026-09-03T11:21:00.331675""}}"
BRVO_069.png,GT,2026-09-03T11:21:32.931181,,,fair,,IRF; hemorrhage; retinal thickening,SRF; EZ disruption,,no PED; no ERM,abnormal,treatment,"Image quality is limited but adequate for evaluation. In the inner retina, intraretinal fluid (IRF), retinal hemorrhage, and retinal thickening are observed. In the outer retina, subretinal fluid (SRF) and ellipsoid zone (EZ) disruption are observed. No pigment epithelial detachment (PED) or epiretinal membrane (ERM) is identified. Treatment may be considered.","Image quality is limited but adequate for evaluation. In the inner retina, intraretinal fluid (IRF), retinal hemorrhage, and retinal thickening are observed. In the outer retina, subretinal fluid (SRF) and ellipsoid zone (EZ) disruption are observed. No pigment epithelial detachment (PED) or epiretinal membrane (ERM) is identified. Treatment may be considered.","{""scan_type"": """", ""scan_loc"": """", ""quality"": ""fair"", ""L1_loc_findings"": {""Fovea (<500um)"": {""VRI"": [], ""Intraretinal-1"": [""IRF"", ""hemorrhage"", ""retinal thickening""], ""Intraretinal-2"": [], ""Outer retina-1"": [""SRF""], ""Outer retina-2"": [""EZ disruption""], ""Choroid"": []}}, ""L2"": ""abnormal"", ""L1_neg"": [""no PED"", ""no ERM""], ""L3_mgmt"": ""treatment"", ""caption"": ""Image quality is limited but adequate for evaluation. In the inner retina, intraretinal fluid (IRF), retinal hemorrhage, and retinal thickening are observed. In the outer retina, subretinal fluid (SRF) and ellipsoid zone (EZ) disruption are observed. No pigment epithelial detachment (PED) or epiretinal membrane (ERM) is identified. Treatment may be considered."", ""_meta"": {""image"": ""BRVO_069.png"", ""annotator"": ""GT"", ""saved_at"": ""2026-09-03T11:21:32.931181""}}"
BRVO_070.png,GT,2026-09-03T11:22:15.756339,,,good,,IRF; hemorrhage; retinal thickening; hyperreflective foci,subretinal hemorrhage; EZ disruption,,no SRF; no PED; no ERM,abnormal,treatment,"Image quality is sufficient for evaluation. In the inner retina, intraretinal fluid (IRF), retinal hemorrhage, retinal thickening, and hyperreflective foci are observed. In the outer retina, subretinal hemorrhage and ellipsoid zone (EZ) disruption are observed. No subretinal fluid (SRF), pigment epithelial detachment (PED), or epiretinal membrane (ERM) is identified. Treatment may be considered.","Image quality is sufficient for evaluation. In the inner retina, intraretinal fluid (IRF), retinal hemorrhage, retinal thickening, and hyperreflective foci are observed. In the outer retina, subretinal hemorrhage and ellipsoid zone (EZ) disruption are observed. No subretinal fluid (SRF), pigment epithelial detachment (PED), or epiretinal membrane (ERM) is identified. Treatment may be considered.","{""scan_type"": """", ""scan_loc"": """", ""quality"": ""good"", ""L1_loc_findings"": {""Fovea (<500um)"": {""VRI"": [], ""Intraretinal-1"": [""IRF"", ""hemorrhage"", ""retinal thickening""], ""Intraretinal-2"": [""hyperreflective foci""], ""Outer retina-1"": [""subretinal hemorrhage""], ""Outer retina-2"": [""EZ disruption""], ""Choroid"": []}}, ""L2"": ""abnormal"", ""L1_neg"": [""no SRF"", ""no PED"", ""no ERM""], ""L3_mgmt"": ""treatment"", ""caption"": ""Image quality is sufficient for evaluation. In the inner retina, intraretinal fluid (IRF), retinal hemorrhage, retinal thickening, and hyperreflective foci are observed. In the outer retina, subretinal hemorrhage and ellipsoid zone (EZ) disruption are observed. No subretinal fluid (SRF), pigment epithelial detachment (PED), or epiretinal membrane (ERM) is identified. Treatment may be considered."", ""_meta"": {""image"": ""BRVO_070.png"", ""annotator"": ""GT"", ""saved_at"": ""2026-09-03T11:22:15.756339""}}"
BRVO_071.png,GT,2026-09-03T11:23:13.388749,,,fair,,retinal thickening,SRF; subretinal hemorrhage; EZ disruption,,no IRF; no PED; no ERM,abnormal,treatment,"Image quality is limited but adequate for evaluation. In the inner retina, retinal thickening is observed. In the outer retina, subretinal fluid (SRF), subretinal hemorrhage, and ellipsoid zone (EZ) disruption are observed. No intraretinal fluid (IRF), pigment epithelial detachment (PED), or epiretinal membrane (ERM) is identified. Treatment may be considered.","Image quality is limited but adequate for evaluation. In the inner retina, retinal thickening is observed. In the outer retina, subretinal fluid (SRF), subretinal hemorrhage, and ellipsoid zone (EZ) disruption are observed. No intraretinal fluid (IRF), pigment epithelial detachment (PED), or epiretinal membrane (ERM) is identified. Treatment may be considered.","{""scan_type"": """", ""scan_loc"": """", ""quality"": ""fair"", ""L1_loc_findings"": {""Fovea (<500um)"": {""VRI"": [], ""Intraretinal-1"": [""retinal thickening""], ""Intraretinal-2"": [], ""Outer retina-1"": [""SRF"", ""subretinal hemorrhage""], ""Outer retina-2"": [""EZ disruption""], ""Choroid"": []}}, ""L2"": ""abnormal"", ""L1_neg"": [""no IRF"", ""no PED"", ""no ERM""], ""L3_mgmt"": ""treatment"", ""caption"": ""Image quality is limited but adequate for evaluation. In the inner retina, retinal thickening is observed. In the outer retina, subretinal fluid (SRF), subretinal hemorrhage, and ellipsoid zone (EZ) disruption are observed. No intraretinal fluid (IRF), pigment epithelial detachment (PED), or epiretinal membrane (ERM) is identified. Treatment may be considered."", ""_meta"": {""image"": ""BRVO_071.png"", ""annotator"": ""GT"", ""saved_at"": ""2026-09-03T11:23:13.388749""}}"
BRVO_072.png,GT,2026-09-03T11:24:07.024959,,,fair,ERM,IRF; hemorrhage; retinal thickening; hyperreflective foci,subretinal hemorrhage; EZ disruption,choroidal thinning,no SRF; no PED,abnormal,treatment,"Image quality is limited but adequate for evaluation. At the vitreoretinal interface, epiretinal membrane (ERM) is observed. In the inner retina, intraretinal fluid (IRF), retinal hemorrhage, retinal thickening, and hyperreflective foci are observed. In the outer retina, subretinal hemorrhage and ellipsoid zone (EZ) disruption are observed. In the choroid, choroidal thinning is observed. No subretinal fluid (SRF) or pigment epithelial detachment (PED) is identified. Treatment may be considered.","Image quality is limited but adequate for evaluation. At the vitreoretinal interface, epiretinal membrane (ERM) is observed. In the inner retina, intraretinal fluid (IRF), retinal hemorrhage, retinal thickening, and hyperreflective foci are observed. In the outer retina, subretinal hemorrhage and ellipsoid zone (EZ) disruption are observed. In the choroid, choroidal thinning is observed. No subretinal fluid (SRF) or pigment epithelial detachment (PED) is identified. Treatment may be considered.","{""scan_type"": """", ""scan_loc"": """", ""quality"": ""fair"", ""L1_loc_findings"": {""Fovea (<500um)"": {""VRI"": [""ERM""], ""Intraretinal-1"": [""IRF"", ""hemorrhage"", ""retinal thickening""], ""Intraretinal-2"": [""hyperreflective foci""], ""Outer retina-1"": [""subretinal hemorrhage""], ""Outer retina-2"": [""EZ disruption""], ""Choroid"": [""choroidal thinning""]}}, ""L2"": ""abnormal"", ""L1_neg"": [""no SRF"", ""no PED""], ""L3_mgmt"": ""treatment"", ""caption"": ""Image quality is limited but adequate for evaluation. At the vitreoretinal interface, epiretinal membrane (ERM) is observed. In the inner retina, intraretinal fluid (IRF), retinal hemorrhage, retinal thickening, and hyperreflective foci are observed. In the outer retina, subretinal hemorrhage and ellipsoid zone (EZ) disruption are observed. In the choroid, choroidal thinning is observed. No subretinal fluid (SRF) or pigment epithelial detachment (PED) is identified. Treatment may be considered."", ""_meta"": {""image"": ""BRVO_072.png"", ""annotator"": ""GT"", ""saved_at"": ""2026-09-03T11:24:07.024959""}}"
BRVO_075.png,GT,2026-09-03T11:24:43.630028,,,good,,IRF; hemorrhage; retinal thickening; hyperreflective foci,SRF; subretinal hemorrhage; EZ disruption,choroidal thinning,no PED; no ERM,abnormal,observation,"Image quality is sufficient for evaluation. In the inner retina, intraretinal fluid (IRF), retinal hemorrhage, retinal thickening, and hyperreflective foci are observed. In the outer retina, subretinal fluid (SRF), subretinal hemorrhage, and ellipsoid zone (EZ) disruption are observed. In the choroid, choroidal thinning is observed. No pigment epithelial detachment (PED) or epiretinal membrane (ERM) is identified. Observation is appropriate.","Image quality is sufficient for evaluation. In the inner retina, intraretinal fluid (IRF), retinal hemorrhage, retinal thickening, and hyperreflective foci are observed. In the outer retina, subretinal fluid (SRF), subretinal hemorrhage, and ellipsoid zone (EZ) disruption are observed. In the choroid, choroidal thinning is observed. No pigment epithelial detachment (PED) or epiretinal membrane (ERM) is identified. Observation is appropriate.","{""scan_type"": """", ""scan_loc"": """", ""quality"": ""good"", ""L1_loc_findings"": {""Fovea (<500um)"": {""VRI"": [], ""Intraretinal-1"": [""IRF"", ""hemorrhage"", ""retinal thickening""], ""Intraretinal-2"": [""hyperreflective foci""], ""Outer retina-1"": [""SRF"", ""subretinal hemorrhage""], ""Outer retina-2"": [""EZ disruption""], ""Choroid"": [""choroidal thinning""]}}, ""L2"": ""abnormal"", ""L1_neg"": [""no PED"", ""no ERM""], ""L3_mgmt"": ""observation"", ""caption"": ""Image quality is sufficient for evaluation. In the inner retina, intraretinal fluid (IRF), retinal hemorrhage, retinal thickening, and hyperreflective foci are observed. In the outer retina, subretinal fluid (SRF), subretinal hemorrhage, and ellipsoid zone (EZ) disruption are observed. In the choroid, choroidal thinning is observed. No pigment epithelial detachment (PED) or epiretinal membrane (ERM) is identified. Observation is appropriate."", ""_meta"": {""image"": ""BRVO_075.png"", ""annotator"": ""GT"", ""saved_at"": ""2026-09-03T11:24:43.630028""}}"
BRVO_076.png,GT,2026-09-03T11:27:31.519692,,,fair,PVD,IRF; hemorrhage; retinal thickening,SRF; subretinal hemorrhage; EZ disruption; drusen,,no PED; no ERM,abnormal,treatment,"Image quality is limited but adequate for evaluation. At the vitreoretinal interface, posterior vitreous detachment (PVD) is observed. In the inner retina, intraretinal fluid (IRF), retinal hemorrhage, and retinal thickening are observed. In the outer retina, subretinal fluid (SRF), subretinal hemorrhage, ellipsoid zone (EZ) disruption, and drusen are observed. No pigment epithelial detachment (PED) or epiretinal membrane (ERM) is identified. Treatment may be considered.","Image quality is limited but adequate for evaluation. At the vitreoretinal interface, posterior vitreous detachment (PVD) is observed. In the inner retina, intraretinal fluid (IRF), retinal hemorrhage, and retinal thickening are observed. In the outer retina, subretinal fluid (SRF), subretinal hemorrhage, ellipsoid zone (EZ) disruption, and drusen are observed. No pigment epithelial detachment (PED) or epiretinal membrane (ERM) is identified. Treatment may be considered.","{""scan_type"": """", ""scan_loc"": """", ""quality"": ""fair"", ""L1_loc_findings"": {""Fovea (<500um)"": {""VRI"": [""PVD""], ""Intraretinal-1"": [""IRF"", ""hemorrhage"", ""retinal thickening""], ""Intraretinal-2"": [], ""Outer retina-1"": [""SRF"", ""subretinal hemorrhage""], ""Outer retina-2"": [""EZ disruption"", ""drusen""], ""Choroid"": []}}, ""L2"": ""abnormal"", ""L1_neg"": [""no PED"", ""no ERM""], ""L3_mgmt"": ""treatment"", ""caption"": ""Image quality is limited but adequate for evaluation. At the vitreoretinal interface, posterior vitreous detachment (PVD) is observed. In the inner retina, intraretinal fluid (IRF), retinal hemorrhage, and retinal thickening are observed. In the outer retina, subretinal fluid (SRF), subretinal hemorrhage, ellipsoid zone (EZ) disruption, and drusen are observed. No pigment epithelial detachment (PED) or epiretinal membrane (ERM) is identified. Treatment may be considered."", ""_meta"": {""image"": ""BRVO_076.png"", ""annotator"": ""GT"", ""saved_at"": ""2026-09-03T11:27:31.519692""}}"
BRVO_078.png,GT,2026-09-03T11:28:58.413957,,,fair,PVD,IRF; hemorrhage,,,no SRF; no PED; EZ intact; no ERM,abnormal,observation,"Image quality is limited but adequate for evaluation. At the vitreoretinal interface, posterior vitreous detachment (PVD) is observed. In the inner retina, intraretinal fluid (IRF) and retinal hemorrhage are observed. No subretinal fluid (SRF), pigment epithelial detachment (PED), ellipsoid zone (EZ) disruption, or epiretinal membrane (ERM) is identified. Observation is appropriate.","Image quality is limited but adequate for evaluation. At the vitreoretinal interface, posterior vitreous detachment (PVD) is observed. In the inner retina, intraretinal fluid (IRF) and retinal hemorrhage are observed. No subretinal fluid (SRF), pigment epithelial detachment (PED), ellipsoid zone (EZ) disruption, or epiretinal membrane (ERM) is identified. Observation is appropriate.","{""scan_type"": """", ""scan_loc"": """", ""quality"": ""fair"", ""L1_loc_findings"": {""Fovea (<500um)"": {""VRI"": [""PVD""], ""Intraretinal-1"": [""IRF"", ""hemorrhage""], ""Intraretinal-2"": [], ""Outer retina-1"": [], ""Outer retina-2"": [], ""Choroid"": []}}, ""L2"": ""abnormal"", ""L1_neg"": [""no SRF"", ""no PED"", ""EZ intact"", ""no ERM""], ""L3_mgmt"": ""observation"", ""caption"": ""Image quality is limited but adequate for evaluation. At the vitreoretinal interface, posterior vitreous detachment (PVD) is observed. In the inner retina, intraretinal fluid (IRF) and retinal hemorrhage are observed. No subretinal fluid (SRF), pigment epithelial detachment (PED), ellipsoid zone (EZ) disruption, or epiretinal membrane (ERM) is identified. Observation is appropriate."", ""_meta"": {""image"": ""BRVO_078.png"", ""annotator"": ""GT"", ""saved_at"": ""2026-09-03T11:28:58.413957""}}"
BRVO_079.png,GT,2026-09-03T11:29:32.883700,,,poor,,IRF; hemorrhage; retinal thickening; hyperreflective foci,subretinal hemorrhage; EZ disruption,choroidal thinning,no SRF; no PED; no ERM,abnormal,treatment,"Image quality is poor; findings should be interpreted with caution. In the inner retina, intraretinal fluid (IRF), retinal hemorrhage, retinal thickening, and hyperreflective foci are observed. In the outer retina, subretinal hemorrhage and ellipsoid zone (EZ) disruption are observed. In the choroid, choroidal thinning is observed. No subretinal fluid (SRF), pigment epithelial detachment (PED), or epiretinal membrane (ERM) is identified. Treatment may be considered.","Image quality is poor; findings should be interpreted with caution. In the inner retina, intraretinal fluid (IRF), retinal hemorrhage, retinal thickening, and hyperreflective foci are observed. In the outer retina, subretinal hemorrhage and ellipsoid zone (EZ) disruption are observed. In the choroid, choroidal thinning is observed. No subretinal fluid (SRF), pigment epithelial detachment (PED), or epiretinal membrane (ERM) is identified. Treatment may be considered.","{""scan_type"": """", ""scan_loc"": """", ""quality"": ""poor"", ""L1_loc_findings"": {""Fovea (<500um)"": {""VRI"": [], ""Intraretinal-1"": [""IRF"", ""hemorrhage"", ""retinal thickening""], ""Intraretinal-2"": [""hyperreflective foci""], ""Outer retina-1"": [""subretinal hemorrhage""], ""Outer retina-2"": [""EZ disruption""], ""Choroid"": [""choroidal thinning""]}}, ""L2"": ""abnormal"", ""L1_neg"": [""no SRF"", ""no PED"", ""no ERM""], ""L3_mgmt"": ""treatment"", ""caption"": ""Image quality is poor; findings should be interpreted with caution. In the inner retina, intraretinal fluid (IRF), retinal hemorrhage, retinal thickening, and hyperreflective foci are observed. In the outer retina, subretinal hemorrhage and ellipsoid zone (EZ) disruption are observed. In the choroid, choroidal thinning is observed. No subretinal fluid (SRF), pigment epithelial detachment (PED), or epiretinal membrane (ERM) is identified. Treatment may be considered."", ""_meta"": {""image"": ""BRVO_079.png"", ""annotator"": ""GT"", ""saved_at"": ""2026-09-03T11:29:32.883700""}}"
BRVO_080.png,GT,2026-09-03T11:30:57.795361,,,poor,,IRF; hemorrhage; retinal thickening,SRF; EZ disruption,,no PED; no ERM,abnormal,treatment,"Image quality is poor; findings should be interpreted with caution. In the inner retina, intraretinal fluid (IRF), retinal hemorrhage, and retinal thickening are observed. In the outer retina, subretinal fluid (SRF) and ellipsoid zone (EZ) disruption are observed. No pigment epithelial detachment (PED) or epiretinal membrane (ERM) is identified. Treatment may be considered.","Image quality is poor; findings should be interpreted with caution. In the inner retina, intraretinal fluid (IRF), retinal hemorrhage, and retinal thickening are observed. In the outer retina, subretinal fluid (SRF) and ellipsoid zone (EZ) disruption are observed. No pigment epithelial detachment (PED) or epiretinal membrane (ERM) is identified. Treatment may be considered.","{""scan_type"": """", ""scan_loc"": """", ""quality"": ""poor"", ""L1_loc_findings"": {""Fovea (<500um)"": {""VRI"": [], ""Intraretinal-1"": [""IRF"", ""hemorrhage"", ""retinal thickening""], ""Intraretinal-2"": [], ""Outer retina-1"": [""SRF""], ""Outer retina-2"": [""EZ disruption""], ""Choroid"": []}}, ""L2"": ""abnormal"", ""L1_neg"": [""no PED"", ""no ERM""], ""L3_mgmt"": ""treatment"", ""caption"": ""Image quality is poor; findings should be interpreted with caution. In the inner retina, intraretinal fluid (IRF), retinal hemorrhage, and retinal thickening are observed. In the outer retina, subretinal fluid (SRF) and ellipsoid zone (EZ) disruption are observed. No pigment epithelial detachment (PED) or epiretinal membrane (ERM) is identified. Treatment may be considered."", ""_meta"": {""image"": ""BRVO_080.png"", ""annotator"": ""GT"", ""saved_at"": ""2026-09-03T11:30:57.795361""}}"
BRVO_081.png,GT,2026-09-03T11:33:55.024585,,,fair,ERM,IRF; hemorrhage; retinal thickening; tractional thickening,EZ disruption,,no SRF; no PED,abnormal,treatment,"Image quality is limited but adequate for evaluation. At the vitreoretinal interface, epiretinal membrane (ERM) is observed. In the inner retina, intraretinal fluid (IRF), retinal hemorrhage, retinal thickening, and tractional retinal thickening are observed. In the outer retina, ellipsoid zone (EZ) disruption is observed. No subretinal fluid (SRF) or pigment epithelial detachment (PED) is identified. Treatment may be considered.","Image quality is limited but adequate for evaluation. At the vitreoretinal interface, epiretinal membrane (ERM) is observed. In the inner retina, intraretinal fluid (IRF), retinal hemorrhage, retinal thickening, and tractional retinal thickening are observed. In the outer retina, ellipsoid zone (EZ) disruption is observed. No subretinal fluid (SRF) or pigment epithelial detachment (PED) is identified. Treatment may be considered.","{""scan_type"": """", ""scan_loc"": """", ""quality"": ""fair"", ""L1_loc_findings"": {""Fovea (<500um)"": {""VRI"": [""ERM""], ""Intraretinal-1"": [""IRF"", ""hemorrhage"", ""retinal thickening"", ""tractional thickening""], ""Intraretinal-2"": [], ""Outer retina-1"": [], ""Outer retina-2"": [""EZ disruption""], ""Choroid"": []}}, ""L2"": ""abnormal"", ""L1_neg"": [""no SRF"", ""no PED""], ""L3_mgmt"": ""treatment"", ""caption"": ""Image quality is limited but adequate for evaluation. At the vitreoretinal interface, epiretinal membrane (ERM) is observed. In the inner retina, intraretinal fluid (IRF), retinal hemorrhage, retinal thickening, and tractional retinal thickening are observed. In the outer retina, ellipsoid zone (EZ) disruption is observed. No subretinal fluid (SRF) or pigment epithelial detachment (PED) is identified. Treatment may be considered."", ""_meta"": {""image"": ""BRVO_081.png"", ""annotator"": ""GT"", ""saved_at"": ""2026-09-03T11:33:55.024585""}}"
BRVO_082.png,GT,2026-09-03T11:34:22.955353,,,good,,retinal thickening; hyperreflective foci,SRF; subretinal hemorrhage; EZ disruption,,no IRF; no PED; no ERM,abnormal,treatment,"Image quality is sufficient for evaluation. In the inner retina, retinal thickening and hyperreflective foci are observed. In the outer retina, subretinal fluid (SRF), subretinal hemorrhage, and ellipsoid zone (EZ) disruption are observed. No intraretinal fluid (IRF), pigment epithelial detachment (PED), or epiretinal membrane (ERM) is identified. Treatment may be considered.","Image quality is sufficient for evaluation. In the inner retina, retinal thickening and hyperreflective foci are observed. In the outer retina, subretinal fluid (SRF), subretinal hemorrhage, and ellipsoid zone (EZ) disruption are observed. No intraretinal fluid (IRF), pigment epithelial detachment (PED), or epiretinal membrane (ERM) is identified. Treatment may be considered.","{""scan_type"": """", ""scan_loc"": """", ""quality"": ""good"", ""L1_loc_findings"": {""Fovea (<500um)"": {""VRI"": [], ""Intraretinal-1"": [""retinal thickening""], ""Intraretinal-2"": [""hyperreflective foci""], ""Outer retina-1"": [""SRF"", ""subretinal hemorrhage""], ""Outer retina-2"": [""EZ disruption""], ""Choroid"": []}}, ""L2"": ""abnormal"", ""L1_neg"": [""no IRF"", ""no PED"", ""no ERM""], ""L3_mgmt"": ""treatment"", ""caption"": ""Image quality is sufficient for evaluation. In the inner retina, retinal thickening and hyperreflective foci are observed. In the outer retina, subretinal fluid (SRF), subretinal hemorrhage, and ellipsoid zone (EZ) disruption are observed. No intraretinal fluid (IRF), pigment epithelial detachment (PED), or epiretinal membrane (ERM) is identified. Treatment may be considered."", ""_meta"": {""image"": ""BRVO_082.png"", ""annotator"": ""GT"", ""saved_at"": ""2026-09-03T11:34:22.955353""}}"
BRVO_083.png,GT,2026-09-03T11:34:49.814916,,,fair,PVD,IRF; hemorrhage; retinal thickening,SRF; subretinal hemorrhage; EZ disruption,,no PED; no ERM,abnormal,treatment,"Image quality is limited but adequate for evaluation. At the vitreoretinal interface, posterior vitreous detachment (PVD) is observed. In the inner retina, intraretinal fluid (IRF), retinal hemorrhage, and retinal thickening are observed. In the outer retina, subretinal fluid (SRF), subretinal hemorrhage, and ellipsoid zone (EZ) disruption are observed. No pigment epithelial detachment (PED) or epiretinal membrane (ERM) is identified. Treatment may be considered.","Image quality is limited but adequate for evaluation. At the vitreoretinal interface, posterior vitreous detachment (PVD) is observed. In the inner retina, intraretinal fluid (IRF), retinal hemorrhage, and retinal thickening are observed. In the outer retina, subretinal fluid (SRF), subretinal hemorrhage, and ellipsoid zone (EZ) disruption are observed. No pigment epithelial detachment (PED) or epiretinal membrane (ERM) is identified. Treatment may be considered.","{""scan_type"": """", ""scan_loc"": """", ""quality"": ""fair"", ""L1_loc_findings"": {""Fovea (<500um)"": {""VRI"": [""PVD""], ""Intraretinal-1"": [""IRF"", ""hemorrhage"", ""retinal thickening""], ""Intraretinal-2"": [], ""Outer retina-1"": [""SRF"", ""subretinal hemorrhage""], ""Outer retina-2"": [""EZ disruption""], ""Choroid"": []}}, ""L2"": ""abnormal"", ""L1_neg"": [""no PED"", ""no ERM""], ""L3_mgmt"": ""treatment"", ""caption"": ""Image quality is limited but adequate for evaluation. At the vitreoretinal interface, posterior vitreous detachment (PVD) is observed. In the inner retina, intraretinal fluid (IRF), retinal hemorrhage, and retinal thickening are observed. In the outer retina, subretinal fluid (SRF), subretinal hemorrhage, and ellipsoid zone (EZ) disruption are observed. No pigment epithelial detachment (PED) or epiretinal membrane (ERM) is identified. Treatment may be considered."", ""_meta"": {""image"": ""BRVO_083.png"", ""annotator"": ""GT"", ""saved_at"": ""2026-09-03T11:34:49.814916""}}"
BRVO_084.png,GT,2026-09-03T11:36:40.010438,,,fair,,IRF; hemorrhage; retinal thickening; hyperreflective foci,SRF; subretinal hemorrhage; EZ disruption,,no PED; no ERM,abnormal,treatment,"Image quality is limited but adequate for evaluation. In the inner retina, intraretinal fluid (IRF), retinal hemorrhage, retinal thickening, and hyperreflective foci are observed. In the outer retina, subretinal fluid (SRF), subretinal hemorrhage, and ellipsoid zone (EZ) disruption are observed. No pigment epithelial detachment (PED) or epiretinal membrane (ERM) is identified. Treatment may be considered.","Image quality is limited but adequate for evaluation. In the inner retina, intraretinal fluid (IRF), retinal hemorrhage, retinal thickening, and hyperreflective foci are observed. In the outer retina, subretinal fluid (SRF), subretinal hemorrhage, and ellipsoid zone (EZ) disruption are observed. No pigment epithelial detachment (PED) or epiretinal membrane (ERM) is identified. Treatment may be considered.","{""scan_type"": """", ""scan_loc"": """", ""quality"": ""fair"", ""L1_loc_findings"": {""Fovea (<500um)"": {""VRI"": [], ""Intraretinal-1"": [""IRF"", ""hemorrhage"", ""retinal thickening""], ""Intraretinal-2"": [""hyperreflective foci""], ""Outer retina-1"": [""SRF"", ""subretinal hemorrhage""], ""Outer retina-2"": [""EZ disruption""], ""Choroid"": []}}, ""L2"": ""abnormal"", ""L1_neg"": [""no PED"", ""no ERM""], ""L3_mgmt"": ""treatment"", ""caption"": ""Image quality is limited but adequate for evaluation. In the inner retina, intraretinal fluid (IRF), retinal hemorrhage, retinal thickening, and hyperreflective foci are observed. In the outer retina, subretinal fluid (SRF), subretinal hemorrhage, and ellipsoid zone (EZ) disruption are observed. No pigment epithelial detachment (PED) or epiretinal membrane (ERM) is identified. Treatment may be considered."", ""_meta"": {""image"": ""BRVO_084.png"", ""annotator"": ""GT"", ""saved_at"": ""2026-09-03T11:36:40.010438""}}"
BRVO_085.png,GT,2026-09-03T11:37:38.278003,,,poor,ERM,IRF; hemorrhage; retinal thickening; hyperreflective foci; hard exudates,EZ disruption,,no SRF; no PED,abnormal,treatment,"Image quality is poor; findings should be interpreted with caution. At the vitreoretinal interface, epiretinal membrane (ERM) is observed. In the inner retina, intraretinal fluid (IRF), retinal hemorrhage, retinal thickening, hyperreflective foci, and hard exudates are observed. In the outer retina, ellipsoid zone (EZ) disruption is observed. No subretinal fluid (SRF) or pigment epithelial detachment (PED) is identified. Treatment may be considered.","Image quality is poor; findings should be interpreted with caution. At the vitreoretinal interface, epiretinal membrane (ERM) is observed. In the inner retina, intraretinal fluid (IRF), retinal hemorrhage, retinal thickening, hyperreflective foci, and hard exudates are observed. In the outer retina, ellipsoid zone (EZ) disruption is observed. No subretinal fluid (SRF) or pigment epithelial detachment (PED) is identified. Treatment may be considered.","{""scan_type"": """", ""scan_loc"": """", ""quality"": ""poor"", ""L1_loc_findings"": {""Fovea (<500um)"": {""VRI"": [""ERM""], ""Intraretinal-1"": [""IRF"", ""hemorrhage"", ""retinal thickening""], ""Intraretinal-2"": [""hyperreflective foci"", ""hard exudates""], ""Outer retina-1"": [], ""Outer retina-2"": [""EZ disruption""], ""Choroid"": []}}, ""L2"": ""abnormal"", ""L1_neg"": [""no SRF"", ""no PED""], ""L3_mgmt"": ""treatment"", ""caption"": ""Image quality is poor; findings should be interpreted with caution. At the vitreoretinal interface, epiretinal membrane (ERM) is observed. In the inner retina, intraretinal fluid (IRF), retinal hemorrhage, retinal thickening, hyperreflective foci, and hard exudates are observed. In the outer retina, ellipsoid zone (EZ) disruption is observed. No subretinal fluid (SRF) or pigment epithelial detachment (PED) is identified. Treatment may be considered."", ""_meta"": {""image"": ""BRVO_085.png"", ""annotator"": ""GT"", ""saved_at"": ""2026-09-03T11:37:38.278003""}}"
BRVO_087.png,GT,2026-09-03T11:38:13.797580,,,fair,ERM,IRF; hemorrhage; retinal thickening; hyperreflective foci,subretinal hemorrhage; EZ disruption,,no SRF; no PED,abnormal,treatment,"Image quality is limited but adequate for evaluation. At the vitreoretinal interface, epiretinal membrane (ERM) is observed. In the inner retina, intraretinal fluid (IRF), retinal hemorrhage, retinal thickening, and hyperreflective foci are observed. In the outer retina, subretinal hemorrhage and ellipsoid zone (EZ) disruption are observed. No subretinal fluid (SRF) or pigment epithelial detachment (PED) is identified. Treatment may be considered.","Image quality is limited but adequate for evaluation. At the vitreoretinal interface, epiretinal membrane (ERM) is observed. In the inner retina, intraretinal fluid (IRF), retinal hemorrhage, retinal thickening, and hyperreflective foci are observed. In the outer retina, subretinal hemorrhage and ellipsoid zone (EZ) disruption are observed. No subretinal fluid (SRF) or pigment epithelial detachment (PED) is identified. Treatment may be considered.","{""scan_type"": """", ""scan_loc"": """", ""quality"": ""fair"", ""L1_loc_findings"": {""Fovea (<500um)"": {""VRI"": [""ERM""], ""Intraretinal-1"": [""IRF"", ""hemorrhage"", ""retinal thickening""], ""Intraretinal-2"": [""hyperreflective foci""], ""Outer retina-1"": [""subretinal hemorrhage""], ""Outer retina-2"": [""EZ disruption""], ""Choroid"": []}}, ""L2"": ""abnormal"", ""L1_neg"": [""no SRF"", ""no PED""], ""L3_mgmt"": ""treatment"", ""caption"": ""Image quality is limited but adequate for evaluation. At the vitreoretinal interface, epiretinal membrane (ERM) is observed. In the inner retina, intraretinal fluid (IRF), retinal hemorrhage, retinal thickening, and hyperreflective foci are observed. In the outer retina, subretinal hemorrhage and ellipsoid zone (EZ) disruption are observed. No subretinal fluid (SRF) or pigment epithelial detachment (PED) is identified. Treatment may be considered."", ""_meta"": {""image"": ""BRVO_087.png"", ""annotator"": ""GT"", ""saved_at"": ""2026-09-03T11:38:13.797580""}}"
BRVO_088.png,GT,2026-09-03T11:39:56.454686,,,fair,ERM,IRF; hemorrhage; retinal thickening; hyperreflective foci; hard exudates,EZ disruption,choroidal thinning,no SRF; no PED,abnormal,observation,"Image quality is limited but adequate for evaluation. At the vitreoretinal interface, epiretinal membrane (ERM) is observed. In the inner retina, intraretinal fluid (IRF), retinal hemorrhage, retinal thickening, hyperreflective foci, and hard exudates are observed. In the outer retina, ellipsoid zone (EZ) disruption is observed. In the choroid, choroidal thinning is observed. No subretinal fluid (SRF) or pigment epithelial detachment (PED) is identified. Observation is appropriate.","Image quality is limited but adequate for evaluation. At the vitreoretinal interface, epiretinal membrane (ERM) is observed. In the inner retina, intraretinal fluid (IRF), retinal hemorrhage, retinal thickening, hyperreflective foci, and hard exudates are observed. In the outer retina, ellipsoid zone (EZ) disruption is observed. In the choroid, choroidal thinning is observed. No subretinal fluid (SRF) or pigment epithelial detachment (PED) is identified. Observation is appropriate.","{""scan_type"": """", ""scan_loc"": """", ""quality"": ""fair"", ""L1_loc_findings"": {""Fovea (<500um)"": {""VRI"": [""ERM""], ""Intraretinal-1"": [""IRF"", ""hemorrhage"", ""retinal thickening""], ""Intraretinal-2"": [""hyperreflective foci"", ""hard exudates""], ""Outer retina-1"": [], ""Outer retina-2"": [""EZ disruption""], ""Choroid"": [""choroidal thinning""]}}, ""L2"": ""abnormal"", ""L1_neg"": [""no SRF"", ""no PED""], ""L3_mgmt"": ""observation"", ""caption"": ""Image quality is limited but adequate for evaluation. At the vitreoretinal interface, epiretinal membrane (ERM) is observed. In the inner retina, intraretinal fluid (IRF), retinal hemorrhage, retinal thickening, hyperreflective foci, and hard exudates are observed. In the outer retina, ellipsoid zone (EZ) disruption is observed. In the choroid, choroidal thinning is observed. No subretinal fluid (SRF) or pigment epithelial detachment (PED) is identified. Observation is appropriate."", ""_meta"": {""image"": ""BRVO_088.png"", ""annotator"": ""GT"", ""saved_at"": ""2026-09-03T11:39:56.454686""}}"
BRVO_089.png,GT,2026-09-03T11:40:50.701943,,,good,,IRF; retinal thickening; inner thinning; hyperreflective foci,EZ disruption,choroidal thickening,no SRF; no PED; no ERM,abnormal,observation,"Image quality is sufficient for evaluation. In the inner retina, intraretinal fluid (IRF), retinal thickening, inner retinal thinning, and hyperreflective foci are observed. In the outer retina, ellipsoid zone (EZ) disruption is observed. In the choroid, choroidal thickening is observed. No subretinal fluid (SRF), pigment epithelial detachment (PED), or epiretinal membrane (ERM) is identified. Observation is appropriate.","Image quality is sufficient for evaluation. In the inner retina, intraretinal fluid (IRF), retinal thickening, inner retinal thinning, and hyperreflective foci are observed. In the outer retina, ellipsoid zone (EZ) disruption is observed. In the choroid, choroidal thickening is observed. No subretinal fluid (SRF), pigment epithelial detachment (PED), or epiretinal membrane (ERM) is identified. Observation is appropriate.","{""scan_type"": """", ""scan_loc"": """", ""quality"": ""good"", ""L1_loc_findings"": {""Fovea (<500um)"": {""VRI"": [], ""Intraretinal-1"": [""IRF"", ""retinal thickening""], ""Intraretinal-2"": [""inner thinning"", ""hyperreflective foci""], ""Outer retina-1"": [], ""Outer retina-2"": [""EZ disruption""], ""Choroid"": [""choroidal thickening""]}}, ""L2"": ""abnormal"", ""L1_neg"": [""no SRF"", ""no PED"", ""no ERM""], ""L3_mgmt"": ""observation"", ""caption"": ""Image quality is sufficient for evaluation. In the inner retina, intraretinal fluid (IRF), retinal thickening, inner retinal thinning, and hyperreflective foci are observed. In the outer retina, ellipsoid zone (EZ) disruption is observed. In the choroid, choroidal thickening is observed. No subretinal fluid (SRF), pigment epithelial detachment (PED), or epiretinal membrane (ERM) is identified. Observation is appropriate."", ""_meta"": {""image"": ""BRVO_089.png"", ""annotator"": ""GT"", ""saved_at"": ""2026-09-03T11:40:50.701943""}}"
BRVO_090.png,GT,2026-09-03T11:41:32.910174,,,fair,ERM,IRF; hemorrhage; retinal thickening; hyperreflective foci,subretinal hemorrhage; EZ disruption,choroidal thinning,no SRF; no PED,abnormal,treatment,"Image quality is limited but adequate for evaluation. At the vitreoretinal interface, epiretinal membrane (ERM) is observed. In the inner retina, intraretinal fluid (IRF), retinal hemorrhage, retinal thickening, and hyperreflective foci are observed. In the outer retina, subretinal hemorrhage and ellipsoid zone (EZ) disruption are observed. In the choroid, choroidal thinning is observed. No subretinal fluid (SRF) or pigment epithelial detachment (PED) is identified. Treatment may be considered.","Image quality is limited but adequate for evaluation. At the vitreoretinal interface, epiretinal membrane (ERM) is observed. In the inner retina, intraretinal fluid (IRF), retinal hemorrhage, retinal thickening, and hyperreflective foci are observed. In the outer retina, subretinal hemorrhage and ellipsoid zone (EZ) disruption are observed. In the choroid, choroidal thinning is observed. No subretinal fluid (SRF) or pigment epithelial detachment (PED) is identified. Treatment may be considered.","{""scan_type"": """", ""scan_loc"": """", ""quality"": ""fair"", ""L1_loc_findings"": {""Fovea (<500um)"": {""VRI"": [""ERM""], ""Intraretinal-1"": [""IRF"", ""hemorrhage"", ""retinal thickening""], ""Intraretinal-2"": [""hyperreflective foci""], ""Outer retina-1"": [""subretinal hemorrhage""], ""Outer retina-2"": [""EZ disruption""], ""Choroid"": [""choroidal thinning""]}}, ""L2"": ""abnormal"", ""L1_neg"": [""no SRF"", ""no PED""], ""L3_mgmt"": ""treatment"", ""caption"": ""Image quality is limited but adequate for evaluation. At the vitreoretinal interface, epiretinal membrane (ERM) is observed. In the inner retina, intraretinal fluid (IRF), retinal hemorrhage, retinal thickening, and hyperreflective foci are observed. In the outer retina, subretinal hemorrhage and ellipsoid zone (EZ) disruption are observed. In the choroid, choroidal thinning is observed. No subretinal fluid (SRF) or pigment epithelial detachment (PED) is identified. Treatment may be considered."", ""_meta"": {""image"": ""BRVO_090.png"", ""annotator"": ""GT"", ""saved_at"": ""2026-09-03T11:41:32.910174""}}"
BRVO_091.png,GT,2026-09-03T11:42:09.609274,,,good,,IRF; hemorrhage; retinal thickening; hyperreflective foci,,,no SRF; no PED; EZ intact; no ERM,abnormal,treatment,"Image quality is sufficient for evaluation. In the inner retina, intraretinal fluid (IRF), retinal hemorrhage, retinal thickening, and hyperreflective foci are observed. No subretinal fluid (SRF), pigment epithelial detachment (PED), ellipsoid zone (EZ) disruption, or epiretinal membrane (ERM) is identified. Treatment may be considered.","Image quality is sufficient for evaluation. In the inner retina, intraretinal fluid (IRF), retinal hemorrhage, retinal thickening, and hyperreflective foci are observed. No subretinal fluid (SRF), pigment epithelial detachment (PED), ellipsoid zone (EZ) disruption, or epiretinal membrane (ERM) is identified. Treatment may be considered.","{""scan_type"": """", ""scan_loc"": """", ""quality"": ""good"", ""L1_loc_findings"": {""Fovea (<500um)"": {""VRI"": [], ""Intraretinal-1"": [""IRF"", ""hemorrhage"", ""retinal thickening""], ""Intraretinal-2"": [""hyperreflective foci""], ""Outer retina-1"": [], ""Outer retina-2"": [], ""Choroid"": []}}, ""L2"": ""abnormal"", ""L1_neg"": [""no SRF"", ""no PED"", ""EZ intact"", ""no ERM""], ""L3_mgmt"": ""treatment"", ""caption"": ""Image quality is sufficient for evaluation. In the inner retina, intraretinal fluid (IRF), retinal hemorrhage, retinal thickening, and hyperreflective foci are observed. No subretinal fluid (SRF), pigment epithelial detachment (PED), ellipsoid zone (EZ) disruption, or epiretinal membrane (ERM) is identified. Treatment may be considered."", ""_meta"": {""image"": ""BRVO_091.png"", ""annotator"": ""GT"", ""saved_at"": ""2026-09-03T11:42:09.609274""}}"
BRVO_092.png,GT,2026-09-04T01:18:08.690084,,,good,ERM,IRF; hemorrhage; retinal thickening; hyperreflective foci; hard exudates,SRF; subretinal hemorrhage; EZ disruption,choroidal thinning,no PED,abnormal,treatment,"Image quality is sufficient for evaluation. At the vitreoretinal interface, epiretinal membrane (ERM) is observed. In the inner retina, intraretinal fluid (IRF), retinal thickening, hyperreflective foci, and hard exudates are observed. In the outer retina, subretinal fluid (SRF), subretinal hemorrhage, and ellipsoid zone (EZ) disruption are observed. In the choroid, choroidal thinning is observed. No pigment epithelial detachment (PED) is identified. Treatment may be considered.","Image quality is sufficient for evaluation. At the vitreoretinal interface, epiretinal membrane (ERM) is observed. In the inner retina, intraretinal fluid (IRF), retinal hemorrhage, retinal thickening, hyperreflective foci, and hard exudates are observed. In the outer retina, subretinal fluid (SRF), subretinal hemorrhage, and ellipsoid zone (EZ) disruption are observed. In the choroid, choroidal thinning is observed. No pigment epithelial detachment (PED) is identified. Treatment may be considered.","{""scan_type"": """", ""scan_loc"": """", ""quality"": ""good"", ""L1_loc_findings"": {""Fovea (<500um)"": {""VRI"": [""ERM""], ""Intraretinal-1"": [""IRF"", ""hemorrhage"", ""retinal thickening""], ""Intraretinal-2"": [""hyperreflective foci"", ""hard exudates""], ""Outer retina-1"": [""SRF"", ""subretinal hemorrhage""], ""Outer retina-2"": [""EZ disruption""], ""Choroid"": [""choroidal thinning""]}}, ""L2"": ""abnormal"", ""L1_neg"": [""no PED""], ""L3_mgmt"": ""treatment"", ""caption"": ""Image quality is sufficient for evaluation. At the vitreoretinal interface, epiretinal membrane (ERM) is observed. In the inner retina, intraretinal fluid (IRF), retinal thickening, hyperreflective foci, and hard exudates are observed. In the outer retina, subretinal fluid (SRF), subretinal hemorrhage, and ellipsoid zone (EZ) disruption are observed. In the choroid, choroidal thinning is observed. No pigment epithelial detachment (PED) is identified. Treatment may be considered."", ""_meta"": {""image"": ""BRVO_092.png"", ""annotator"": ""GT"", ""saved_at"": ""2026-09-04T01:18:08.690084""}}"
BRVO_093.png,GT,2026-09-04T01:21:10.946049,,,fair,,IRF; hemorrhage; retinal thickening; hyperreflective foci,SRF,,no PED; EZ intact; no ERM,abnormal,treatment,"Image quality is limited but adequate for evaluation. In the inner retina, intraretinal fluid (IRF), retinal hemorrhage, retinal thickening, and hyperreflective foci are observed. In the outer retina, subretinal fluid (SRF) is observed. No pigment epithelial detachment (PED), ellipsoid zone (EZ) disruption, or epiretinal membrane (ERM) is identified. Treatment may be considered.","Image quality is limited but adequate for evaluation. In the inner retina, intraretinal fluid (IRF), retinal hemorrhage, retinal thickening, and hyperreflective foci are observed. In the outer retina, subretinal fluid (SRF) is observed. No pigment epithelial detachment (PED), ellipsoid zone (EZ) disruption, or epiretinal membrane (ERM) is identified. Treatment may be considered.","{""scan_type"": """", ""scan_loc"": """", ""quality"": ""fair"", ""L1_loc_findings"": {""Fovea (<500um)"": {""VRI"": [], ""Intraretinal-1"": [""IRF"", ""hemorrhage"", ""retinal thickening""], ""Intraretinal-2"": [""hyperreflective foci""], ""Outer retina-1"": [""SRF""], ""Outer retina-2"": [], ""Choroid"": []}}, ""L2"": ""abnormal"", ""L1_neg"": [""no PED"", ""EZ intact"", ""no ERM""], ""L3_mgmt"": ""treatment"", ""caption"": ""Image quality is limited but adequate for evaluation. In the inner retina, intraretinal fluid (IRF), retinal hemorrhage, retinal thickening, and hyperreflective foci are observed. In the outer retina, subretinal fluid (SRF) is observed. No pigment epithelial detachment (PED), ellipsoid zone (EZ) disruption, or epiretinal membrane (ERM) is identified. Treatment may be considered."", ""_meta"": {""image"": ""BRVO_093.png"", ""annotator"": ""GT"", ""saved_at"": ""2026-09-04T01:21:10.946049""}}"
BRVO_094.png,GT,2026-09-04T01:21:32.489952,,,poor,,IRF; hemorrhage; retinal thickening,subretinal hemorrhage; EZ disruption,,no SRF; no PED; no ERM,abnormal,treatment,"Image quality is poor; findings should be interpreted with caution. In the inner retina, intraretinal fluid (IRF), retinal hemorrhage, and retinal thickening are observed. In the outer retina, subretinal hemorrhage and ellipsoid zone (EZ) disruption are observed. No subretinal fluid (SRF), pigment epithelial detachment (PED), or epiretinal membrane (ERM) is identified. Treatment may be considered.","Image quality is poor; findings should be interpreted with caution. In the inner retina, intraretinal fluid (IRF), retinal hemorrhage, and retinal thickening are observed. In the outer retina, subretinal hemorrhage and ellipsoid zone (EZ) disruption are observed. No subretinal fluid (SRF), pigment epithelial detachment (PED), or epiretinal membrane (ERM) is identified. Treatment may be considered.","{""scan_type"": """", ""scan_loc"": """", ""quality"": ""poor"", ""L1_loc_findings"": {""Fovea (<500um)"": {""VRI"": [], ""Intraretinal-1"": [""IRF"", ""hemorrhage"", ""retinal thickening""], ""Intraretinal-2"": [], ""Outer retina-1"": [""subretinal hemorrhage""], ""Outer retina-2"": [""EZ disruption""], ""Choroid"": []}}, ""L2"": ""abnormal"", ""L1_neg"": [""no SRF"", ""no PED"", ""no ERM""], ""L3_mgmt"": ""treatment"", ""caption"": ""Image quality is poor; findings should be interpreted with caution. In the inner retina, intraretinal fluid (IRF), retinal hemorrhage, and retinal thickening are observed. In the outer retina, subretinal hemorrhage and ellipsoid zone (EZ) disruption are observed. No subretinal fluid (SRF), pigment epithelial detachment (PED), or epiretinal membrane (ERM) is identified. Treatment may be considered."", ""_meta"": {""image"": ""BRVO_094.png"", ""annotator"": ""GT"", ""saved_at"": ""2026-09-04T01:21:32.489952""}}"
BRVO_095.png,GT,2026-09-04T07:15:20.129411,,,good,,IRF; retinal thickening; hyperreflective foci,SRF; subretinal hemorrhage; EZ disruption,choroidal thinning,no PED; no ERM,abnormal,treatment,"Image quality is sufficient for evaluation. In the inner retina, intraretinal fluid (IRF), retinal thickening, and hyperreflective foci are observed. In the outer retina, subretinal fluid (SRF), subretinal hemorrhage, and ellipsoid zone (EZ) disruption are observed. In the choroid, choroidal thinning is observed. No pigment epithelial detachment (PED) or epiretinal membrane (ERM) is identified. Treatment may be considered.","Image quality is sufficient for evaluation. In the inner retina, intraretinal fluid (IRF), retinal thickening, and hyperreflective foci are observed. In the outer retina, subretinal fluid (SRF), subretinal hemorrhage, and ellipsoid zone (EZ) disruption are observed. In the choroid, choroidal thinning is observed. No pigment epithelial detachment (PED) or epiretinal membrane (ERM) is identified. Treatment may be considered.","{""scan_type"": """", ""scan_loc"": """", ""quality"": ""good"", ""L1_loc_findings"": {""Fovea (<500um)"": {""VRI"": [], ""Intraretinal-1"": [""IRF"", ""retinal thickening""], ""Intraretinal-2"": [""hyperreflective foci""], ""Outer retina-1"": [""SRF"", ""subretinal hemorrhage""], ""Outer retina-2"": [""EZ disruption""], ""Choroid"": [""choroidal thinning""]}}, ""L2"": ""abnormal"", ""L1_neg"": [""no PED"", ""no ERM""], ""L3_mgmt"": ""treatment"", ""caption"": ""Image quality is sufficient for evaluation. In the inner retina, intraretinal fluid (IRF), retinal thickening, and hyperreflective foci are observed. In the outer retina, subretinal fluid (SRF), subretinal hemorrhage, and ellipsoid zone (EZ) disruption are observed. In the choroid, choroidal thinning is observed. No pigment epithelial detachment (PED) or epiretinal membrane (ERM) is identified. Treatment may be considered."", ""_meta"": {""image"": ""BRVO_095.png"", ""annotator"": ""GT"", ""saved_at"": ""2026-09-04T07:15:20.129411""}}"
BRVO_096.png,GT,2026-09-04T07:15:37.956130,,,good,,IRF; hemorrhage; retinal thickening,,,no SRF; no PED; EZ intact; no ERM,abnormal,observation,"Image quality is sufficient for evaluation. In the inner retina, intraretinal fluid (IRF), retinal hemorrhage, and retinal thickening are observed. No subretinal fluid (SRF), pigment epithelial detachment (PED), ellipsoid zone (EZ) disruption, or epiretinal membrane (ERM) is identified. Observation is appropriate.","Image quality is sufficient for evaluation. In the inner retina, intraretinal fluid (IRF), retinal hemorrhage, and retinal thickening are observed. No subretinal fluid (SRF), pigment epithelial detachment (PED), ellipsoid zone (EZ) disruption, or epiretinal membrane (ERM) is identified. Observation is appropriate.","{""scan_type"": """", ""scan_loc"": """", ""quality"": ""good"", ""L1_loc_findings"": {""Fovea (<500um)"": {""VRI"": [], ""Intraretinal-1"": [""IRF"", ""hemorrhage"", ""retinal thickening""], ""Intraretinal-2"": [], ""Outer retina-1"": [], ""Outer retina-2"": [], ""Choroid"": []}}, ""L2"": ""abnormal"", ""L1_neg"": [""no SRF"", ""no PED"", ""EZ intact"", ""no ERM""], ""L3_mgmt"": ""observation"", ""caption"": ""Image quality is sufficient for evaluation. In the inner retina, intraretinal fluid (IRF), retinal hemorrhage, and retinal thickening are observed. No subretinal fluid (SRF), pigment epithelial detachment (PED), ellipsoid zone (EZ) disruption, or epiretinal membrane (ERM) is identified. Observation is appropriate."", ""_meta"": {""image"": ""BRVO_096.png"", ""annotator"": ""GT"", ""saved_at"": ""2026-09-04T07:15:37.956130""}}"
BRVO_097.png,GT,2026-09-04T07:15:50.515530,,,fair,,IRF; hemorrhage; retinal thickening,,,no SRF; no PED; no ERM,abnormal,treatment,"Image quality is limited but adequate for evaluation. In the inner retina, intraretinal fluid (IRF), retinal hemorrhage, and retinal thickening are observed. No subretinal fluid (SRF), pigment epithelial detachment (PED), or epiretinal membrane (ERM) is identified. Treatment may be considered.","Image quality is limited but adequate for evaluation. In the inner retina, intraretinal fluid (IRF), retinal hemorrhage, and retinal thickening are observed. No subretinal fluid (SRF), pigment epithelial detachment (PED), or epiretinal membrane (ERM) is identified. Treatment may be considered.","{""scan_type"": """", ""scan_loc"": """", ""quality"": ""fair"", ""L1_loc_findings"": {""Fovea (<500um)"": {""VRI"": [], ""Intraretinal-1"": [""IRF"", ""hemorrhage"", ""retinal thickening""], ""Intraretinal-2"": [], ""Outer retina-1"": [], ""Outer retina-2"": [], ""Choroid"": []}}, ""L2"": ""abnormal"", ""L1_neg"": [""no SRF"", ""no PED"", ""no ERM""], ""L3_mgmt"": ""treatment"", ""caption"": ""Image quality is limited but adequate for evaluation. In the inner retina, intraretinal fluid (IRF), retinal hemorrhage, and retinal thickening are observed. No subretinal fluid (SRF), pigment epithelial detachment (PED), or epiretinal membrane (ERM) is identified. Treatment may be considered."", ""_meta"": {""image"": ""BRVO_097.png"", ""annotator"": ""GT"", ""saved_at"": ""2026-09-04T07:15:50.515530""}}"
BRVO_098.png,GT,2026-09-04T07:16:03.461287,,,good,ERM,IRF; hemorrhage; retinal thickening,subretinal hemorrhage; EZ disruption,,no SRF; no PED,abnormal,treatment,"Image quality is sufficient for evaluation. At the vitreoretinal interface, epiretinal membrane (ERM) is observed. In the inner retina, intraretinal fluid (IRF), retinal hemorrhage, and retinal thickening are observed. In the outer retina, subretinal hemorrhage and ellipsoid zone (EZ) disruption are observed. No subretinal fluid (SRF) or pigment epithelial detachment (PED) is identified. Treatment may be considered.","Image quality is sufficient for evaluation. At the vitreoretinal interface, epiretinal membrane (ERM) is observed. In the inner retina, intraretinal fluid (IRF), retinal hemorrhage, and retinal thickening are observed. In the outer retina, subretinal hemorrhage and ellipsoid zone (EZ) disruption are observed. No subretinal fluid (SRF) or pigment epithelial detachment (PED) is identified. Treatment may be considered.","{""scan_type"": """", ""scan_loc"": """", ""quality"": ""good"", ""L1_loc_findings"": {""Fovea (<500um)"": {""VRI"": [""ERM""], ""Intraretinal-1"": [""IRF"", ""hemorrhage"", ""retinal thickening""], ""Intraretinal-2"": [], ""Outer retina-1"": [""subretinal hemorrhage""], ""Outer retina-2"": [""EZ disruption""], ""Choroid"": []}}, ""L2"": ""abnormal"", ""L1_neg"": [""no SRF"", ""no PED""], ""L3_mgmt"": ""treatment"", ""caption"": ""Image quality is sufficient for evaluation. At the vitreoretinal interface, epiretinal membrane (ERM) is observed. In the inner retina, intraretinal fluid (IRF), retinal hemorrhage, and retinal thickening are observed. In the outer retina, subretinal hemorrhage and ellipsoid zone (EZ) disruption are observed. No subretinal fluid (SRF) or pigment epithelial detachment (PED) is identified. Treatment may be considered."", ""_meta"": {""image"": ""BRVO_098.png"", ""annotator"": ""GT"", ""saved_at"": ""2026-09-04T07:16:03.461287""}}"
BRVO_099.png,GT,2026-09-04T07:16:34.549162,,,good,,IRF; hemorrhage; retinal thickening; hyperreflective foci,SRF; EZ disruption,,no PED; no ERM,abnormal,treatment,"Image quality is sufficient for evaluation. In the inner retina, intraretinal fluid (IRF), retinal hemorrhage, retinal thickening, and hyperreflective foci are observed. In the outer retina, subretinal fluid (SRF) and ellipsoid zone (EZ) disruption are observed. No pigment epithelial detachment (PED) or epiretinal membrane (ERM) is identified. Treatment may be considered.","Image quality is sufficient for evaluation. In the inner retina, intraretinal fluid (IRF), retinal hemorrhage, retinal thickening, and hyperreflective foci are observed. In the outer retina, subretinal fluid (SRF) and ellipsoid zone (EZ) disruption are observed. No pigment epithelial detachment (PED) or epiretinal membrane (ERM) is identified. Treatment may be considered.","{""scan_type"": """", ""scan_loc"": """", ""quality"": ""good"", ""L1_loc_findings"": {""Fovea (<500um)"": {""VRI"": [], ""Intraretinal-1"": [""IRF"", ""hemorrhage"", ""retinal thickening""], ""Intraretinal-2"": [""hyperreflective foci""], ""Outer retina-1"": [""SRF""], ""Outer retina-2"": [""EZ disruption""], ""Choroid"": []}}, ""L2"": ""abnormal"", ""L1_neg"": [""no PED"", ""no ERM""], ""L3_mgmt"": ""treatment"", ""caption"": ""Image quality is sufficient for evaluation. In the inner retina, intraretinal fluid (IRF), retinal hemorrhage, retinal thickening, and hyperreflective foci are observed. In the outer retina, subretinal fluid (SRF) and ellipsoid zone (EZ) disruption are observed. No pigment epithelial detachment (PED) or epiretinal membrane (ERM) is identified. Treatment may be considered."", ""_meta"": {""image"": ""BRVO_099.png"", ""annotator"": ""GT"", ""saved_at"": ""2026-09-04T07:16:34.549162""}}"
BRVO_100.png,GT,2026-09-04T07:17:09.287778,,,fair,,IRF; hemorrhage; retinal thickening; hyperreflective foci,EZ disruption,choroidal thinning,no SRF; no PED; no ERM,abnormal,treatment,"Image quality is limited but adequate for evaluation. In the inner retina, intraretinal fluid (IRF), retinal hemorrhage, retinal thickening, and hyperreflective foci are observed. In the outer retina, ellipsoid zone (EZ) disruption is observed. In the choroid, choroidal thinning is observed. No subretinal fluid (SRF), pigment epithelial detachment (PED), or epiretinal membrane (ERM) is identified. Treatment may be considered.","Image quality is limited but adequate for evaluation. In the inner retina, intraretinal fluid (IRF), retinal hemorrhage, retinal thickening, and hyperreflective foci are observed. In the outer retina, ellipsoid zone (EZ) disruption is observed. In the choroid, choroidal thinning is observed. No subretinal fluid (SRF), pigment epithelial detachment (PED), or epiretinal membrane (ERM) is identified. Treatment may be considered.","{""scan_type"": """", ""scan_loc"": """", ""quality"": ""fair"", ""L1_loc_findings"": {""Fovea (<500um)"": {""VRI"": [], ""Intraretinal-1"": [""IRF"", ""hemorrhage"", ""retinal thickening""], ""Intraretinal-2"": [""hyperreflective foci""], ""Outer retina-1"": [], ""Outer retina-2"": [""EZ disruption""], ""Choroid"": [""choroidal thinning""]}}, ""L2"": ""abnormal"", ""L1_neg"": [""no SRF"", ""no PED"", ""no ERM""], ""L3_mgmt"": ""treatment"", ""caption"": ""Image quality is limited but adequate for evaluation. In the inner retina, intraretinal fluid (IRF), retinal hemorrhage, retinal thickening, and hyperreflective foci are observed. In the outer retina, ellipsoid zone (EZ) disruption is observed. In the choroid, choroidal thinning is observed. No subretinal fluid (SRF), pigment epithelial detachment (PED), or epiretinal membrane (ERM) is identified. Treatment may be considered."", ""_meta"": {""image"": ""BRVO_100.png"", ""annotator"": ""GT"", ""saved_at"": ""2026-09-04T07:17:09.287778""}}"
BRVO_101.png,GT,2026-09-04T07:17:55.141694,,,good,PVD; ERM,IRF; retinal thickening; tractional thickening,,,no SRF; no PED,abnormal,observation,"Image quality is sufficient for evaluation. At the vitreoretinal interface, posterior vitreous detachment (PVD) and epiretinal membrane (ERM) are observed. In the inner retina, intraretinal fluid (IRF), retinal thickening, and tractional retinal thickening are observed. No subretinal fluid (SRF) or pigment epithelial detachment (PED) is identified. Observation is appropriate.","Image quality is sufficient for evaluation. At the vitreoretinal interface, posterior vitreous detachment (PVD) and epiretinal membrane (ERM) are observed. In the inner retina, intraretinal fluid (IRF), retinal thickening, and tractional retinal thickening are observed. No subretinal fluid (SRF) or pigment epithelial detachment (PED) is identified. Observation is appropriate.","{""scan_type"": """", ""scan_loc"": """", ""quality"": ""good"", ""L1_loc_findings"": {""Fovea (<500um)"": {""VRI"": [""PVD"", ""ERM""], ""Intraretinal-1"": [""IRF"", ""retinal thickening"", ""tractional thickening""], ""Intraretinal-2"": [], ""Outer retina-1"": [], ""Outer retina-2"": [], ""Choroid"": []}}, ""L2"": ""abnormal"", ""L1_neg"": [""no SRF"", ""no PED""], ""L3_mgmt"": ""observation"", ""caption"": ""Image quality is sufficient for evaluation. At the vitreoretinal interface, posterior vitreous detachment (PVD) and epiretinal membrane (ERM) are observed. In the inner retina, intraretinal fluid (IRF), retinal thickening, and tractional retinal thickening are observed. No subretinal fluid (SRF) or pigment epithelial detachment (PED) is identified. Observation is appropriate."", ""_meta"": {""image"": ""BRVO_101.png"", ""annotator"": ""GT"", ""saved_at"": ""2026-09-04T07:17:55.141694""}}"
BRVO_103.png,GT,2026-09-04T07:18:24.095534,,,fair,,IRF; hemorrhage; retinal thickening,subretinal hemorrhage; EZ disruption,,no SRF; no PED; no ERM,abnormal,treatment,"Image quality is limited but adequate for evaluation. In the inner retina, intraretinal fluid (IRF), retinal hemorrhage, and retinal thickening are observed. In the outer retina, subretinal hemorrhage and ellipsoid zone (EZ) disruption are observed. No subretinal fluid (SRF), pigment epithelial detachment (PED), or epiretinal membrane (ERM) is identified. Treatment may be considered.","Image quality is limited but adequate for evaluation. In the inner retina, intraretinal fluid (IRF), retinal hemorrhage, and retinal thickening are observed. In the outer retina, subretinal hemorrhage and ellipsoid zone (EZ) disruption are observed. No subretinal fluid (SRF), pigment epithelial detachment (PED), or epiretinal membrane (ERM) is identified. Treatment may be considered.","{""scan_type"": """", ""scan_loc"": """", ""quality"": ""fair"", ""L1_loc_findings"": {""Fovea (<500um)"": {""VRI"": [], ""Intraretinal-1"": [""IRF"", ""hemorrhage"", ""retinal thickening""], ""Intraretinal-2"": [], ""Outer retina-1"": [""subretinal hemorrhage""], ""Outer retina-2"": [""EZ disruption""], ""Choroid"": []}}, ""L2"": ""abnormal"", ""L1_neg"": [""no SRF"", ""no PED"", ""no ERM""], ""L3_mgmt"": ""treatment"", ""caption"": ""Image quality is limited but adequate for evaluation. In the inner retina, intraretinal fluid (IRF), retinal hemorrhage, and retinal thickening are observed. In the outer retina, subretinal hemorrhage and ellipsoid zone (EZ) disruption are observed. No subretinal fluid (SRF), pigment epithelial detachment (PED), or epiretinal membrane (ERM) is identified. Treatment may be considered."", ""_meta"": {""image"": ""BRVO_103.png"", ""annotator"": ""GT"", ""saved_at"": ""2026-09-04T07:18:24.095534""}}"
BRVO_104.png,GT,2026-09-04T07:49:43.198178,,,good,,IRF; hemorrhage; retinal thickening; hyperreflective foci,EZ disruption; drusen,,no SRF; no PED; no ERM,abnormal,treatment,"Image quality is sufficient for evaluation. In the inner retina, intraretinal fluid (IRF), retinal hemorrhage, retinal thickening, and hyperreflective foci are observed. In the outer retina, ellipsoid zone (EZ) disruption and drusen are observed. No subretinal fluid (SRF), pigment epithelial detachment (PED), or epiretinal membrane (ERM) is identified. Treatment may be considered.","Image quality is sufficient for evaluation. In the inner retina, intraretinal fluid (IRF), retinal hemorrhage, retinal thickening, and hyperreflective foci are observed. In the outer retina, ellipsoid zone (EZ) disruption and drusen are observed. No subretinal fluid (SRF), pigment epithelial detachment (PED), or epiretinal membrane (ERM) is identified. Treatment may be considered.","{""scan_type"": """", ""scan_loc"": """", ""quality"": ""good"", ""L1_loc_findings"": {""Fovea (<500um)"": {""VRI"": [], ""Intraretinal-1"": [""IRF"", ""hemorrhage"", ""retinal thickening""], ""Intraretinal-2"": [""hyperreflective foci""], ""Outer retina-1"": [], ""Outer retina-2"": [""EZ disruption"", ""drusen""], ""Choroid"": []}}, ""L2"": ""abnormal"", ""L1_neg"": [""no SRF"", ""no PED"", ""no ERM""], ""L3_mgmt"": ""treatment"", ""caption"": ""Image quality is sufficient for evaluation. In the inner retina, intraretinal fluid (IRF), retinal hemorrhage, retinal thickening, and hyperreflective foci are observed. In the outer retina, ellipsoid zone (EZ) disruption and drusen are observed. No subretinal fluid (SRF), pigment epithelial detachment (PED), or epiretinal membrane (ERM) is identified. Treatment may be considered."", ""_meta"": {""image"": ""BRVO_104.png"", ""annotator"": ""GT"", ""saved_at"": ""2026-09-04T07:49:43.198178""}}"
BRVO_105.png,GT,2026-09-07T00:44:43.960631,,,good,,IRF; retinal thickening; hyperreflective foci,,,no SRF; no PED; EZ intact; no ERM,abnormal,treatment,"Image quality is sufficient for evaluation. In the inner retina, intraretinal fluid (IRF), retinal thickening, and hyperreflective foci are observed. No subretinal fluid (SRF), pigment epithelial detachment (PED), ellipsoid zone (EZ) disruption, or epiretinal membrane (ERM) is identified. Treatment may be considered.","Image quality is sufficient for evaluation. In the inner retina, intraretinal fluid (IRF), retinal thickening, and hyperreflective foci are observed. No subretinal fluid (SRF), pigment epithelial detachment (PED), ellipsoid zone (EZ) disruption, or epiretinal membrane (ERM) is identified. Treatment may be considered.","{""scan_type"": """", ""scan_loc"": """", ""quality"": ""good"", ""L1_loc_findings"": {""Fovea (<500um)"": {""VRI"": [], ""Intraretinal-1"": [""IRF"", ""retinal thickening""], ""Intraretinal-2"": [""hyperreflective foci""], ""Outer retina-1"": [], ""Outer retina-2"": [], ""Choroid"": []}}, ""L2"": ""abnormal"", ""L1_neg"": [""no SRF"", ""no PED"", ""EZ intact"", ""no ERM""], ""L3_mgmt"": ""treatment"", ""caption"": ""Image quality is sufficient for evaluation. In the inner retina, intraretinal fluid (IRF), retinal thickening, and hyperreflective foci are observed. No subretinal fluid (SRF), pigment epithelial detachment (PED), ellipsoid zone (EZ) disruption, or epiretinal membrane (ERM) is identified. Treatment may be considered."", ""_meta"": {""image"": ""BRVO_105.png"", ""annotator"": ""GT"", ""saved_at"": ""2026-09-07T00:44:43.960631""}}"
BRVO_106.png,GT,2026-09-07T00:45:09.909277,,,good,PVD,IRF; hemorrhage; retinal thickening; hyperreflective foci,SRF; subretinal hemorrhage; EZ disruption,,no PED; no ERM,abnormal,treatment,"Image quality is sufficient for evaluation. At the vitreoretinal interface, posterior vitreous detachment (PVD) is observed. In the inner retina, intraretinal fluid (IRF), retinal hemorrhage, retinal thickening, and hyperreflective foci are observed. In the outer retina, subretinal fluid (SRF), subretinal hemorrhage, and ellipsoid zone (EZ) disruption are observed. No pigment epithelial detachment (PED) or epiretinal membrane (ERM) is identified. Treatment may be considered.","Image quality is sufficient for evaluation. At the vitreoretinal interface, posterior vitreous detachment (PVD) is observed. In the inner retina, intraretinal fluid (IRF), retinal hemorrhage, retinal thickening, and hyperreflective foci are observed. In the outer retina, subretinal fluid (SRF), subretinal hemorrhage, and ellipsoid zone (EZ) disruption are observed. No pigment epithelial detachment (PED) or epiretinal membrane (ERM) is identified. Treatment may be considered.","{""scan_type"": """", ""scan_loc"": """", ""quality"": ""good"", ""L1_loc_findings"": {""Fovea (<500um)"": {""VRI"": [""PVD""], ""Intraretinal-1"": [""IRF"", ""hemorrhage"", ""retinal thickening""], ""Intraretinal-2"": [""hyperreflective foci""], ""Outer retina-1"": [""SRF"", ""subretinal hemorrhage""], ""Outer retina-2"": [""EZ disruption""], ""Choroid"": []}}, ""L2"": ""abnormal"", ""L1_neg"": [""no PED"", ""no ERM""], ""L3_mgmt"": ""treatment"", ""caption"": ""Image quality is sufficient for evaluation. At the vitreoretinal interface, posterior vitreous detachment (PVD) is observed. In the inner retina, intraretinal fluid (IRF), retinal hemorrhage, retinal thickening, and hyperreflective foci are observed. In the outer retina, subretinal fluid (SRF), subretinal hemorrhage, and ellipsoid zone (EZ) disruption are observed. No pigment epithelial detachment (PED) or epiretinal membrane (ERM) is identified. Treatment may be considered."", ""_meta"": {""image"": ""BRVO_106.png"", ""annotator"": ""GT"", ""saved_at"": ""2026-09-07T00:45:09.909277""}}"
BRVO_107.png,GT,2026-09-07T00:45:53.049372,,,fair,,IRF; hemorrhage; retinal thickening; hyperreflective foci,subretinal hemorrhage; EZ disruption,,no SRF; no PED; no ERM,abnormal,treatment,"Image quality is limited but adequate for evaluation. In the inner retina, intraretinal fluid (IRF), retinal hemorrhage, retinal thickening, and hyperreflective foci are observed. In the outer retina, subretinal hemorrhage and ellipsoid zone (EZ) disruption are observed. No subretinal fluid (SRF), pigment epithelial detachment (PED), or epiretinal membrane (ERM) is identified. Treatment may be considered.","Image quality is limited but adequate for evaluation. In the inner retina, intraretinal fluid (IRF), retinal hemorrhage, retinal thickening, and hyperreflective foci are observed. In the outer retina, subretinal hemorrhage and ellipsoid zone (EZ) disruption are observed. No subretinal fluid (SRF), pigment epithelial detachment (PED), or epiretinal membrane (ERM) is identified. Treatment may be considered.","{""scan_type"": """", ""scan_loc"": """", ""quality"": ""fair"", ""L1_loc_findings"": {""Fovea (<500um)"": {""VRI"": [], ""Intraretinal-1"": [""IRF"", ""hemorrhage"", ""retinal thickening""], ""Intraretinal-2"": [""hyperreflective foci""], ""Outer retina-1"": [""subretinal hemorrhage""], ""Outer retina-2"": [""EZ disruption""], ""Choroid"": []}}, ""L2"": ""abnormal"", ""L1_neg"": [""no SRF"", ""no PED"", ""no ERM""], ""L3_mgmt"": ""treatment"", ""caption"": ""Image quality is limited but adequate for evaluation. In the inner retina, intraretinal fluid (IRF), retinal hemorrhage, retinal thickening, and hyperreflective foci are observed. In the outer retina, subretinal hemorrhage and ellipsoid zone (EZ) disruption are observed. No subretinal fluid (SRF), pigment epithelial detachment (PED), or epiretinal membrane (ERM) is identified. Treatment may be considered."", ""_meta"": {""image"": ""BRVO_107.png"", ""annotator"": ""GT"", ""saved_at"": ""2026-09-07T00:45:53.049372""}}"
BRVO_108.png,GT,2026-09-07T00:46:19.255305,,,fair,,IRF; hemorrhage; retinal thickening; hyperreflective foci,EZ disruption,,no SRF; no PED; no ERM,abnormal,treatment,"Image quality is limited but adequate for evaluation. In the inner retina, intraretinal fluid (IRF), retinal hemorrhage, retinal thickening, and hyperreflective foci are observed. In the outer retina, ellipsoid zone (EZ) disruption is observed. No subretinal fluid (SRF), pigment epithelial detachment (PED), or epiretinal membrane (ERM) is identified. Treatment may be considered.","Image quality is limited but adequate for evaluation. In the inner retina, intraretinal fluid (IRF), retinal hemorrhage, retinal thickening, and hyperreflective foci are observed. In the outer retina, ellipsoid zone (EZ) disruption is observed. No subretinal fluid (SRF), pigment epithelial detachment (PED), or epiretinal membrane (ERM) is identified. Treatment may be considered.","{""scan_type"": """", ""scan_loc"": """", ""quality"": ""fair"", ""L1_loc_findings"": {""Fovea (<500um)"": {""VRI"": [], ""Intraretinal-1"": [""IRF"", ""hemorrhage"", ""retinal thickening""], ""Intraretinal-2"": [""hyperreflective foci""], ""Outer retina-1"": [], ""Outer retina-2"": [""EZ disruption""], ""Choroid"": []}}, ""L2"": ""abnormal"", ""L1_neg"": [""no SRF"", ""no PED"", ""no ERM""], ""L3_mgmt"": ""treatment"", ""caption"": ""Image quality is limited but adequate for evaluation. In the inner retina, intraretinal fluid (IRF), retinal hemorrhage, retinal thickening, and hyperreflective foci are observed. In the outer retina, ellipsoid zone (EZ) disruption is observed. No subretinal fluid (SRF), pigment epithelial detachment (PED), or epiretinal membrane (ERM) is identified. Treatment may be considered."", ""_meta"": {""image"": ""BRVO_108.png"", ""annotator"": ""GT"", ""saved_at"": ""2026-09-07T00:46:19.255305""}}"
BRVO_109.png,GT,2026-09-07T05:03:33.917666,,,fair,,IRF; hemorrhage; retinal thickening; hyperreflective foci,SRF; EZ disruption,,no PED; no ERM,abnormal,treatment,"Image quality is limited but adequate for evaluation. In the inner retina, intraretinal fluid (IRF), retinal hemorrhage, retinal thickening, and hyperreflective foci are observed. In the outer retina, subretinal fluid (SRF) and ellipsoid zone (EZ) disruption are observed. No pigment epithelial detachment (PED) or epiretinal membrane (ERM) is identified. Treatment may be considered.","Image quality is limited but adequate for evaluation. In the inner retina, intraretinal fluid (IRF), retinal hemorrhage, retinal thickening, and hyperreflective foci are observed. In the outer retina, subretinal fluid (SRF) and ellipsoid zone (EZ) disruption are observed. No pigment epithelial detachment (PED) or epiretinal membrane (ERM) is identified. Treatment may be considered.","{""scan_type"": """", ""scan_loc"": """", ""quality"": ""fair"", ""L1_loc_findings"": {""Fovea (<500um)"": {""VRI"": [], ""Intraretinal-1"": [""IRF"", ""hemorrhage"", ""retinal thickening""], ""Intraretinal-2"": [""hyperreflective foci""], ""Outer retina-1"": [""SRF""], ""Outer retina-2"": [""EZ disruption""], ""Choroid"": []}}, ""L2"": ""abnormal"", ""L1_neg"": [""no PED"", ""no ERM""], ""L3_mgmt"": ""treatment"", ""caption"": ""Image quality is limited but adequate for evaluation. In the inner retina, intraretinal fluid (IRF), retinal hemorrhage, retinal thickening, and hyperreflective foci are observed. In the outer retina, subretinal fluid (SRF) and ellipsoid zone (EZ) disruption are observed. No pigment epithelial detachment (PED) or epiretinal membrane (ERM) is identified. Treatment may be considered."", ""_meta"": {""image"": ""BRVO_109.png"", ""annotator"": ""GT"", ""saved_at"": ""2026-09-07T05:03:33.917666""}}"
BRVO_110.png,GT,2026-09-07T05:05:48.265830,,,fair,,IRF; hemorrhage; retinal thickening; hyperreflective foci,SRF; EZ disruption,choroidal thinning,no PED; no ERM,abnormal,treatment,"Image quality is limited but adequate for evaluation. In the inner retina, intraretinal fluid (IRF), retinal hemorrhage, retinal thickening, and hyperreflective foci are observed. In the outer retina, subretinal fluid (SRF) and ellipsoid zone (EZ) disruption are observed. In the choroid, choroidal thinning is observed. No pigment epithelial detachment (PED) or epiretinal membrane (ERM) is identified. Treatment may be considered.","Image quality is limited but adequate for evaluation. In the inner retina, intraretinal fluid (IRF), retinal hemorrhage, retinal thickening, and hyperreflective foci are observed. In the outer retina, subretinal fluid (SRF) and ellipsoid zone (EZ) disruption are observed. In the choroid, choroidal thinning is observed. No pigment epithelial detachment (PED) or epiretinal membrane (ERM) is identified. Treatment may be considered.","{""scan_type"": """", ""scan_loc"": """", ""quality"": ""fair"", ""L1_loc_findings"": {""Fovea (<500um)"": {""VRI"": [], ""Intraretinal-1"": [""IRF"", ""hemorrhage"", ""retinal thickening""], ""Intraretinal-2"": [""hyperreflective foci""], ""Outer retina-1"": [""SRF""], ""Outer retina-2"": [""EZ disruption""], ""Choroid"": [""choroidal thinning""]}}, ""L2"": ""abnormal"", ""L1_neg"": [""no PED"", ""no ERM""], ""L3_mgmt"": ""treatment"", ""caption"": ""Image quality is limited but adequate for evaluation. In the inner retina, intraretinal fluid (IRF), retinal hemorrhage, retinal thickening, and hyperreflective foci are observed. In the outer retina, subretinal fluid (SRF) and ellipsoid zone (EZ) disruption are observed. In the choroid, choroidal thinning is observed. No pigment epithelial detachment (PED) or epiretinal membrane (ERM) is identified. Treatment may be considered."", ""_meta"": {""image"": ""BRVO_110.png"", ""annotator"": ""GT"", ""saved_at"": ""2026-09-07T05:05:48.265830""}}"
BRVO_111.png,GT,2026-09-07T05:07:21.730681,,,good,,IRF; hemorrhage; retinal thickening; hyperreflective foci,SRF; subretinal hemorrhage; EZ disruption,choroidal thinning,no PED; no ERM,abnormal,treatment,"Image quality is sufficient for evaluation. In the inner retina, intraretinal fluid (IRF), retinal hemorrhage, retinal thickening, and hyperreflective foci are observed. In the outer retina, subretinal fluid (SRF), subretinal hemorrhage, and ellipsoid zone (EZ) disruption are observed. In the choroid, choroidal thinning is observed. No pigment epithelial detachment (PED) or epiretinal membrane (ERM) is identified. Treatment may be considered.","Image quality is sufficient for evaluation. In the inner retina, intraretinal fluid (IRF), retinal hemorrhage, retinal thickening, and hyperreflective foci are observed. In the outer retina, subretinal fluid (SRF), subretinal hemorrhage, and ellipsoid zone (EZ) disruption are observed. In the choroid, choroidal thinning is observed. No pigment epithelial detachment (PED) or epiretinal membrane (ERM) is identified. Treatment may be considered.","{""scan_type"": """", ""scan_loc"": """", ""quality"": ""good"", ""L1_loc_findings"": {""Fovea (<500um)"": {""VRI"": [], ""Intraretinal-1"": [""IRF"", ""hemorrhage"", ""retinal thickening""], ""Intraretinal-2"": [""hyperreflective foci""], ""Outer retina-1"": [""SRF"", ""subretinal hemorrhage""], ""Outer retina-2"": [""EZ disruption""], ""Choroid"": [""choroidal thinning""]}}, ""L2"": ""abnormal"", ""L1_neg"": [""no PED"", ""no ERM""], ""L3_mgmt"": ""treatment"", ""caption"": ""Image quality is sufficient for evaluation. In the inner retina, intraretinal fluid (IRF), retinal hemorrhage, retinal thickening, and hyperreflective foci are observed. In the outer retina, subretinal fluid (SRF), subretinal hemorrhage, and ellipsoid zone (EZ) disruption are observed. In the choroid, choroidal thinning is observed. No pigment epithelial detachment (PED) or epiretinal membrane (ERM) is identified. Treatment may be considered."", ""_meta"": {""image"": ""BRVO_111.png"", ""annotator"": ""GT"", ""saved_at"": ""2026-09-07T05:07:21.730681""}}"
BRVO_112.png,GT,2026-09-07T05:07:46.169592,,,fair,,IRF; hemorrhage; retinal thickening; hyperreflective foci,EZ disruption,choroidal thinning,no SRF; no PED; no ERM,abnormal,treatment,"Image quality is limited but adequate for evaluation. In the inner retina, intraretinal fluid (IRF), retinal hemorrhage, retinal thickening, and hyperreflective foci are observed. In the outer retina, ellipsoid zone (EZ) disruption is observed. In the choroid, choroidal thinning is observed. No subretinal fluid (SRF), pigment epithelial detachment (PED), or epiretinal membrane (ERM) is identified. Treatment may be considered.","Image quality is limited but adequate for evaluation. In the inner retina, intraretinal fluid (IRF), retinal hemorrhage, retinal thickening, and hyperreflective foci are observed. In the outer retina, ellipsoid zone (EZ) disruption is observed. In the choroid, choroidal thinning is observed. No subretinal fluid (SRF), pigment epithelial detachment (PED), or epiretinal membrane (ERM) is identified. Treatment may be considered.","{""scan_type"": """", ""scan_loc"": """", ""quality"": ""fair"", ""L1_loc_findings"": {""Fovea (<500um)"": {""VRI"": [], ""Intraretinal-1"": [""IRF"", ""hemorrhage"", ""retinal thickening""], ""Intraretinal-2"": [""hyperreflective foci""], ""Outer retina-1"": [], ""Outer retina-2"": [""EZ disruption""], ""Choroid"": [""choroidal thinning""]}}, ""L2"": ""abnormal"", ""L1_neg"": [""no SRF"", ""no PED"", ""no ERM""], ""L3_mgmt"": ""treatment"", ""caption"": ""Image quality is limited but adequate for evaluation. In the inner retina, intraretinal fluid (IRF), retinal hemorrhage, retinal thickening, and hyperreflective foci are observed. In the outer retina, ellipsoid zone (EZ) disruption is observed. In the choroid, choroidal thinning is observed. No subretinal fluid (SRF), pigment epithelial detachment (PED), or epiretinal membrane (ERM) is identified. Treatment may be considered."", ""_meta"": {""image"": ""BRVO_112.png"", ""annotator"": ""GT"", ""saved_at"": ""2026-09-07T05:07:46.169592""}}"
BRVO_113.png,GT,2026-09-07T05:08:19.407532,,,fair,ERM,IRF; hemorrhage; retinal thickening; hyperreflective foci; hard exudates,SRF; EZ disruption,,no PED,abnormal,treatment,"Image quality is limited but adequate for evaluation. At the vitreoretinal interface, epiretinal membrane (ERM) is observed. In the inner retina, intraretinal fluid (IRF), retinal hemorrhage, retinal thickening, hyperreflective foci, and hard exudates are observed. In the outer retina, subretinal fluid (SRF) and ellipsoid zone (EZ) disruption are observed. No pigment epithelial detachment (PED) is identified. Treatment may be considered.","Image quality is limited but adequate for evaluation. At the vitreoretinal interface, epiretinal membrane (ERM) is observed. In the inner retina, intraretinal fluid (IRF), retinal hemorrhage, retinal thickening, hyperreflective foci, and hard exudates are observed. In the outer retina, subretinal fluid (SRF) and ellipsoid zone (EZ) disruption are observed. No pigment epithelial detachment (PED) is identified. Treatment may be considered.","{""scan_type"": """", ""scan_loc"": """", ""quality"": ""fair"", ""L1_loc_findings"": {""Fovea (<500um)"": {""VRI"": [""ERM""], ""Intraretinal-1"": [""IRF"", ""hemorrhage"", ""retinal thickening""], ""Intraretinal-2"": [""hyperreflective foci"", ""hard exudates""], ""Outer retina-1"": [""SRF""], ""Outer retina-2"": [""EZ disruption""], ""Choroid"": []}}, ""L2"": ""abnormal"", ""L1_neg"": [""no PED""], ""L3_mgmt"": ""treatment"", ""caption"": ""Image quality is limited but adequate for evaluation. At the vitreoretinal interface, epiretinal membrane (ERM) is observed. In the inner retina, intraretinal fluid (IRF), retinal hemorrhage, retinal thickening, hyperreflective foci, and hard exudates are observed. In the outer retina, subretinal fluid (SRF) and ellipsoid zone (EZ) disruption are observed. No pigment epithelial detachment (PED) is identified. Treatment may be considered."", ""_meta"": {""image"": ""BRVO_113.png"", ""annotator"": ""GT"", ""saved_at"": ""2026-09-07T05:08:19.407532""}}"
BRVO_114.png,GT,2026-09-07T05:08:39.420276,,,good,PVD,IRF; hemorrhage; retinal thickening; hyperreflective foci,SRF; subretinal hemorrhage; EZ disruption,,no PED; no ERM,abnormal,treatment,"Image quality is sufficient for evaluation. At the vitreoretinal interface, posterior vitreous detachment (PVD) is observed. In the inner retina, intraretinal fluid (IRF), retinal hemorrhage, retinal thickening, and hyperreflective foci are observed. In the outer retina, subretinal fluid (SRF), subretinal hemorrhage, and ellipsoid zone (EZ) disruption are observed. No pigment epithelial detachment (PED) or epiretinal membrane (ERM) is identified. Treatment may be considered.","Image quality is sufficient for evaluation. At the vitreoretinal interface, posterior vitreous detachment (PVD) is observed. In the inner retina, intraretinal fluid (IRF), retinal hemorrhage, retinal thickening, and hyperreflective foci are observed. In the outer retina, subretinal fluid (SRF), subretinal hemorrhage, and ellipsoid zone (EZ) disruption are observed. No pigment epithelial detachment (PED) or epiretinal membrane (ERM) is identified. Treatment may be considered.","{""scan_type"": """", ""scan_loc"": """", ""quality"": ""good"", ""L1_loc_findings"": {""Fovea (<500um)"": {""VRI"": [""PVD""], ""Intraretinal-1"": [""IRF"", ""hemorrhage"", ""retinal thickening""], ""Intraretinal-2"": [""hyperreflective foci""], ""Outer retina-1"": [""SRF"", ""subretinal hemorrhage""], ""Outer retina-2"": [""EZ disruption""], ""Choroid"": []}}, ""L2"": ""abnormal"", ""L1_neg"": [""no PED"", ""no ERM""], ""L3_mgmt"": ""treatment"", ""caption"": ""Image quality is sufficient for evaluation. At the vitreoretinal interface, posterior vitreous detachment (PVD) is observed. In the inner retina, intraretinal fluid (IRF), retinal hemorrhage, retinal thickening, and hyperreflective foci are observed. In the outer retina, subretinal fluid (SRF), subretinal hemorrhage, and ellipsoid zone (EZ) disruption are observed. No pigment epithelial detachment (PED) or epiretinal membrane (ERM) is identified. Treatment may be considered."", ""_meta"": {""image"": ""BRVO_114.png"", ""annotator"": ""GT"", ""saved_at"": ""2026-09-07T05:08:39.420276""}}"
BRVO_115.png,GT,2026-09-07T05:09:07.603473,,,good,,IRF; hemorrhage; retinal thickening,SRF; subretinal hemorrhage; EZ disruption,choroidal thickening,no PED; no ERM,abnormal,treatment,"Image quality is sufficient for evaluation. In the inner retina, intraretinal fluid (IRF), retinal hemorrhage, and retinal thickening are observed. In the outer retina, subretinal fluid (SRF), subretinal hemorrhage, and ellipsoid zone (EZ) disruption are observed. In the choroid, choroidal thickening is observed. No pigment epithelial detachment (PED) or epiretinal membrane (ERM) is identified. Treatment may be considered.","Image quality is sufficient for evaluation. In the inner retina, intraretinal fluid (IRF), retinal hemorrhage, and retinal thickening are observed. In the outer retina, subretinal fluid (SRF), subretinal hemorrhage, and ellipsoid zone (EZ) disruption are observed. In the choroid, choroidal thickening is observed. No pigment epithelial detachment (PED) or epiretinal membrane (ERM) is identified. Treatment may be considered.","{""scan_type"": """", ""scan_loc"": """", ""quality"": ""good"", ""L1_loc_findings"": {""Fovea (<500um)"": {""VRI"": [], ""Intraretinal-1"": [""IRF"", ""hemorrhage"", ""retinal thickening""], ""Intraretinal-2"": [], ""Outer retina-1"": [""SRF"", ""subretinal hemorrhage""], ""Outer retina-2"": [""EZ disruption""], ""Choroid"": [""choroidal thickening""]}}, ""L2"": ""abnormal"", ""L1_neg"": [""no PED"", ""no ERM""], ""L3_mgmt"": ""treatment"", ""caption"": ""Image quality is sufficient for evaluation. In the inner retina, intraretinal fluid (IRF), retinal hemorrhage, and retinal thickening are observed. In the outer retina, subretinal fluid (SRF), subretinal hemorrhage, and ellipsoid zone (EZ) disruption are observed. In the choroid, choroidal thickening is observed. No pigment epithelial detachment (PED) or epiretinal membrane (ERM) is identified. Treatment may be considered."", ""_meta"": {""image"": ""BRVO_115.png"", ""annotator"": ""GT"", ""saved_at"": ""2026-09-07T05:09:07.603473""}}"
BRVO_116.png,GT,2026-09-07T05:09:39.312180,,,good,PVD,IRF; hemorrhage; retinal thickening,subretinal hemorrhage; EZ disruption,choroidal thickening,no SRF; no PED,abnormal,treatment,"Image quality is sufficient for evaluation. At the vitreoretinal interface, posterior vitreous detachment (PVD) is observed. In the inner retina, intraretinal fluid (IRF), retinal hemorrhage, and retinal thickening are observed. In the outer retina, subretinal hemorrhage and ellipsoid zone (EZ) disruption are observed. In the choroid, choroidal thickening is observed. No subretinal fluid (SRF) or pigment epithelial detachment (PED) is identified. Treatment may be considered.","Image quality is sufficient for evaluation. At the vitreoretinal interface, posterior vitreous detachment (PVD) is observed. In the inner retina, intraretinal fluid (IRF), retinal hemorrhage, and retinal thickening are observed. In the outer retina, subretinal hemorrhage and ellipsoid zone (EZ) disruption are observed. In the choroid, choroidal thickening is observed. No subretinal fluid (SRF) or pigment epithelial detachment (PED) is identified. Treatment may be considered.","{""scan_type"": """", ""scan_loc"": """", ""quality"": ""good"", ""L1_loc_findings"": {""Fovea (<500um)"": {""VRI"": [""PVD""], ""Intraretinal-1"": [""IRF"", ""hemorrhage"", ""retinal thickening""], ""Intraretinal-2"": [], ""Outer retina-1"": [""subretinal hemorrhage""], ""Outer retina-2"": [""EZ disruption""], ""Choroid"": [""choroidal thickening""]}}, ""L2"": ""abnormal"", ""L1_neg"": [""no SRF"", ""no PED""], ""L3_mgmt"": ""treatment"", ""caption"": ""Image quality is sufficient for evaluation. At the vitreoretinal interface, posterior vitreous detachment (PVD) is observed. In the inner retina, intraretinal fluid (IRF), retinal hemorrhage, and retinal thickening are observed. In the outer retina, subretinal hemorrhage and ellipsoid zone (EZ) disruption are observed. In the choroid, choroidal thickening is observed. No subretinal fluid (SRF) or pigment epithelial detachment (PED) is identified. Treatment may be considered."", ""_meta"": {""image"": ""BRVO_116.png"", ""annotator"": ""GT"", ""saved_at"": ""2026-09-07T05:09:39.312180""}}"
BRVO_119.png,GT,2026-09-07T05:10:01.627173,,,good,ERM,IRF; hemorrhage; retinal thickening; hyperreflective foci,EZ disruption,,no SRF; no PED,abnormal,treatment,"Image quality is sufficient for evaluation. At the vitreoretinal interface, epiretinal membrane (ERM) is observed. In the inner retina, intraretinal fluid (IRF), retinal hemorrhage, retinal thickening, and hyperreflective foci are observed. In the outer retina, ellipsoid zone (EZ) disruption is observed. No subretinal fluid (SRF) or pigment epithelial detachment (PED) is identified. Treatment may be considered.","Image quality is sufficient for evaluation. At the vitreoretinal interface, epiretinal membrane (ERM) is observed. In the inner retina, intraretinal fluid (IRF), retinal hemorrhage, retinal thickening, and hyperreflective foci are observed. In the outer retina, ellipsoid zone (EZ) disruption is observed. No subretinal fluid (SRF) or pigment epithelial detachment (PED) is identified. Treatment may be considered.","{""scan_type"": """", ""scan_loc"": """", ""quality"": ""good"", ""L1_loc_findings"": {""Fovea (<500um)"": {""VRI"": [""ERM""], ""Intraretinal-1"": [""IRF"", ""hemorrhage"", ""retinal thickening""], ""Intraretinal-2"": [""hyperreflective foci""], ""Outer retina-1"": [], ""Outer retina-2"": [""EZ disruption""], ""Choroid"": []}}, ""L2"": ""abnormal"", ""L1_neg"": [""no SRF"", ""no PED""], ""L3_mgmt"": ""treatment"", ""caption"": ""Image quality is sufficient for evaluation. At the vitreoretinal interface, epiretinal membrane (ERM) is observed. In the inner retina, intraretinal fluid (IRF), retinal hemorrhage, retinal thickening, and hyperreflective foci are observed. In the outer retina, ellipsoid zone (EZ) disruption is observed. No subretinal fluid (SRF) or pigment epithelial detachment (PED) is identified. Treatment may be considered."", ""_meta"": {""image"": ""BRVO_119.png"", ""annotator"": ""GT"", ""saved_at"": ""2026-09-07T05:10:01.627173""}}"
BRVO_120.png,GT,2026-09-07T05:10:31.289673,,,good,PVD,IRF; hemorrhage; retinal thickening; hyperreflective foci,SRF; subretinal hemorrhage; EZ disruption,,no PED; no ERM,abnormal,treatment,"Image quality is sufficient for evaluation. At the vitreoretinal interface, posterior vitreous detachment (PVD) is observed. In the inner retina, intraretinal fluid (IRF), retinal hemorrhage, retinal thickening, and hyperreflective foci are observed. In the outer retina, subretinal fluid (SRF), subretinal hemorrhage, and ellipsoid zone (EZ) disruption are observed. No pigment epithelial detachment (PED) or epiretinal membrane (ERM) is identified. Treatment may be considered.","Image quality is sufficient for evaluation. At the vitreoretinal interface, posterior vitreous detachment (PVD) is observed. In the inner retina, intraretinal fluid (IRF), retinal hemorrhage, retinal thickening, and hyperreflective foci are observed. In the outer retina, subretinal fluid (SRF), subretinal hemorrhage, and ellipsoid zone (EZ) disruption are observed. No pigment epithelial detachment (PED) or epiretinal membrane (ERM) is identified. Treatment may be considered.","{""scan_type"": """", ""scan_loc"": """", ""quality"": ""good"", ""L1_loc_findings"": {""Fovea (<500um)"": {""VRI"": [""PVD""], ""Intraretinal-1"": [""IRF"", ""hemorrhage"", ""retinal thickening""], ""Intraretinal-2"": [""hyperreflective foci""], ""Outer retina-1"": [""SRF"", ""subretinal hemorrhage""], ""Outer retina-2"": [""EZ disruption""], ""Choroid"": []}}, ""L2"": ""abnormal"", ""L1_neg"": [""no PED"", ""no ERM""], ""L3_mgmt"": ""treatment"", ""caption"": ""Image quality is sufficient for evaluation. At the vitreoretinal interface, posterior vitreous detachment (PVD) is observed. In the inner retina, intraretinal fluid (IRF), retinal hemorrhage, retinal thickening, and hyperreflective foci are observed. In the outer retina, subretinal fluid (SRF), subretinal hemorrhage, and ellipsoid zone (EZ) disruption are observed. No pigment epithelial detachment (PED) or epiretinal membrane (ERM) is identified. Treatment may be considered."", ""_meta"": {""image"": ""BRVO_120.png"", ""annotator"": ""GT"", ""saved_at"": ""2026-09-07T05:10:31.289673""}}"
BRVO_121.png,GT,2026-09-07T05:11:07.390007,,,fair,,IRF; hemorrhage; retinal thickening; hyperreflective foci,EZ disruption,,no SRF; no PED; no ERM,abnormal,treatment,"Image quality is limited but adequate for evaluation. In the inner retina, intraretinal fluid (IRF), retinal hemorrhage, retinal thickening, and hyperreflective foci are observed. In the outer retina, ellipsoid zone (EZ) disruption is observed. No subretinal fluid (SRF), pigment epithelial detachment (PED), or epiretinal membrane (ERM) is identified. Treatment may be considered.","Image quality is limited but adequate for evaluation. In the inner retina, intraretinal fluid (IRF), retinal hemorrhage, retinal thickening, and hyperreflective foci are observed. In the outer retina, ellipsoid zone (EZ) disruption is observed. No subretinal fluid (SRF), pigment epithelial detachment (PED), or epiretinal membrane (ERM) is identified. Treatment may be considered.","{""scan_type"": """", ""scan_loc"": """", ""quality"": ""fair"", ""L1_loc_findings"": {""Fovea (<500um)"": {""VRI"": [], ""Intraretinal-1"": [""IRF"", ""hemorrhage"", ""retinal thickening""], ""Intraretinal-2"": [""hyperreflective foci""], ""Outer retina-1"": [], ""Outer retina-2"": [""EZ disruption""], ""Choroid"": []}}, ""L2"": ""abnormal"", ""L1_neg"": [""no SRF"", ""no PED"", ""no ERM""], ""L3_mgmt"": ""treatment"", ""caption"": ""Image quality is limited but adequate for evaluation. In the inner retina, intraretinal fluid (IRF), retinal hemorrhage, retinal thickening, and hyperreflective foci are observed. In the outer retina, ellipsoid zone (EZ) disruption is observed. No subretinal fluid (SRF), pigment epithelial detachment (PED), or epiretinal membrane (ERM) is identified. Treatment may be considered."", ""_meta"": {""image"": ""BRVO_121.png"", ""annotator"": ""GT"", ""saved_at"": ""2026-09-07T05:11:07.390007""}}"
BRVO_122.png,GT,2026-09-07T05:11:39.446724,,,good,,IRF; hemorrhage; retinal thickening; hyperreflective foci,,choroidal thinning,no SRF; no PED; no ERM,abnormal,treatment,"Image quality is sufficient for evaluation. In the inner retina, intraretinal fluid (IRF), retinal hemorrhage, retinal thickening, and hyperreflective foci are observed. In the choroid, choroidal thinning is observed. No subretinal fluid (SRF), pigment epithelial detachment (PED), or epiretinal membrane (ERM) is identified. Treatment may be considered.","Image quality is sufficient for evaluation. In the inner retina, intraretinal fluid (IRF), retinal hemorrhage, retinal thickening, and hyperreflective foci are observed. In the choroid, choroidal thinning is observed. No subretinal fluid (SRF), pigment epithelial detachment (PED), or epiretinal membrane (ERM) is identified. Treatment may be considered.","{""scan_type"": """", ""scan_loc"": """", ""quality"": ""good"", ""L1_loc_findings"": {""Fovea (<500um)"": {""VRI"": [], ""Intraretinal-1"": [""IRF"", ""hemorrhage"", ""retinal thickening""], ""Intraretinal-2"": [""hyperreflective foci""], ""Outer retina-1"": [], ""Outer retina-2"": [], ""Choroid"": [""choroidal thinning""]}}, ""L2"": ""abnormal"", ""L1_neg"": [""no SRF"", ""no PED"", ""no ERM""], ""L3_mgmt"": ""treatment"", ""caption"": ""Image quality is sufficient for evaluation. In the inner retina, intraretinal fluid (IRF), retinal hemorrhage, retinal thickening, and hyperreflective foci are observed. In the choroid, choroidal thinning is observed. No subretinal fluid (SRF), pigment epithelial detachment (PED), or epiretinal membrane (ERM) is identified. Treatment may be considered."", ""_meta"": {""image"": ""BRVO_122.png"", ""annotator"": ""GT"", ""saved_at"": ""2026-09-07T05:11:39.446724""}}"
BRVO_123.png,GT,2026-09-07T05:12:00.863197,,,fair,PVD,IRF; hemorrhage; retinal thickening; hyperreflective foci,subretinal hemorrhage; EZ disruption,,no PED; no ERM,abnormal,treatment,"Image quality is limited but adequate for evaluation. At the vitreoretinal interface, posterior vitreous detachment (PVD) is observed. In the inner retina, intraretinal fluid (IRF), retinal hemorrhage, retinal thickening, and hyperreflective foci are observed. In the outer retina, subretinal hemorrhage and ellipsoid zone (EZ) disruption are observed. No pigment epithelial detachment (PED) or epiretinal membrane (ERM) is identified. Treatment may be considered.","Image quality is limited but adequate for evaluation. At the vitreoretinal interface, posterior vitreous detachment (PVD) is observed. In the inner retina, intraretinal fluid (IRF), retinal hemorrhage, retinal thickening, and hyperreflective foci are observed. In the outer retina, subretinal hemorrhage and ellipsoid zone (EZ) disruption are observed. No pigment epithelial detachment (PED) or epiretinal membrane (ERM) is identified. Treatment may be considered.","{""scan_type"": """", ""scan_loc"": """", ""quality"": ""fair"", ""L1_loc_findings"": {""Fovea (<500um)"": {""VRI"": [""PVD""], ""Intraretinal-1"": [""IRF"", ""hemorrhage"", ""retinal thickening""], ""Intraretinal-2"": [""hyperreflective foci""], ""Outer retina-1"": [""subretinal hemorrhage""], ""Outer retina-2"": [""EZ disruption""], ""Choroid"": []}}, ""L2"": ""abnormal"", ""L1_neg"": [""no PED"", ""no ERM""], ""L3_mgmt"": ""treatment"", ""caption"": ""Image quality is limited but adequate for evaluation. At the vitreoretinal interface, posterior vitreous detachment (PVD) is observed. In the inner retina, intraretinal fluid (IRF), retinal hemorrhage, retinal thickening, and hyperreflective foci are observed. In the outer retina, subretinal hemorrhage and ellipsoid zone (EZ) disruption are observed. No pigment epithelial detachment (PED) or epiretinal membrane (ERM) is identified. Treatment may be considered."", ""_meta"": {""image"": ""BRVO_123.png"", ""annotator"": ""GT"", ""saved_at"": ""2026-09-07T05:12:00.863197""}}"
BRVO_125.png,GT,2026-09-07T05:12:51.017367,,,good,,IRF; hemorrhage; retinal thickening; hyperreflective foci,,,no SRF; no PED; EZ intact; no ERM,abnormal,observation,"Image quality is sufficient for evaluation. In the inner retina, intraretinal fluid (IRF), retinal hemorrhage, retinal thickening, and hyperreflective foci are observed. No subretinal fluid (SRF), pigment epithelial detachment (PED), ellipsoid zone (EZ) disruption, or epiretinal membrane (ERM) is identified. Observation is appropriate.","Image quality is sufficient for evaluation. In the inner retina, intraretinal fluid (IRF), retinal hemorrhage, retinal thickening, and hyperreflective foci are observed. No subretinal fluid (SRF), pigment epithelial detachment (PED), ellipsoid zone (EZ) disruption, or epiretinal membrane (ERM) is identified. Observation is appropriate.","{""scan_type"": """", ""scan_loc"": """", ""quality"": ""good"", ""L1_loc_findings"": {""Fovea (<500um)"": {""VRI"": [], ""Intraretinal-1"": [""IRF"", ""hemorrhage"", ""retinal thickening""], ""Intraretinal-2"": [""hyperreflective foci""], ""Outer retina-1"": [], ""Outer retina-2"": [], ""Choroid"": []}}, ""L2"": ""abnormal"", ""L1_neg"": [""no SRF"", ""no PED"", ""EZ intact"", ""no ERM""], ""L3_mgmt"": ""observation"", ""caption"": ""Image quality is sufficient for evaluation. In the inner retina, intraretinal fluid (IRF), retinal hemorrhage, retinal thickening, and hyperreflective foci are observed. No subretinal fluid (SRF), pigment epithelial detachment (PED), ellipsoid zone (EZ) disruption, or epiretinal membrane (ERM) is identified. Observation is appropriate."", ""_meta"": {""image"": ""BRVO_125.png"", ""annotator"": ""GT"", ""saved_at"": ""2026-09-07T05:12:51.017367""}}"
BRVO_128.png,GT,2026-09-07T05:13:17.210487,,,good,,IRF; hemorrhage; retinal thickening; hyperreflective foci,subretinal hemorrhage; EZ disruption,,no SRF; no PED; no ERM,abnormal,treatment,"Image quality is sufficient for evaluation. In the inner retina, intraretinal fluid (IRF), retinal hemorrhage, retinal thickening, and hyperreflective foci are observed. In the outer retina, subretinal hemorrhage and ellipsoid zone (EZ) disruption are observed. No subretinal fluid (SRF), pigment epithelial detachment (PED), or epiretinal membrane (ERM) is identified. Treatment may be considered.","Image quality is sufficient for evaluation. In the inner retina, intraretinal fluid (IRF), retinal hemorrhage, retinal thickening, and hyperreflective foci are observed. In the outer retina, subretinal hemorrhage and ellipsoid zone (EZ) disruption are observed. No subretinal fluid (SRF), pigment epithelial detachment (PED), or epiretinal membrane (ERM) is identified. Treatment may be considered.","{""scan_type"": """", ""scan_loc"": """", ""quality"": ""good"", ""L1_loc_findings"": {""Fovea (<500um)"": {""VRI"": [], ""Intraretinal-1"": [""IRF"", ""hemorrhage"", ""retinal thickening""], ""Intraretinal-2"": [""hyperreflective foci""], ""Outer retina-1"": [""subretinal hemorrhage""], ""Outer retina-2"": [""EZ disruption""], ""Choroid"": []}}, ""L2"": ""abnormal"", ""L1_neg"": [""no SRF"", ""no PED"", ""no ERM""], ""L3_mgmt"": ""treatment"", ""caption"": ""Image quality is sufficient for evaluation. In the inner retina, intraretinal fluid (IRF), retinal hemorrhage, retinal thickening, and hyperreflective foci are observed. In the outer retina, subretinal hemorrhage and ellipsoid zone (EZ) disruption are observed. No subretinal fluid (SRF), pigment epithelial detachment (PED), or epiretinal membrane (ERM) is identified. Treatment may be considered."", ""_meta"": {""image"": ""BRVO_128.png"", ""annotator"": ""GT"", ""saved_at"": ""2026-09-07T05:13:17.210487""}}"
BRVO_129.png,GT,2026-09-07T05:13:45.731500,,,fair,,IRF; hemorrhage; retinal thickening; hyperreflective foci,SRF; EZ disruption,choroidal thinning,no PED; no ERM,abnormal,treatment,"Image quality is limited but adequate for evaluation. In the inner retina, intraretinal fluid (IRF), retinal hemorrhage, retinal thickening, and hyperreflective foci are observed. In the outer retina, subretinal fluid (SRF) and ellipsoid zone (EZ) disruption are observed. In the choroid, choroidal thinning is observed. No pigment epithelial detachment (PED) or epiretinal membrane (ERM) is identified. Treatment may be considered.","Image quality is limited but adequate for evaluation. In the inner retina, intraretinal fluid (IRF), retinal hemorrhage, retinal thickening, and hyperreflective foci are observed. In the outer retina, subretinal fluid (SRF) and ellipsoid zone (EZ) disruption are observed. In the choroid, choroidal thinning is observed. No pigment epithelial detachment (PED) or epiretinal membrane (ERM) is identified. Treatment may be considered.","{""scan_type"": """", ""scan_loc"": """", ""quality"": ""fair"", ""L1_loc_findings"": {""Fovea (<500um)"": {""VRI"": [], ""Intraretinal-1"": [""IRF"", ""hemorrhage"", ""retinal thickening""], ""Intraretinal-2"": [""hyperreflective foci""], ""Outer retina-1"": [""SRF""], ""Outer retina-2"": [""EZ disruption""], ""Choroid"": [""choroidal thinning""]}}, ""L2"": ""abnormal"", ""L1_neg"": [""no PED"", ""no ERM""], ""L3_mgmt"": ""treatment"", ""caption"": ""Image quality is limited but adequate for evaluation. In the inner retina, intraretinal fluid (IRF), retinal hemorrhage, retinal thickening, and hyperreflective foci are observed. In the outer retina, subretinal fluid (SRF) and ellipsoid zone (EZ) disruption are observed. In the choroid, choroidal thinning is observed. No pigment epithelial detachment (PED) or epiretinal membrane (ERM) is identified. Treatment may be considered."", ""_meta"": {""image"": ""BRVO_129.png"", ""annotator"": ""GT"", ""saved_at"": ""2026-09-07T05:13:45.731500""}}"
BRVO_130.png,GT,2026-09-07T05:14:11.824376,,,poor,ERM,IRF; hemorrhage; retinal thickening; hyperreflective foci,EZ disruption,,no SRF; no PED,abnormal,treatment,"Image quality is poor; findings should be interpreted with caution. At the vitreoretinal interface, epiretinal membrane (ERM) is observed. In the inner retina, intraretinal fluid (IRF), retinal hemorrhage, retinal thickening, and hyperreflective foci are observed. In the outer retina, ellipsoid zone (EZ) disruption is observed. No subretinal fluid (SRF) or pigment epithelial detachment (PED) is identified. Treatment may be considered.","Image quality is poor; findings should be interpreted with caution. At the vitreoretinal interface, epiretinal membrane (ERM) is observed. In the inner retina, intraretinal fluid (IRF), retinal hemorrhage, retinal thickening, and hyperreflective foci are observed. In the outer retina, ellipsoid zone (EZ) disruption is observed. No subretinal fluid (SRF) or pigment epithelial detachment (PED) is identified. Treatment may be considered.","{""scan_type"": """", ""scan_loc"": """", ""quality"": ""poor"", ""L1_loc_findings"": {""Fovea (<500um)"": {""VRI"": [""ERM""], ""Intraretinal-1"": [""IRF"", ""hemorrhage"", ""retinal thickening""], ""Intraretinal-2"": [""hyperreflective foci""], ""Outer retina-1"": [], ""Outer retina-2"": [""EZ disruption""], ""Choroid"": []}}, ""L2"": ""abnormal"", ""L1_neg"": [""no SRF"", ""no PED""], ""L3_mgmt"": ""treatment"", ""caption"": ""Image quality is poor; findings should be interpreted with caution. At the vitreoretinal interface, epiretinal membrane (ERM) is observed. In the inner retina, intraretinal fluid (IRF), retinal hemorrhage, retinal thickening, and hyperreflective foci are observed. In the outer retina, ellipsoid zone (EZ) disruption is observed. No subretinal fluid (SRF) or pigment epithelial detachment (PED) is identified. Treatment may be considered."", ""_meta"": {""image"": ""BRVO_130.png"", ""annotator"": ""GT"", ""saved_at"": ""2026-09-07T05:14:11.824376""}}"
BRVO_131.png,GT,2026-09-07T05:14:56.903063,,,poor,,IRF; hemorrhage; retinal thickening; hyperreflective foci,EZ disruption,,no SRF; no PED; no ERM,abnormal,treatment,"Image quality is poor; findings should be interpreted with caution. In the inner retina, intraretinal fluid (IRF), retinal hemorrhage, retinal thickening, and hyperreflective foci are observed. In the outer retina, ellipsoid zone (EZ) disruption is observed. No subretinal fluid (SRF), pigment epithelial detachment (PED), or epiretinal membrane (ERM) is identified. Treatment may be considered.","Image quality is poor; findings should be interpreted with caution. In the inner retina, intraretinal fluid (IRF), retinal hemorrhage, retinal thickening, and hyperreflective foci are observed. In the outer retina, ellipsoid zone (EZ) disruption is observed. No subretinal fluid (SRF), pigment epithelial detachment (PED), or epiretinal membrane (ERM) is identified. Treatment may be considered.","{""scan_type"": """", ""scan_loc"": """", ""quality"": ""poor"", ""L1_loc_findings"": {""Fovea (<500um)"": {""VRI"": [], ""Intraretinal-1"": [""IRF"", ""hemorrhage"", ""retinal thickening""], ""Intraretinal-2"": [""hyperreflective foci""], ""Outer retina-1"": [], ""Outer retina-2"": [""EZ disruption""], ""Choroid"": []}}, ""L2"": ""abnormal"", ""L1_neg"": [""no SRF"", ""no PED"", ""no ERM""], ""L3_mgmt"": ""treatment"", ""caption"": ""Image quality is poor; findings should be interpreted with caution. In the inner retina, intraretinal fluid (IRF), retinal hemorrhage, retinal thickening, and hyperreflective foci are observed. In the outer retina, ellipsoid zone (EZ) disruption is observed. No subretinal fluid (SRF), pigment epithelial detachment (PED), or epiretinal membrane (ERM) is identified. Treatment may be considered."", ""_meta"": {""image"": ""BRVO_131.png"", ""annotator"": ""GT"", ""saved_at"": ""2026-09-07T05:14:56.903063""}}"
BRVO_132.png,GT,2026-09-07T05:15:22.610052,,,fair,PVD,IRF; hemorrhage; retinal thickening,SRF; EZ disruption,choroidal thickening,no PED; no ERM,abnormal,treatment,"Image quality is limited but adequate for evaluation. At the vitreoretinal interface, posterior vitreous detachment (PVD) is observed. In the inner retina, intraretinal fluid (IRF), retinal hemorrhage, and retinal thickening are observed. In the outer retina, subretinal fluid (SRF) and ellipsoid zone (EZ) disruption are observed. In the choroid, choroidal thickening is observed. No pigment epithelial detachment (PED) or epiretinal membrane (ERM) is identified. Treatment may be considered.","Image quality is limited but adequate for evaluation. At the vitreoretinal interface, posterior vitreous detachment (PVD) is observed. In the inner retina, intraretinal fluid (IRF), retinal hemorrhage, and retinal thickening are observed. In the outer retina, subretinal fluid (SRF) and ellipsoid zone (EZ) disruption are observed. In the choroid, choroidal thickening is observed. No pigment epithelial detachment (PED) or epiretinal membrane (ERM) is identified. Treatment may be considered.","{""scan_type"": """", ""scan_loc"": """", ""quality"": ""fair"", ""L1_loc_findings"": {""Fovea (<500um)"": {""VRI"": [""PVD""], ""Intraretinal-1"": [""IRF"", ""hemorrhage"", ""retinal thickening""], ""Intraretinal-2"": [], ""Outer retina-1"": [""SRF""], ""Outer retina-2"": [""EZ disruption""], ""Choroid"": [""choroidal thickening""]}}, ""L2"": ""abnormal"", ""L1_neg"": [""no PED"", ""no ERM""], ""L3_mgmt"": ""treatment"", ""caption"": ""Image quality is limited but adequate for evaluation. At the vitreoretinal interface, posterior vitreous detachment (PVD) is observed. In the inner retina, intraretinal fluid (IRF), retinal hemorrhage, and retinal thickening are observed. In the outer retina, subretinal fluid (SRF) and ellipsoid zone (EZ) disruption are observed. In the choroid, choroidal thickening is observed. No pigment epithelial detachment (PED) or epiretinal membrane (ERM) is identified. Treatment may be considered."", ""_meta"": {""image"": ""BRVO_132.png"", ""annotator"": ""GT"", ""saved_at"": ""2026-09-07T05:15:22.610052""}}"
BRVO_133.png,GT,2026-09-07T05:15:47.034072,,,fair,,IRF; hemorrhage; retinal thickening; hyperreflective foci,subretinal hemorrhage; EZ disruption,,no SRF; no PED; no ERM,abnormal,treatment,"Image quality is limited but adequate for evaluation. In the inner retina, intraretinal fluid (IRF), retinal hemorrhage, retinal thickening, and hyperreflective foci are observed. In the outer retina, subretinal hemorrhage and ellipsoid zone (EZ) disruption are observed. No subretinal fluid (SRF), pigment epithelial detachment (PED), or epiretinal membrane (ERM) is identified. Treatment may be considered.","Image quality is limited but adequate for evaluation. In the inner retina, intraretinal fluid (IRF), retinal hemorrhage, retinal thickening, and hyperreflective foci are observed. In the outer retina, subretinal hemorrhage and ellipsoid zone (EZ) disruption are observed. No subretinal fluid (SRF), pigment epithelial detachment (PED), or epiretinal membrane (ERM) is identified. Treatment may be considered.","{""scan_type"": """", ""scan_loc"": """", ""quality"": ""fair"", ""L1_loc_findings"": {""Fovea (<500um)"": {""VRI"": [], ""Intraretinal-1"": [""IRF"", ""hemorrhage"", ""retinal thickening""], ""Intraretinal-2"": [""hyperreflective foci""], ""Outer retina-1"": [""subretinal hemorrhage""], ""Outer retina-2"": [""EZ disruption""], ""Choroid"": []}}, ""L2"": ""abnormal"", ""L1_neg"": [""no SRF"", ""no PED"", ""no ERM""], ""L3_mgmt"": ""treatment"", ""caption"": ""Image quality is limited but adequate for evaluation. In the inner retina, intraretinal fluid (IRF), retinal hemorrhage, retinal thickening, and hyperreflective foci are observed. In the outer retina, subretinal hemorrhage and ellipsoid zone (EZ) disruption are observed. No subretinal fluid (SRF), pigment epithelial detachment (PED), or epiretinal membrane (ERM) is identified. Treatment may be considered."", ""_meta"": {""image"": ""BRVO_133.png"", ""annotator"": ""GT"", ""saved_at"": ""2026-09-07T05:15:47.034072""}}"
BRVO_134.png,GT,2026-09-07T05:16:06.452739,,,fair,PVD,IRF; hemorrhage; retinal thickening; hyperreflective foci,SRF; subretinal hemorrhage; EZ disruption,choroidal thinning,no PED; no ERM,abnormal,treatment,"Image quality is limited but adequate for evaluation. At the vitreoretinal interface, posterior vitreous detachment (PVD) is observed. In the inner retina, intraretinal fluid (IRF), retinal hemorrhage, retinal thickening, and hyperreflective foci are observed. In the outer retina, subretinal fluid (SRF), subretinal hemorrhage, and ellipsoid zone (EZ) disruption are observed. In the choroid, choroidal thinning is observed. No pigment epithelial detachment (PED) or epiretinal membrane (ERM) is identified. Treatment may be considered.","Image quality is limited but adequate for evaluation. At the vitreoretinal interface, posterior vitreous detachment (PVD) is observed. In the inner retina, intraretinal fluid (IRF), retinal hemorrhage, retinal thickening, and hyperreflective foci are observed. In the outer retina, subretinal fluid (SRF), subretinal hemorrhage, and ellipsoid zone (EZ) disruption are observed. In the choroid, choroidal thinning is observed. No pigment epithelial detachment (PED) or epiretinal membrane (ERM) is identified. Treatment may be considered.","{""scan_type"": """", ""scan_loc"": """", ""quality"": ""fair"", ""L1_loc_findings"": {""Fovea (<500um)"": {""VRI"": [""PVD""], ""Intraretinal-1"": [""IRF"", ""hemorrhage"", ""retinal thickening""], ""Intraretinal-2"": [""hyperreflective foci""], ""Outer retina-1"": [""SRF"", ""subretinal hemorrhage""], ""Outer retina-2"": [""EZ disruption""], ""Choroid"": [""choroidal thinning""]}}, ""L2"": ""abnormal"", ""L1_neg"": [""no PED"", ""no ERM""], ""L3_mgmt"": ""treatment"", ""caption"": ""Image quality is limited but adequate for evaluation. At the vitreoretinal interface, posterior vitreous detachment (PVD) is observed. In the inner retina, intraretinal fluid (IRF), retinal hemorrhage, retinal thickening, and hyperreflective foci are observed. In the outer retina, subretinal fluid (SRF), subretinal hemorrhage, and ellipsoid zone (EZ) disruption are observed. In the choroid, choroidal thinning is observed. No pigment epithelial detachment (PED) or epiretinal membrane (ERM) is identified. Treatment may be considered."", ""_meta"": {""image"": ""BRVO_134.png"", ""annotator"": ""GT"", ""saved_at"": ""2026-09-07T05:16:06.452739""}}"
BRVO_136.png,GT,2026-09-07T05:16:27.508785,,,fair,,IRF; hemorrhage; retinal thickening; hyperreflective foci,SRF; EZ disruption,,no PED,abnormal,treatment,"Image quality is limited but adequate for evaluation. In the inner retina, intraretinal fluid (IRF), retinal hemorrhage, retinal thickening, and hyperreflective foci are observed. In the outer retina, subretinal fluid (SRF) and ellipsoid zone (EZ) disruption are observed. No pigment epithelial detachment (PED) is identified. Treatment may be considered.","Image quality is limited but adequate for evaluation. In the inner retina, intraretinal fluid (IRF), retinal hemorrhage, retinal thickening, and hyperreflective foci are observed. In the outer retina, subretinal fluid (SRF) and ellipsoid zone (EZ) disruption are observed. No pigment epithelial detachment (PED) is identified. Treatment may be considered.","{""scan_type"": """", ""scan_loc"": """", ""quality"": ""fair"", ""L1_loc_findings"": {""Fovea (<500um)"": {""VRI"": [], ""Intraretinal-1"": [""IRF"", ""hemorrhage"", ""retinal thickening""], ""Intraretinal-2"": [""hyperreflective foci""], ""Outer retina-1"": [""SRF""], ""Outer retina-2"": [""EZ disruption""], ""Choroid"": []}}, ""L2"": ""abnormal"", ""L1_neg"": [""no PED""], ""L3_mgmt"": ""treatment"", ""caption"": ""Image quality is limited but adequate for evaluation. In the inner retina, intraretinal fluid (IRF), retinal hemorrhage, retinal thickening, and hyperreflective foci are observed. In the outer retina, subretinal fluid (SRF) and ellipsoid zone (EZ) disruption are observed. No pigment epithelial detachment (PED) is identified. Treatment may be considered."", ""_meta"": {""image"": ""BRVO_136.png"", ""annotator"": ""GT"", ""saved_at"": ""2026-09-07T05:16:27.508785""}}"
BRVO_137.png,GT,2026-09-07T07:17:06.192166,,,good,,IRF; hemorrhage; retinal thickening; hyperreflective foci; hard exudates,subretinal hemorrhage; EZ disruption,,no SRF; no PED; no ERM,abnormal,treatment,"Image quality is sufficient for evaluation. In the inner retina, intraretinal fluid (IRF), retinal hemorrhage, retinal thickening, hyperreflective foci, and hard exudates are observed. In the outer retina, subretinal hemorrhage and ellipsoid zone (EZ) disruption are observed. No subretinal fluid (SRF), pigment epithelial detachment (PED), or epiretinal membrane (ERM) is identified. Treatment may be considered.","Image quality is sufficient for evaluation. In the inner retina, intraretinal fluid (IRF), retinal hemorrhage, retinal thickening, hyperreflective foci, and hard exudates are observed. In the outer retina, subretinal hemorrhage and ellipsoid zone (EZ) disruption are observed. No subretinal fluid (SRF), pigment epithelial detachment (PED), or epiretinal membrane (ERM) is identified. Treatment may be considered.","{""scan_type"": """", ""scan_loc"": """", ""quality"": ""good"", ""L1_loc_findings"": {""Fovea (<500um)"": {""VRI"": [], ""Intraretinal-1"": [""IRF"", ""hemorrhage"", ""retinal thickening""], ""Intraretinal-2"": [""hyperreflective foci"", ""hard exudates""], ""Outer retina-1"": [""subretinal hemorrhage""], ""Outer retina-2"": [""EZ disruption""], ""Choroid"": []}}, ""L2"": ""abnormal"", ""L1_neg"": [""no SRF"", ""no PED"", ""no ERM""], ""L3_mgmt"": ""treatment"", ""caption"": ""Image quality is sufficient for evaluation. In the inner retina, intraretinal fluid (IRF), retinal hemorrhage, retinal thickening, hyperreflective foci, and hard exudates are observed. In the outer retina, subretinal hemorrhage and ellipsoid zone (EZ) disruption are observed. No subretinal fluid (SRF), pigment epithelial detachment (PED), or epiretinal membrane (ERM) is identified. Treatment may be considered."", ""_meta"": {""image"": ""BRVO_137.png"", ""annotator"": ""GT"", ""saved_at"": ""2026-09-07T07:17:06.192166""}}"
BRVO_138.png,GT,2026-09-08T23:12:48.521914,,,fair,,IRF; hemorrhage; retinal thickening; hyperreflective foci,subretinal hemorrhage; EZ disruption,choroidal thinning,no SRF; no PED; no ERM,abnormal,treatment,"Image quality is limited but adequate for evaluation. In the inner retina, intraretinal fluid (IRF), retinal hemorrhage, retinal thickening, and hyperreflective foci are observed. In the outer retina, subretinal hemorrhage and ellipsoid zone (EZ) disruption are observed. In the choroid, choroidal thinning is observed. No subretinal fluid (SRF), pigment epithelial detachment (PED), or epiretinal membrane (ERM) is identified. Treatment may be considered.","Image quality is limited but adequate for evaluation. In the inner retina, intraretinal fluid (IRF), retinal hemorrhage, retinal thickening, and hyperreflective foci are observed. In the outer retina, subretinal hemorrhage and ellipsoid zone (EZ) disruption are observed. In the choroid, choroidal thinning is observed. No subretinal fluid (SRF), pigment epithelial detachment (PED), or epiretinal membrane (ERM) is identified. Treatment may be considered.","{""scan_type"": """", ""scan_loc"": """", ""quality"": ""fair"", ""L1_loc_findings"": {""Fovea (<500um)"": {""VRI"": [], ""Intraretinal-1"": [""IRF"", ""hemorrhage"", ""retinal thickening""], ""Intraretinal-2"": [""hyperreflective foci""], ""Outer retina-1"": [""subretinal hemorrhage""], ""Outer retina-2"": [""EZ disruption""], ""Choroid"": [""choroidal thinning""]}}, ""L2"": ""abnormal"", ""L1_neg"": [""no SRF"", ""no PED"", ""no ERM""], ""L3_mgmt"": ""treatment"", ""caption"": ""Image quality is limited but adequate for evaluation. In the inner retina, intraretinal fluid (IRF), retinal hemorrhage, retinal thickening, and hyperreflective foci are observed. In the outer retina, subretinal hemorrhage and ellipsoid zone (EZ) disruption are observed. In the choroid, choroidal thinning is observed. No subretinal fluid (SRF), pigment epithelial detachment (PED), or epiretinal membrane (ERM) is identified. Treatment may be considered."", ""_meta"": {""image"": ""BRVO_138.png"", ""annotator"": ""GT"", ""saved_at"": ""2026-09-08T23:12:48.521914""}}"
BRVO_140.png,GT,2026-09-08T23:13:22.170210,,,good,PVD,IRF; hemorrhage; retinal thickening; hyperreflective foci,subretinal hemorrhage; EZ disruption,,no SRF; no PED; no ERM,abnormal,treatment,"Image quality is sufficient for evaluation. At the vitreoretinal interface, posterior vitreous detachment (PVD) is observed. In the inner retina, intraretinal fluid (IRF), retinal hemorrhage, retinal thickening, and hyperreflective foci are observed. In the outer retina, subretinal hemorrhage and ellipsoid zone (EZ) disruption are observed. No subretinal fluid (SRF), pigment epithelial detachment (PED), or epiretinal membrane (ERM) is identified. Treatment may be considered.","Image quality is sufficient for evaluation. At the vitreoretinal interface, posterior vitreous detachment (PVD) is observed. In the inner retina, intraretinal fluid (IRF), retinal hemorrhage, retinal thickening, and hyperreflective foci are observed. In the outer retina, subretinal hemorrhage and ellipsoid zone (EZ) disruption are observed. No subretinal fluid (SRF), pigment epithelial detachment (PED), or epiretinal membrane (ERM) is identified. Treatment may be considered.","{""scan_type"": """", ""scan_loc"": """", ""quality"": ""good"", ""L1_loc_findings"": {""Fovea (<500um)"": {""VRI"": [""PVD""], ""Intraretinal-1"": [""IRF"", ""hemorrhage"", ""retinal thickening""], ""Intraretinal-2"": [""hyperreflective foci""], ""Outer retina-1"": [""subretinal hemorrhage""], ""Outer retina-2"": [""EZ disruption""], ""Choroid"": []}}, ""L2"": ""abnormal"", ""L1_neg"": [""no SRF"", ""no PED"", ""no ERM""], ""L3_mgmt"": ""treatment"", ""caption"": ""Image quality is sufficient for evaluation. At the vitreoretinal interface, posterior vitreous detachment (PVD) is observed. In the inner retina, intraretinal fluid (IRF), retinal hemorrhage, retinal thickening, and hyperreflective foci are observed. In the outer retina, subretinal hemorrhage and ellipsoid zone (EZ) disruption are observed. No subretinal fluid (SRF), pigment epithelial detachment (PED), or epiretinal membrane (ERM) is identified. Treatment may be considered."", ""_meta"": {""image"": ""BRVO_140.png"", ""annotator"": ""GT"", ""saved_at"": ""2026-09-08T23:13:22.170210""}}"
BRVO_141.png,GT,2026-09-08T23:13:54.710329,,,good,,IRF; hemorrhage; retinal thickening,subretinal hemorrhage; EZ disruption; drusen,choroidal thinning,no SRF; no PED; no ERM,abnormal,treatment,"Image quality is sufficient for evaluation. In the inner retina, intraretinal fluid (IRF), retinal hemorrhage, and retinal thickening are observed. In the outer retina, subretinal hemorrhage, ellipsoid zone (EZ) disruption, and drusen are observed. In the choroid, choroidal thinning is observed. No subretinal fluid (SRF), pigment epithelial detachment (PED), or epiretinal membrane (ERM) is identified. Treatment may be considered.","Image quality is sufficient for evaluation. In the inner retina, intraretinal fluid (IRF), retinal hemorrhage, and retinal thickening are observed. In the outer retina, subretinal hemorrhage, ellipsoid zone (EZ) disruption, and drusen are observed. In the choroid, choroidal thinning is observed. No subretinal fluid (SRF), pigment epithelial detachment (PED), or epiretinal membrane (ERM) is identified. Treatment may be considered.","{""scan_type"": """", ""scan_loc"": """", ""quality"": ""good"", ""L1_loc_findings"": {""Fovea (<500um)"": {""VRI"": [], ""Intraretinal-1"": [""IRF"", ""hemorrhage"", ""retinal thickening""], ""Intraretinal-2"": [], ""Outer retina-1"": [""subretinal hemorrhage""], ""Outer retina-2"": [""EZ disruption"", ""drusen""], ""Choroid"": [""choroidal thinning""]}}, ""L2"": ""abnormal"", ""L1_neg"": [""no SRF"", ""no PED"", ""no ERM""], ""L3_mgmt"": ""treatment"", ""caption"": ""Image quality is sufficient for evaluation. In the inner retina, intraretinal fluid (IRF), retinal hemorrhage, and retinal thickening are observed. In the outer retina, subretinal hemorrhage, ellipsoid zone (EZ) disruption, and drusen are observed. In the choroid, choroidal thinning is observed. No subretinal fluid (SRF), pigment epithelial detachment (PED), or epiretinal membrane (ERM) is identified. Treatment may be considered."", ""_meta"": {""image"": ""BRVO_141.png"", ""annotator"": ""GT"", ""saved_at"": ""2026-09-08T23:13:54.710329""}}"
BRVO_142.png,GT,2026-09-08T23:14:25.743075,,,good,,IRF; hemorrhage; retinal thickening; hyperreflective foci; hard exudates,EZ disruption,choroidal thinning,no SRF; no PED; no ERM,abnormal,treatment,"Image quality is sufficient for evaluation. In the inner retina, intraretinal fluid (IRF), retinal hemorrhage, retinal thickening, hyperreflective foci, and hard exudates are observed. In the outer retina, ellipsoid zone (EZ) disruption is observed. In the choroid, choroidal thinning is observed. No subretinal fluid (SRF), pigment epithelial detachment (PED), or epiretinal membrane (ERM) is identified. Treatment may be considered.","Image quality is sufficient for evaluation. In the inner retina, intraretinal fluid (IRF), retinal hemorrhage, retinal thickening, hyperreflective foci, and hard exudates are observed. In the outer retina, ellipsoid zone (EZ) disruption is observed. In the choroid, choroidal thinning is observed. No subretinal fluid (SRF), pigment epithelial detachment (PED), or epiretinal membrane (ERM) is identified. Treatment may be considered.","{""scan_type"": """", ""scan_loc"": """", ""quality"": ""good"", ""L1_loc_findings"": {""Fovea (<500um)"": {""VRI"": [], ""Intraretinal-1"": [""IRF"", ""hemorrhage"", ""retinal thickening""], ""Intraretinal-2"": [""hyperreflective foci"", ""hard exudates""], ""Outer retina-1"": [], ""Outer retina-2"": [""EZ disruption""], ""Choroid"": [""choroidal thinning""]}}, ""L2"": ""abnormal"", ""L1_neg"": [""no SRF"", ""no PED"", ""no ERM""], ""L3_mgmt"": ""treatment"", ""caption"": ""Image quality is sufficient for evaluation. In the inner retina, intraretinal fluid (IRF), retinal hemorrhage, retinal thickening, hyperreflective foci, and hard exudates are observed. In the outer retina, ellipsoid zone (EZ) disruption is observed. In the choroid, choroidal thinning is observed. No subretinal fluid (SRF), pigment epithelial detachment (PED), or epiretinal membrane (ERM) is identified. Treatment may be considered."", ""_meta"": {""image"": ""BRVO_142.png"", ""annotator"": ""GT"", ""saved_at"": ""2026-09-08T23:14:25.743075""}}"
CAT_001.png,GT,2026-09-08T23:14:41.263531,,,fair,ERM,,,,no SRF; no IRF; no PED; EZ intact,abnormal,observation,"Image quality is limited but adequate for evaluation. At the vitreoretinal interface, epiretinal membrane (ERM) is observed. No subretinal fluid (SRF), intraretinal fluid (IRF), pigment epithelial detachment (PED), or ellipsoid zone (EZ) disruption is identified. Observation is appropriate.","Image quality is limited but adequate for evaluation. At the vitreoretinal interface, epiretinal membrane (ERM) is observed. No subretinal fluid (SRF), intraretinal fluid (IRF), pigment epithelial detachment (PED), or ellipsoid zone (EZ) disruption is identified. Observation is appropriate.","{""scan_type"": """", ""scan_loc"": """", ""quality"": ""fair"", ""L1_loc_findings"": {""Fovea (<500um)"": {""VRI"": [""ERM""], ""Intraretinal-1"": [], ""Intraretinal-2"": [], ""Outer retina-1"": [], ""Outer retina-2"": [], ""Choroid"": []}}, ""L2"": ""abnormal"", ""L1_neg"": [""no SRF"", ""no IRF"", ""no PED"", ""EZ intact""], ""L3_mgmt"": ""observation"", ""caption"": ""Image quality is limited but adequate for evaluation. At the vitreoretinal interface, epiretinal membrane (ERM) is observed. No subretinal fluid (SRF), intraretinal fluid (IRF), pigment epithelial detachment (PED), or ellipsoid zone (EZ) disruption is identified. Observation is appropriate."", ""_meta"": {""image"": ""CAT_001.png"", ""annotator"": ""GT"", ""saved_at"": ""2026-09-08T23:14:41.263531""}}"
CAT_002.png,GT,2026-09-08T23:15:00.044319,,,fair,ERM,IRF; retinal thickening,EZ disruption,,no SRF; no PED,abnormal,treatment,"Image quality is limited but adequate for evaluation. At the vitreoretinal interface, epiretinal membrane (ERM) is observed. In the inner retina, intraretinal fluid (IRF) and retinal thickening are observed. In the outer retina, ellipsoid zone (EZ) disruption is observed. No subretinal fluid (SRF) or pigment epithelial detachment (PED) is identified. Treatment may be considered.","Image quality is limited but adequate for evaluation. At the vitreoretinal interface, epiretinal membrane (ERM) is observed. In the inner retina, intraretinal fluid (IRF) and retinal thickening are observed. In the outer retina, ellipsoid zone (EZ) disruption is observed. No subretinal fluid (SRF) or pigment epithelial detachment (PED) is identified. Treatment may be considered.","{""scan_type"": """", ""scan_loc"": """", ""quality"": ""fair"", ""L1_loc_findings"": {""Fovea (<500um)"": {""VRI"": [""ERM""], ""Intraretinal-1"": [""IRF"", ""retinal thickening""], ""Intraretinal-2"": [], ""Outer retina-1"": [], ""Outer retina-2"": [""EZ disruption""], ""Choroid"": []}}, ""L2"": ""abnormal"", ""L1_neg"": [""no SRF"", ""no PED""], ""L3_mgmt"": ""treatment"", ""caption"": ""Image quality is limited but adequate for evaluation. At the vitreoretinal interface, epiretinal membrane (ERM) is observed. In the inner retina, intraretinal fluid (IRF) and retinal thickening are observed. In the outer retina, ellipsoid zone (EZ) disruption is observed. No subretinal fluid (SRF) or pigment epithelial detachment (PED) is identified. Treatment may be considered."", ""_meta"": {""image"": ""CAT_002.png"", ""annotator"": ""GT"", ""saved_at"": ""2026-09-08T23:15:00.044319""}}"
CAT_003.png,GT,2026-09-08T23:15:40.909729,,,good,ERM,hemorrhage; tractional thickening; hyperreflective foci,EZ disruption,,no SRF; no IRF; no PED,abnormal,observation,"Image quality is sufficient for evaluation. At the vitreoretinal interface, epiretinal membrane (ERM) is observed. In the inner retina, retinal hemorrhage, tractional retinal thickening, and hyperreflective foci are observed. In the outer retina, ellipsoid zone (EZ) disruption is observed. No subretinal fluid (SRF), intraretinal fluid (IRF), or pigment epithelial detachment (PED) is identified. Observation is appropriate.","Image quality is sufficient for evaluation. At the vitreoretinal interface, epiretinal membrane (ERM) is observed. In the inner retina, retinal hemorrhage, tractional retinal thickening, and hyperreflective foci are observed. In the outer retina, ellipsoid zone (EZ) disruption is observed. No subretinal fluid (SRF), intraretinal fluid (IRF), or pigment epithelial detachment (PED) is identified. Observation is appropriate.","{""scan_type"": """", ""scan_loc"": """", ""quality"": ""good"", ""L1_loc_findings"": {""Fovea (<500um)"": {""VRI"": [""ERM""], ""Intraretinal-1"": [""hemorrhage"", ""tractional thickening""], ""Intraretinal-2"": [""hyperreflective foci""], ""Outer retina-1"": [], ""Outer retina-2"": [""EZ disruption""], ""Choroid"": []}}, ""L2"": ""abnormal"", ""L1_neg"": [""no SRF"", ""no IRF"", ""no PED""], ""L3_mgmt"": ""observation"", ""caption"": ""Image quality is sufficient for evaluation. At the vitreoretinal interface, epiretinal membrane (ERM) is observed. In the inner retina, retinal hemorrhage, tractional retinal thickening, and hyperreflective foci are observed. In the outer retina, ellipsoid zone (EZ) disruption is observed. No subretinal fluid (SRF), intraretinal fluid (IRF), or pigment epithelial detachment (PED) is identified. Observation is appropriate."", ""_meta"": {""image"": ""CAT_003.png"", ""annotator"": ""GT"", ""saved_at"": ""2026-09-08T23:15:40.909729""}}"
CAT_004.png,GT,2026-09-08T23:16:14.612847,,,good,PVD,IRF; hyperreflective foci,,,no SRF; no PED; EZ intact; no ERM,abnormal,observation,"Image quality is sufficient for evaluation. At the vitreoretinal interface, posterior vitreous detachment (PVD) is observed. In the inner retina, intraretinal fluid (IRF) and hyperreflective foci are observed. No subretinal fluid (SRF), pigment epithelial detachment (PED), ellipsoid zone (EZ) disruption, or epiretinal membrane (ERM) is identified. Observation is appropriate.","Image quality is sufficient for evaluation. At the vitreoretinal interface, posterior vitreous detachment (PVD) is observed. In the inner retina, intraretinal fluid (IRF) and hyperreflective foci are observed. No subretinal fluid (SRF), pigment epithelial detachment (PED), ellipsoid zone (EZ) disruption, or epiretinal membrane (ERM) is identified. Observation is appropriate.","{""scan_type"": """", ""scan_loc"": """", ""quality"": ""good"", ""L1_loc_findings"": {""Fovea (<500um)"": {""VRI"": [""PVD""], ""Intraretinal-1"": [""IRF""], ""Intraretinal-2"": [""hyperreflective foci""], ""Outer retina-1"": [], ""Outer retina-2"": [], ""Choroid"": []}}, ""L2"": ""abnormal"", ""L1_neg"": [""no SRF"", ""no PED"", ""EZ intact"", ""no ERM""], ""L3_mgmt"": ""observation"", ""caption"": ""Image quality is sufficient for evaluation. At the vitreoretinal interface, posterior vitreous detachment (PVD) is observed. In the inner retina, intraretinal fluid (IRF) and hyperreflective foci are observed. No subretinal fluid (SRF), pigment epithelial detachment (PED), ellipsoid zone (EZ) disruption, or epiretinal membrane (ERM) is identified. Observation is appropriate."", ""_meta"": {""image"": ""CAT_004.png"", ""annotator"": ""GT"", ""saved_at"": ""2026-09-08T23:16:14.612847""}}"
CAT_005.png,GT,2026-09-08T23:16:36.664911,,,good,,,,choroidal thinning,no SRF; no IRF; no PED; EZ intact; no ERM,abnormal,observation,"Image quality is sufficient for evaluation. In the choroid, choroidal thinning is observed. No subretinal fluid (SRF), intraretinal fluid (IRF), pigment epithelial detachment (PED), ellipsoid zone (EZ) disruption, or epiretinal membrane (ERM) is identified. Observation is appropriate.","Image quality is sufficient for evaluation. In the choroid, choroidal thinning is observed. No subretinal fluid (SRF), intraretinal fluid (IRF), pigment epithelial detachment (PED), ellipsoid zone (EZ) disruption, or epiretinal membrane (ERM) is identified. Observation is appropriate.","{""scan_type"": """", ""scan_loc"": """", ""quality"": ""good"", ""L1_loc_findings"": {""Fovea (<500um)"": {""VRI"": [], ""Intraretinal-1"": [], ""Intraretinal-2"": [], ""Outer retina-1"": [], ""Outer retina-2"": [], ""Choroid"": [""choroidal thinning""]}}, ""L2"": ""abnormal"", ""L1_neg"": [""no SRF"", ""no IRF"", ""no PED"", ""EZ intact"", ""no ERM""], ""L3_mgmt"": ""observation"", ""caption"": ""Image quality is sufficient for evaluation. In the choroid, choroidal thinning is observed. No subretinal fluid (SRF), intraretinal fluid (IRF), pigment epithelial detachment (PED), ellipsoid zone (EZ) disruption, or epiretinal membrane (ERM) is identified. Observation is appropriate."", ""_meta"": {""image"": ""CAT_005.png"", ""annotator"": ""GT"", ""saved_at"": ""2026-09-08T23:16:36.664911""}}"
CAT_007.png,GT,2026-09-08T23:17:04.841425,,,good,,,EZ disruption,,no SRF; no IRF; no PED; no ERM,abnormal,observation,"Image quality is sufficient for evaluation. In the outer retina, ellipsoid zone (EZ) disruption is observed. No subretinal fluid (SRF), intraretinal fluid (IRF), pigment epithelial detachment (PED), or epiretinal membrane (ERM) is identified. Observation is appropriate.","Image quality is sufficient for evaluation. In the outer retina, ellipsoid zone (EZ) disruption is observed. No subretinal fluid (SRF), intraretinal fluid (IRF), pigment epithelial detachment (PED), or epiretinal membrane (ERM) is identified. Observation is appropriate.","{""scan_type"": """", ""scan_loc"": """", ""quality"": ""good"", ""L1_loc_findings"": {""Fovea (<500um)"": {""VRI"": [], ""Intraretinal-1"": [], ""Intraretinal-2"": [], ""Outer retina-1"": [], ""Outer retina-2"": [""EZ disruption""], ""Choroid"": []}}, ""L2"": ""abnormal"", ""L1_neg"": [""no SRF"", ""no IRF"", ""no PED"", ""no ERM""], ""L3_mgmt"": ""observation"", ""caption"": ""Image quality is sufficient for evaluation. In the outer retina, ellipsoid zone (EZ) disruption is observed. No subretinal fluid (SRF), intraretinal fluid (IRF), pigment epithelial detachment (PED), or epiretinal membrane (ERM) is identified. Observation is appropriate."", ""_meta"": {""image"": ""CAT_007.png"", ""annotator"": ""GT"", ""saved_at"": ""2026-09-08T23:17:04.841425""}}"
CAT_008.png,GT,2026-09-08T23:17:12.779338,,,good,,,,,no SRF; no IRF; no PED; EZ intact; no ERM,normal,no abnormality,"Image quality is sufficient for evaluation. No definite OCT abnormality is identified. No subretinal fluid (SRF), intraretinal fluid (IRF), pigment epithelial detachment (PED), ellipsoid zone (EZ) disruption, or epiretinal membrane (ERM) is identified.","Image quality is sufficient for evaluation. No definite OCT abnormality is identified. No subretinal fluid (SRF), intraretinal fluid (IRF), pigment epithelial detachment (PED), ellipsoid zone (EZ) disruption, or epiretinal membrane (ERM) is identified.","{""scan_type"": """", ""scan_loc"": """", ""quality"": ""good"", ""L1_loc_findings"": {""Fovea (<500um)"": {""VRI"": [], ""Intraretinal-1"": [], ""Intraretinal-2"": [], ""Outer retina-1"": [], ""Outer retina-2"": [], ""Choroid"": []}}, ""L2"": ""normal"", ""L1_neg"": [""no SRF"", ""no IRF"", ""no PED"", ""EZ intact"", ""no ERM""], ""L3_mgmt"": ""no abnormality"", ""caption"": ""Image quality is sufficient for evaluation. No definite OCT abnormality is identified. No subretinal fluid (SRF), intraretinal fluid (IRF), pigment epithelial detachment (PED), ellipsoid zone (EZ) disruption, or epiretinal membrane (ERM) is identified."", ""_meta"": {""image"": ""CAT_008.png"", ""annotator"": ""GT"", ""saved_at"": ""2026-09-08T23:17:12.779338""}}"
CAT_009.png,GT,2026-09-08T23:17:23.472125,,,fair,,,,,no SRF; no IRF; no PED; EZ intact; no ERM,normal,no abnormality,"Image quality is limited but adequate for evaluation. No definite OCT abnormality is identified. No subretinal fluid (SRF), intraretinal fluid (IRF), pigment epithelial detachment (PED), ellipsoid zone (EZ) disruption, or epiretinal membrane (ERM) is identified.","Image quality is limited but adequate for evaluation. No definite OCT abnormality is identified. No subretinal fluid (SRF), intraretinal fluid (IRF), pigment epithelial detachment (PED), ellipsoid zone (EZ) disruption, or epiretinal membrane (ERM) is identified.","{""scan_type"": """", ""scan_loc"": """", ""quality"": ""fair"", ""L1_loc_findings"": {""Fovea (<500um)"": {""VRI"": [], ""Intraretinal-1"": [], ""Intraretinal-2"": [], ""Outer retina-1"": [], ""Outer retina-2"": [], ""Choroid"": []}}, ""L2"": ""normal"", ""L1_neg"": [""no SRF"", ""no IRF"", ""no PED"", ""EZ intact"", ""no ERM""], ""L3_mgmt"": ""no abnormality"", ""caption"": ""Image quality is limited but adequate for evaluation. No definite OCT abnormality is identified. No subretinal fluid (SRF), intraretinal fluid (IRF), pigment epithelial detachment (PED), ellipsoid zone (EZ) disruption, or epiretinal membrane (ERM) is identified."", ""_meta"": {""image"": ""CAT_009.png"", ""annotator"": ""GT"", ""saved_at"": ""2026-09-08T23:17:23.472125""}}"
CAT_012.png,GT,2026-09-08T23:17:41.514396,,,good,PVD; ERM,hyperreflective foci,,,no SRF; no IRF; no PED; EZ intact,abnormal,observation,"Image quality is sufficient for evaluation. At the vitreoretinal interface, posterior vitreous detachment (PVD) and epiretinal membrane (ERM) are observed. In the inner retina, hyperreflective foci is observed. No subretinal fluid (SRF), intraretinal fluid (IRF), pigment epithelial detachment (PED), or ellipsoid zone (EZ) disruption is identified. Observation is appropriate.","Image quality is sufficient for evaluation. At the vitreoretinal interface, posterior vitreous detachment (PVD) and epiretinal membrane (ERM) are observed. In the inner retina, hyperreflective foci is observed. No subretinal fluid (SRF), intraretinal fluid (IRF), pigment epithelial detachment (PED), or ellipsoid zone (EZ) disruption is identified. Observation is appropriate.","{""scan_type"": """", ""scan_loc"": """", ""quality"": ""good"", ""L1_loc_findings"": {""Fovea (<500um)"": {""VRI"": [""PVD"", ""ERM""], ""Intraretinal-1"": [], ""Intraretinal-2"": [""hyperreflective foci""], ""Outer retina-1"": [], ""Outer retina-2"": [], ""Choroid"": []}}, ""L2"": ""abnormal"", ""L1_neg"": [""no SRF"", ""no IRF"", ""no PED"", ""EZ intact""], ""L3_mgmt"": ""observation"", ""caption"": ""Image quality is sufficient for evaluation. At the vitreoretinal interface, posterior vitreous detachment (PVD) and epiretinal membrane (ERM) are observed. In the inner retina, hyperreflective foci is observed. No subretinal fluid (SRF), intraretinal fluid (IRF), pigment epithelial detachment (PED), or ellipsoid zone (EZ) disruption is identified. Observation is appropriate."", ""_meta"": {""image"": ""CAT_012.png"", ""annotator"": ""GT"", ""saved_at"": ""2026-09-08T23:17:41.514396""}}"
CAT_013.png,GT,2026-09-08T23:17:50.781665,,,poor,,,,choroidal thinning,no SRF; no IRF; no PED; EZ intact; no ERM,abnormal,observation,"Image quality is poor; findings should be interpreted with caution. In the choroid, choroidal thinning is observed. No subretinal fluid (SRF), intraretinal fluid (IRF), pigment epithelial detachment (PED), ellipsoid zone (EZ) disruption, or epiretinal membrane (ERM) is identified. Observation is appropriate.","Image quality is poor; findings should be interpreted with caution. In the choroid, choroidal thinning is observed. No subretinal fluid (SRF), intraretinal fluid (IRF), pigment epithelial detachment (PED), ellipsoid zone (EZ) disruption, or epiretinal membrane (ERM) is identified. Observation is appropriate.","{""scan_type"": """", ""scan_loc"": """", ""quality"": ""poor"", ""L1_loc_findings"": {""Fovea (<500um)"": {""VRI"": [], ""Intraretinal-1"": [], ""Intraretinal-2"": [], ""Outer retina-1"": [], ""Outer retina-2"": [], ""Choroid"": [""choroidal thinning""]}}, ""L2"": ""abnormal"", ""L1_neg"": [""no SRF"", ""no IRF"", ""no PED"", ""EZ intact"", ""no ERM""], ""L3_mgmt"": ""observation"", ""caption"": ""Image quality is poor; findings should be interpreted with caution. In the choroid, choroidal thinning is observed. No subretinal fluid (SRF), intraretinal fluid (IRF), pigment epithelial detachment (PED), ellipsoid zone (EZ) disruption, or epiretinal membrane (ERM) is identified. Observation is appropriate."", ""_meta"": {""image"": ""CAT_013.png"", ""annotator"": ""GT"", ""saved_at"": ""2026-09-08T23:17:50.781665""}}"
CAT_014.png,GT,2026-09-08T23:17:59.514968,,,fair,,,,,no SRF; no IRF; no PED; EZ intact; no ERM,normal,no abnormality,"Image quality is limited but adequate for evaluation. No definite OCT abnormality is identified. No subretinal fluid (SRF), intraretinal fluid (IRF), pigment epithelial detachment (PED), ellipsoid zone (EZ) disruption, or epiretinal membrane (ERM) is identified.","Image quality is limited but adequate for evaluation. No definite OCT abnormality is identified. No subretinal fluid (SRF), intraretinal fluid (IRF), pigment epithelial detachment (PED), ellipsoid zone (EZ) disruption, or epiretinal membrane (ERM) is identified.","{""scan_type"": """", ""scan_loc"": """", ""quality"": ""fair"", ""L1_loc_findings"": {""Fovea (<500um)"": {""VRI"": [], ""Intraretinal-1"": [], ""Intraretinal-2"": [], ""Outer retina-1"": [], ""Outer retina-2"": [], ""Choroid"": []}}, ""L2"": ""normal"", ""L1_neg"": [""no SRF"", ""no IRF"", ""no PED"", ""EZ intact"", ""no ERM""], ""L3_mgmt"": ""no abnormality"", ""caption"": ""Image quality is limited but adequate for evaluation. No definite OCT abnormality is identified. No subretinal fluid (SRF), intraretinal fluid (IRF), pigment epithelial detachment (PED), ellipsoid zone (EZ) disruption, or epiretinal membrane (ERM) is identified."", ""_meta"": {""image"": ""CAT_014.png"", ""annotator"": ""GT"", ""saved_at"": ""2026-09-08T23:17:59.514968""}}"
CAT_015.png,GT,2026-09-08T23:18:05.945441,,,good,,,,,no SRF; no IRF; no PED; EZ intact; no ERM,normal,no abnormality,"Image quality is sufficient for evaluation. No definite OCT abnormality is identified. No subretinal fluid (SRF), intraretinal fluid (IRF), pigment epithelial detachment (PED), ellipsoid zone (EZ) disruption, or epiretinal membrane (ERM) is identified.","Image quality is sufficient for evaluation. No definite OCT abnormality is identified. No subretinal fluid (SRF), intraretinal fluid (IRF), pigment epithelial detachment (PED), ellipsoid zone (EZ) disruption, or epiretinal membrane (ERM) is identified.","{""scan_type"": """", ""scan_loc"": """", ""quality"": ""good"", ""L1_loc_findings"": {""Fovea (<500um)"": {""VRI"": [], ""Intraretinal-1"": [], ""Intraretinal-2"": [], ""Outer retina-1"": [], ""Outer retina-2"": [], ""Choroid"": []}}, ""L2"": ""normal"", ""L1_neg"": [""no SRF"", ""no IRF"", ""no PED"", ""EZ intact"", ""no ERM""], ""L3_mgmt"": ""no abnormality"", ""caption"": ""Image quality is sufficient for evaluation. No definite OCT abnormality is identified. No subretinal fluid (SRF), intraretinal fluid (IRF), pigment epithelial detachment (PED), ellipsoid zone (EZ) disruption, or epiretinal membrane (ERM) is identified."", ""_meta"": {""image"": ""CAT_015.png"", ""annotator"": ""GT"", ""saved_at"": ""2026-09-08T23:18:05.945441""}}"
CAT_016.png,GT,2026-09-08T23:18:32.680708,,,good,ERM,retinal thickening,EZ disruption; drusen,,no SRF; no IRF; no PED,abnormal,observation,"Image quality is sufficient for evaluation. At the vitreoretinal interface, epiretinal membrane (ERM) is observed. In the inner retina, retinal thickening is observed. In the outer retina, ellipsoid zone (EZ) disruption and drusen are observed. No subretinal fluid (SRF), intraretinal fluid (IRF), or pigment epithelial detachment (PED) is identified. Observation is appropriate.","Image quality is sufficient for evaluation. At the vitreoretinal interface, epiretinal membrane (ERM) is observed. In the inner retina, retinal thickening is observed. In the outer retina, ellipsoid zone (EZ) disruption and drusen are observed. No subretinal fluid (SRF), intraretinal fluid (IRF), or pigment epithelial detachment (PED) is identified. Observation is appropriate.","{""scan_type"": """", ""scan_loc"": """", ""quality"": ""good"", ""L1_loc_findings"": {""Fovea (<500um)"": {""VRI"": [""ERM""], ""Intraretinal-1"": [""retinal thickening""], ""Intraretinal-2"": [], ""Outer retina-1"": [], ""Outer retina-2"": [""EZ disruption"", ""drusen""], ""Choroid"": []}}, ""L2"": ""abnormal"", ""L1_neg"": [""no SRF"", ""no IRF"", ""no PED""], ""L3_mgmt"": ""observation"", ""caption"": ""Image quality is sufficient for evaluation. At the vitreoretinal interface, epiretinal membrane (ERM) is observed. In the inner retina, retinal thickening is observed. In the outer retina, ellipsoid zone (EZ) disruption and drusen are observed. No subretinal fluid (SRF), intraretinal fluid (IRF), or pigment epithelial detachment (PED) is identified. Observation is appropriate."", ""_meta"": {""image"": ""CAT_016.png"", ""annotator"": ""GT"", ""saved_at"": ""2026-09-08T23:18:32.680708""}}"
CAT_017.png,GT,2026-09-08T23:19:53.693171,,,fair,,,,choroidal thinning,no SRF; no IRF; no PED; EZ intact; no ERM,abnormal,observation,"Image quality is limited but adequate for evaluation. In the choroid, choroidal thinning is observed. No subretinal fluid (SRF), intraretinal fluid (IRF), pigment epithelial detachment (PED), ellipsoid zone (EZ) disruption, or epiretinal membrane (ERM) is identified. Observation is appropriate.","Image quality is limited but adequate for evaluation. In the choroid, choroidal thinning is observed. No subretinal fluid (SRF), intraretinal fluid (IRF), pigment epithelial detachment (PED), ellipsoid zone (EZ) disruption, or epiretinal membrane (ERM) is identified. Observation is appropriate.","{""scan_type"": """", ""scan_loc"": """", ""quality"": ""fair"", ""L1_loc_findings"": {""Fovea (<500um)"": {""VRI"": [], ""Intraretinal-1"": [], ""Intraretinal-2"": [], ""Outer retina-1"": [], ""Outer retina-2"": [], ""Choroid"": [""choroidal thinning""]}}, ""L2"": ""abnormal"", ""L1_neg"": [""no SRF"", ""no IRF"", ""no PED"", ""EZ intact"", ""no ERM""], ""L3_mgmt"": ""observation"", ""caption"": ""Image quality is limited but adequate for evaluation. In the choroid, choroidal thinning is observed. No subretinal fluid (SRF), intraretinal fluid (IRF), pigment epithelial detachment (PED), ellipsoid zone (EZ) disruption, or epiretinal membrane (ERM) is identified. Observation is appropriate."", ""_meta"": {""image"": ""CAT_017.png"", ""annotator"": ""GT"", ""saved_at"": ""2026-09-08T23:19:53.693171""}}"
CAT_018.png,GT,2026-09-08T23:20:03.136573,,,good,,,,,no SRF; no IRF; no PED; EZ intact; no ERM,normal,no abnormality,"Image quality is sufficient for evaluation. No definite OCT abnormality is identified. No subretinal fluid (SRF), intraretinal fluid (IRF), pigment epithelial detachment (PED), ellipsoid zone (EZ) disruption, or epiretinal membrane (ERM) is identified.","Image quality is sufficient for evaluation. No definite OCT abnormality is identified. No subretinal fluid (SRF), intraretinal fluid (IRF), pigment epithelial detachment (PED), ellipsoid zone (EZ) disruption, or epiretinal membrane (ERM) is identified.","{""scan_type"": """", ""scan_loc"": """", ""quality"": ""good"", ""L1_loc_findings"": {""Fovea (<500um)"": {""VRI"": [], ""Intraretinal-1"": [], ""Intraretinal-2"": [], ""Outer retina-1"": [], ""Outer retina-2"": [], ""Choroid"": []}}, ""L2"": ""normal"", ""L1_neg"": [""no SRF"", ""no IRF"", ""no PED"", ""EZ intact"", ""no ERM""], ""L3_mgmt"": ""no abnormality"", ""caption"": ""Image quality is sufficient for evaluation. No definite OCT abnormality is identified. No subretinal fluid (SRF), intraretinal fluid (IRF), pigment epithelial detachment (PED), ellipsoid zone (EZ) disruption, or epiretinal membrane (ERM) is identified."", ""_meta"": {""image"": ""CAT_018.png"", ""annotator"": ""GT"", ""saved_at"": ""2026-09-08T23:20:03.136573""}}"
CAT_019.png,GT,2026-09-08T23:21:20.857397,,,good,PVD,,SRF,choroidal thinning,no IRF; no PED; EZ intact; no ERM,abnormal,further exam,"Image quality is sufficient for evaluation. At the vitreoretinal interface, posterior vitreous detachment (PVD) is observed. In the outer retina, subretinal fluid (SRF) is observed. In the choroid, choroidal thinning is observed. No intraretinal fluid (IRF), pigment epithelial detachment (PED), ellipsoid zone (EZ) disruption, or epiretinal membrane (ERM) is identified. Further examination may be warranted.","Image quality is sufficient for evaluation. At the vitreoretinal interface, posterior vitreous detachment (PVD) is observed. In the outer retina, subretinal fluid (SRF) is observed. In the choroid, choroidal thinning is observed. No intraretinal fluid (IRF), pigment epithelial detachment (PED), ellipsoid zone (EZ) disruption, or epiretinal membrane (ERM) is identified. Further examination may be warranted.","{""scan_type"": """", ""scan_loc"": """", ""quality"": ""good"", ""L1_loc_findings"": {""Fovea (<500um)"": {""VRI"": [""PVD""], ""Intraretinal-1"": [], ""Intraretinal-2"": [], ""Outer retina-1"": [""SRF""], ""Outer retina-2"": [], ""Choroid"": [""choroidal thinning""]}}, ""L2"": ""abnormal"", ""L1_neg"": [""no IRF"", ""no PED"", ""EZ intact"", ""no ERM""], ""L3_mgmt"": ""further exam"", ""caption"": ""Image quality is sufficient for evaluation. At the vitreoretinal interface, posterior vitreous detachment (PVD) is observed. In the outer retina, subretinal fluid (SRF) is observed. In the choroid, choroidal thinning is observed. No intraretinal fluid (IRF), pigment epithelial detachment (PED), ellipsoid zone (EZ) disruption, or epiretinal membrane (ERM) is identified. Further examination may be warranted."", ""_meta"": {""image"": ""CAT_019.png"", ""annotator"": ""GT"", ""saved_at"": ""2026-09-08T23:21:20.857397""}}"
CAT_020.png,GT,2026-09-08T23:21:47.773744,,,good,,,,,no SRF; no IRF; no PED; EZ intact; no ERM,normal,no abnormality,"Image quality is sufficient for evaluation. No definite OCT abnormality is identified. No subretinal fluid (SRF), intraretinal fluid (IRF), pigment epithelial detachment (PED), ellipsoid zone (EZ) disruption, or epiretinal membrane (ERM) is identified.","Image quality is sufficient for evaluation. No definite OCT abnormality is identified. No subretinal fluid (SRF), intraretinal fluid (IRF), pigment epithelial detachment (PED), ellipsoid zone (EZ) disruption, or epiretinal membrane (ERM) is identified.","{""scan_type"": """", ""scan_loc"": """", ""quality"": ""good"", ""L1_loc_findings"": {""Fovea (<500um)"": {""VRI"": [], ""Intraretinal-1"": [], ""Intraretinal-2"": [], ""Outer retina-1"": [], ""Outer retina-2"": [], ""Choroid"": []}}, ""L2"": ""normal"", ""L1_neg"": [""no SRF"", ""no IRF"", ""no PED"", ""EZ intact"", ""no ERM""], ""L3_mgmt"": ""no abnormality"", ""caption"": ""Image quality is sufficient for evaluation. No definite OCT abnormality is identified. No subretinal fluid (SRF), intraretinal fluid (IRF), pigment epithelial detachment (PED), ellipsoid zone (EZ) disruption, or epiretinal membrane (ERM) is identified."", ""_meta"": {""image"": ""CAT_020.png"", ""annotator"": ""GT"", ""saved_at"": ""2026-09-08T23:21:47.773744""}}"
CAT_021.png,GT,2026-09-08T23:22:05.770383,,,good,PVD,,,,no SRF; no IRF; no PED; EZ intact; no ERM,abnormal,observation,"Image quality is sufficient for evaluation. At the vitreoretinal interface, posterior vitreous detachment (PVD) is observed. No subretinal fluid (SRF), intraretinal fluid (IRF), pigment epithelial detachment (PED), ellipsoid zone (EZ) disruption, or epiretinal membrane (ERM) is identified. Observation is appropriate.","Image quality is sufficient for evaluation. At the vitreoretinal interface, posterior vitreous detachment (PVD) is observed. No subretinal fluid (SRF), intraretinal fluid (IRF), pigment epithelial detachment (PED), ellipsoid zone (EZ) disruption, or epiretinal membrane (ERM) is identified. Observation is appropriate.","{""scan_type"": """", ""scan_loc"": """", ""quality"": ""good"", ""L1_loc_findings"": {""Fovea (<500um)"": {""VRI"": [""PVD""], ""Intraretinal-1"": [], ""Intraretinal-2"": [], ""Outer retina-1"": [], ""Outer retina-2"": [], ""Choroid"": []}}, ""L2"": ""abnormal"", ""L1_neg"": [""no SRF"", ""no IRF"", ""no PED"", ""EZ intact"", ""no ERM""], ""L3_mgmt"": ""observation"", ""caption"": ""Image quality is sufficient for evaluation. At the vitreoretinal interface, posterior vitreous detachment (PVD) is observed. No subretinal fluid (SRF), intraretinal fluid (IRF), pigment epithelial detachment (PED), ellipsoid zone (EZ) disruption, or epiretinal membrane (ERM) is identified. Observation is appropriate."", ""_meta"": {""image"": ""CAT_021.png"", ""annotator"": ""GT"", ""saved_at"": ""2026-09-08T23:22:05.770383""}}"
CAT_023.png,GT,2026-09-08T23:22:27.172689,,,fair,,IRF; hyperreflective foci,,choroidal thinning,no SRF; no PED; EZ intact; no ERM,abnormal,observation,"Image quality is limited but adequate for evaluation. In the inner retina, intraretinal fluid (IRF) and hyperreflective foci are observed. In the choroid, choroidal thinning is observed. No subretinal fluid (SRF), pigment epithelial detachment (PED), ellipsoid zone (EZ) disruption, or epiretinal membrane (ERM) is identified. Observation is appropriate.","Image quality is limited but adequate for evaluation. In the inner retina, intraretinal fluid (IRF) and hyperreflective foci are observed. In the choroid, choroidal thinning is observed. No subretinal fluid (SRF), pigment epithelial detachment (PED), ellipsoid zone (EZ) disruption, or epiretinal membrane (ERM) is identified. Observation is appropriate.","{""scan_type"": """", ""scan_loc"": """", ""quality"": ""fair"", ""L1_loc_findings"": {""Fovea (<500um)"": {""VRI"": [], ""Intraretinal-1"": [""IRF""], ""Intraretinal-2"": [""hyperreflective foci""], ""Outer retina-1"": [], ""Outer retina-2"": [], ""Choroid"": [""choroidal thinning""]}}, ""L2"": ""abnormal"", ""L1_neg"": [""no SRF"", ""no PED"", ""EZ intact"", ""no ERM""], ""L3_mgmt"": ""observation"", ""caption"": ""Image quality is limited but adequate for evaluation. In the inner retina, intraretinal fluid (IRF) and hyperreflective foci are observed. In the choroid, choroidal thinning is observed. No subretinal fluid (SRF), pigment epithelial detachment (PED), ellipsoid zone (EZ) disruption, or epiretinal membrane (ERM) is identified. Observation is appropriate."", ""_meta"": {""image"": ""CAT_023.png"", ""annotator"": ""GT"", ""saved_at"": ""2026-09-08T23:22:27.172689""}}"
CAT_025.png,GT,2026-09-08T23:29:26.245476,,,fair,,,,,no SRF; no IRF; no PED; EZ intact; no ERM,normal,no abnormality,"Image quality is limited but adequate for evaluation. No definite OCT abnormality is identified. No subretinal fluid (SRF), intraretinal fluid (IRF), pigment epithelial detachment (PED), ellipsoid zone (EZ) disruption, or epiretinal membrane (ERM) is identified.","Image quality is limited but adequate for evaluation. No definite OCT abnormality is identified. No subretinal fluid (SRF), intraretinal fluid (IRF), pigment epithelial detachment (PED), ellipsoid zone (EZ) disruption, or epiretinal membrane (ERM) is identified.","{""scan_type"": """", ""scan_loc"": """", ""quality"": ""fair"", ""L1_loc_findings"": {""Fovea (<500um)"": {""VRI"": [], ""Intraretinal-1"": [], ""Intraretinal-2"": [], ""Outer retina-1"": [], ""Outer retina-2"": [], ""Choroid"": []}}, ""L2"": ""normal"", ""L1_neg"": [""no SRF"", ""no IRF"", ""no PED"", ""EZ intact"", ""no ERM""], ""L3_mgmt"": ""no abnormality"", ""caption"": ""Image quality is limited but adequate for evaluation. No definite OCT abnormality is identified. No subretinal fluid (SRF), intraretinal fluid (IRF), pigment epithelial detachment (PED), ellipsoid zone (EZ) disruption, or epiretinal membrane (ERM) is identified."", ""_meta"": {""image"": ""CAT_025.png"", ""annotator"": ""GT"", ""saved_at"": ""2026-09-08T23:29:26.245476""}}"
CAT_028.png,GT,2026-09-08T23:29:32.904731,,,good,,,,,no SRF; no IRF; no PED; EZ intact; no ERM,normal,no abnormality,"Image quality is sufficient for evaluation. No definite OCT abnormality is identified. No subretinal fluid (SRF), intraretinal fluid (IRF), pigment epithelial detachment (PED), ellipsoid zone (EZ) disruption, or epiretinal membrane (ERM) is identified.","Image quality is sufficient for evaluation. No definite OCT abnormality is identified. No subretinal fluid (SRF), intraretinal fluid (IRF), pigment epithelial detachment (PED), ellipsoid zone (EZ) disruption, or epiretinal membrane (ERM) is identified.","{""scan_type"": """", ""scan_loc"": """", ""quality"": ""good"", ""L1_loc_findings"": {""Fovea (<500um)"": {""VRI"": [], ""Intraretinal-1"": [], ""Intraretinal-2"": [], ""Outer retina-1"": [], ""Outer retina-2"": [], ""Choroid"": []}}, ""L2"": ""normal"", ""L1_neg"": [""no SRF"", ""no IRF"", ""no PED"", ""EZ intact"", ""no ERM""], ""L3_mgmt"": ""no abnormality"", ""caption"": ""Image quality is sufficient for evaluation. No definite OCT abnormality is identified. No subretinal fluid (SRF), intraretinal fluid (IRF), pigment epithelial detachment (PED), ellipsoid zone (EZ) disruption, or epiretinal membrane (ERM) is identified."", ""_meta"": {""image"": ""CAT_028.png"", ""annotator"": ""GT"", ""saved_at"": ""2026-09-08T23:29:32.904731""}}"
CAT_029.png,GT,2026-09-08T23:30:33.261583,,,good,ERM,,,choroidal thinning,no SRF; no IRF; no PED; EZ intact,abnormal,observation,"Image quality is sufficient for evaluation. At the vitreoretinal interface, epiretinal membrane (ERM) is observed. In the choroid, choroidal thinning is observed. No subretinal fluid (SRF), intraretinal fluid (IRF), pigment epithelial detachment (PED), or ellipsoid zone (EZ) disruption is identified. Observation is appropriate.","Image quality is sufficient for evaluation. At the vitreoretinal interface, epiretinal membrane (ERM) is observed. In the choroid, choroidal thinning is observed. No subretinal fluid (SRF), intraretinal fluid (IRF), pigment epithelial detachment (PED), or ellipsoid zone (EZ) disruption is identified. Observation is appropriate.","{""scan_type"": """", ""scan_loc"": """", ""quality"": ""good"", ""L1_loc_findings"": {""Fovea (<500um)"": {""VRI"": [""ERM""], ""Intraretinal-1"": [], ""Intraretinal-2"": [], ""Outer retina-1"": [], ""Outer retina-2"": [], ""Choroid"": [""choroidal thinning""]}}, ""L2"": ""abnormal"", ""L1_neg"": [""no SRF"", ""no IRF"", ""no PED"", ""EZ intact""], ""L3_mgmt"": ""observation"", ""caption"": ""Image quality is sufficient for evaluation. At the vitreoretinal interface, epiretinal membrane (ERM) is observed. In the choroid, choroidal thinning is observed. No subretinal fluid (SRF), intraretinal fluid (IRF), pigment epithelial detachment (PED), or ellipsoid zone (EZ) disruption is identified. Observation is appropriate."", ""_meta"": {""image"": ""CAT_029.png"", ""annotator"": ""GT"", ""saved_at"": ""2026-09-08T23:30:33.261583""}}"
CAT_030.png,GT,2026-09-08T23:30:49.645860,,,good,,,,choroidal thickening,no SRF; no IRF; no PED; EZ intact; no ERM,abnormal,observation,"Image quality is sufficient for evaluation. In the choroid, choroidal thickening is observed. No subretinal fluid (SRF), intraretinal fluid (IRF), pigment epithelial detachment (PED), ellipsoid zone (EZ) disruption, or epiretinal membrane (ERM) is identified. Observation is appropriate.","Image quality is sufficient for evaluation. In the choroid, choroidal thickening is observed. No subretinal fluid (SRF), intraretinal fluid (IRF), pigment epithelial detachment (PED), ellipsoid zone (EZ) disruption, or epiretinal membrane (ERM) is identified. Observation is appropriate.","{""scan_type"": """", ""scan_loc"": """", ""quality"": ""good"", ""L1_loc_findings"": {""Fovea (<500um)"": {""VRI"": [], ""Intraretinal-1"": [], ""Intraretinal-2"": [], ""Outer retina-1"": [], ""Outer retina-2"": [], ""Choroid"": [""choroidal thickening""]}}, ""L2"": ""abnormal"", ""L1_neg"": [""no SRF"", ""no IRF"", ""no PED"", ""EZ intact"", ""no ERM""], ""L3_mgmt"": ""observation"", ""caption"": ""Image quality is sufficient for evaluation. In the choroid, choroidal thickening is observed. No subretinal fluid (SRF), intraretinal fluid (IRF), pigment epithelial detachment (PED), ellipsoid zone (EZ) disruption, or epiretinal membrane (ERM) is identified. Observation is appropriate."", ""_meta"": {""image"": ""CAT_030.png"", ""annotator"": ""GT"", ""saved_at"": ""2026-09-08T23:30:49.645860""}}"
CAT_031.png,GT,2026-09-08T23:31:36.850086,,,fair,ERM,hemorrhage; tractional thickening; hyperreflective foci,,,no SRF; no IRF; no PED; EZ intact,abnormal,observation,"Image quality is limited but adequate for evaluation. At the vitreoretinal interface, epiretinal membrane (ERM) is observed. In the inner retina, retinal hemorrhage, tractional retinal thickening, and hyperreflective foci are observed. No subretinal fluid (SRF), intraretinal fluid (IRF), pigment epithelial detachment (PED), or ellipsoid zone (EZ) disruption is identified. Observation is appropriate.","Image quality is limited but adequate for evaluation. At the vitreoretinal interface, epiretinal membrane (ERM) is observed. In the inner retina, retinal hemorrhage, tractional retinal thickening, and hyperreflective foci are observed. No subretinal fluid (SRF), intraretinal fluid (IRF), pigment epithelial detachment (PED), or ellipsoid zone (EZ) disruption is identified. Observation is appropriate.","{""scan_type"": """", ""scan_loc"": """", ""quality"": ""fair"", ""L1_loc_findings"": {""Fovea (<500um)"": {""VRI"": [""ERM""], ""Intraretinal-1"": [""hemorrhage"", ""tractional thickening""], ""Intraretinal-2"": [""hyperreflective foci""], ""Outer retina-1"": [], ""Outer retina-2"": [], ""Choroid"": []}}, ""L2"": ""abnormal"", ""L1_neg"": [""no SRF"", ""no IRF"", ""no PED"", ""EZ intact""], ""L3_mgmt"": ""observation"", ""caption"": ""Image quality is limited but adequate for evaluation. At the vitreoretinal interface, epiretinal membrane (ERM) is observed. In the inner retina, retinal hemorrhage, tractional retinal thickening, and hyperreflective foci are observed. No subretinal fluid (SRF), intraretinal fluid (IRF), pigment epithelial detachment (PED), or ellipsoid zone (EZ) disruption is identified. Observation is appropriate."", ""_meta"": {""image"": ""CAT_031.png"", ""annotator"": ""GT"", ""saved_at"": ""2026-09-08T23:31:36.850086""}}"
CAT_032.png,GT,2026-09-08T23:31:59.684758,,,good,ERM,hyperreflective foci,,,no SRF; no IRF; no PED; EZ intact,abnormal,observation,"Image quality is sufficient for evaluation. At the vitreoretinal interface, epiretinal membrane (ERM) is observed. In the inner retina, hyperreflective foci is observed. No subretinal fluid (SRF), intraretinal fluid (IRF), pigment epithelial detachment (PED), or ellipsoid zone (EZ) disruption is identified. Observation is appropriate.","Image quality is sufficient for evaluation. At the vitreoretinal interface, epiretinal membrane (ERM) is observed. In the inner retina, hyperreflective foci is observed. No subretinal fluid (SRF), intraretinal fluid (IRF), pigment epithelial detachment (PED), or ellipsoid zone (EZ) disruption is identified. Observation is appropriate.","{""scan_type"": """", ""scan_loc"": """", ""quality"": ""good"", ""L1_loc_findings"": {""Fovea (<500um)"": {""VRI"": [""ERM""], ""Intraretinal-1"": [], ""Intraretinal-2"": [""hyperreflective foci""], ""Outer retina-1"": [], ""Outer retina-2"": [], ""Choroid"": []}}, ""L2"": ""abnormal"", ""L1_neg"": [""no SRF"", ""no IRF"", ""no PED"", ""EZ intact""], ""L3_mgmt"": ""observation"", ""caption"": ""Image quality is sufficient for evaluation. At the vitreoretinal interface, epiretinal membrane (ERM) is observed. In the inner retina, hyperreflective foci is observed. No subretinal fluid (SRF), intraretinal fluid (IRF), pigment epithelial detachment (PED), or ellipsoid zone (EZ) disruption is identified. Observation is appropriate."", ""_meta"": {""image"": ""CAT_032.png"", ""annotator"": ""GT"", ""saved_at"": ""2026-09-08T23:31:59.684758""}}"
CAT_033.png,GT,2026-09-08T23:35:02.680590,,,good,,,,,no SRF; no IRF; no PED; EZ intact; no ERM,normal,no abnormality,"Image quality is sufficient for evaluation. No definite OCT abnormality is identified. No subretinal fluid (SRF), intraretinal fluid (IRF), pigment epithelial detachment (PED), ellipsoid zone (EZ) disruption, or epiretinal membrane (ERM) is identified.","Image quality is sufficient for evaluation. No definite OCT abnormality is identified. No subretinal fluid (SRF), intraretinal fluid (IRF), pigment epithelial detachment (PED), ellipsoid zone (EZ) disruption, or epiretinal membrane (ERM) is identified.","{""scan_type"": """", ""scan_loc"": """", ""quality"": ""good"", ""L1_loc_findings"": {""Fovea (<500um)"": {""VRI"": [], ""Intraretinal-1"": [], ""Intraretinal-2"": [], ""Outer retina-1"": [], ""Outer retina-2"": [], ""Choroid"": []}}, ""L2"": ""normal"", ""L1_neg"": [""no SRF"", ""no IRF"", ""no PED"", ""EZ intact"", ""no ERM""], ""L3_mgmt"": ""no abnormality"", ""caption"": ""Image quality is sufficient for evaluation. No definite OCT abnormality is identified. No subretinal fluid (SRF), intraretinal fluid (IRF), pigment epithelial detachment (PED), ellipsoid zone (EZ) disruption, or epiretinal membrane (ERM) is identified."", ""_meta"": {""image"": ""CAT_033.png"", ""annotator"": ""GT"", ""saved_at"": ""2026-09-08T23:35:02.680590""}}"
CAT_034.png,GT,2026-09-09T01:09:32.210713,,,good,ERM,,EZ disruption; drusen,,no SRF; no IRF; no PED,abnormal,observation,"Image quality is sufficient for evaluation. At the vitreoretinal interface, epiretinal membrane (ERM) is observed. In the outer retina, ellipsoid zone (EZ) disruption and drusen are observed. No subretinal fluid (SRF), intraretinal fluid (IRF), or pigment epithelial detachment (PED) is identified. Observation is appropriate.","Image quality is sufficient for evaluation. At the vitreoretinal interface, epiretinal membrane (ERM) is observed. In the outer retina, ellipsoid zone (EZ) disruption and drusen are observed. No subretinal fluid (SRF), intraretinal fluid (IRF), or pigment epithelial detachment (PED) is identified. Observation is appropriate.","{""scan_type"": """", ""scan_loc"": """", ""quality"": ""good"", ""L1_loc_findings"": {""Fovea (<500um)"": {""VRI"": [""ERM""], ""Intraretinal-1"": [], ""Intraretinal-2"": [], ""Outer retina-1"": [], ""Outer retina-2"": [""EZ disruption"", ""drusen""], ""Choroid"": []}}, ""L2"": ""abnormal"", ""L1_neg"": [""no SRF"", ""no IRF"", ""no PED""], ""L3_mgmt"": ""observation"", ""caption"": ""Image quality is sufficient for evaluation. At the vitreoretinal interface, epiretinal membrane (ERM) is observed. In the outer retina, ellipsoid zone (EZ) disruption and drusen are observed. No subretinal fluid (SRF), intraretinal fluid (IRF), or pigment epithelial detachment (PED) is identified. Observation is appropriate."", ""_meta"": {""image"": ""CAT_034.png"", ""annotator"": ""GT"", ""saved_at"": ""2026-09-09T01:09:32.210713""}}"
CAT_037.png,GT,2026-09-09T01:09:39.387902,,,good,,,,,no SRF; no IRF; no PED; EZ intact; no ERM,normal,no abnormality,"Image quality is sufficient for evaluation. No definite OCT abnormality is identified. No subretinal fluid (SRF), intraretinal fluid (IRF), pigment epithelial detachment (PED), ellipsoid zone (EZ) disruption, or epiretinal membrane (ERM) is identified.","Image quality is sufficient for evaluation. No definite OCT abnormality is identified. No subretinal fluid (SRF), intraretinal fluid (IRF), pigment epithelial detachment (PED), ellipsoid zone (EZ) disruption, or epiretinal membrane (ERM) is identified.","{""scan_type"": """", ""scan_loc"": """", ""quality"": ""good"", ""L1_loc_findings"": {""Fovea (<500um)"": {""VRI"": [], ""Intraretinal-1"": [], ""Intraretinal-2"": [], ""Outer retina-1"": [], ""Outer retina-2"": [], ""Choroid"": []}}, ""L2"": ""normal"", ""L1_neg"": [""no SRF"", ""no IRF"", ""no PED"", ""EZ intact"", ""no ERM""], ""L3_mgmt"": ""no abnormality"", ""caption"": ""Image quality is sufficient for evaluation. No definite OCT abnormality is identified. No subretinal fluid (SRF), intraretinal fluid (IRF), pigment epithelial detachment (PED), ellipsoid zone (EZ) disruption, or epiretinal membrane (ERM) is identified."", ""_meta"": {""image"": ""CAT_037.png"", ""annotator"": ""GT"", ""saved_at"": ""2026-09-09T01:09:39.387902""}}"
CAT_039.png,GT,2026-09-09T01:09:47.455125,,,good,VMT,,EZ disruption,,no SRF; no IRF; no PED; no ERM,abnormal,observation,"Image quality is sufficient for evaluation. At the vitreoretinal interface, vitreomacular traction (VMT) is observed. In the outer retina, ellipsoid zone (EZ) disruption is observed. No subretinal fluid (SRF), intraretinal fluid (IRF), pigment epithelial detachment (PED), or epiretinal membrane (ERM) is identified. Observation is appropriate.","Image quality is sufficient for evaluation. At the vitreoretinal interface, vitreomacular traction (VMT) is observed. In the outer retina, ellipsoid zone (EZ) disruption is observed. No subretinal fluid (SRF), intraretinal fluid (IRF), pigment epithelial detachment (PED), or epiretinal membrane (ERM) is identified. Observation is appropriate.","{""scan_type"": """", ""scan_loc"": """", ""quality"": ""good"", ""L1_loc_findings"": {""Fovea (<500um)"": {""VRI"": [""VMT""], ""Intraretinal-1"": [], ""Intraretinal-2"": [], ""Outer retina-1"": [], ""Outer retina-2"": [""EZ disruption""], ""Choroid"": []}}, ""L2"": ""abnormal"", ""L1_neg"": [""no SRF"", ""no IRF"", ""no PED"", ""no ERM""], ""L3_mgmt"": ""observation"", ""caption"": ""Image quality is sufficient for evaluation. At the vitreoretinal interface, vitreomacular traction (VMT) is observed. In the outer retina, ellipsoid zone (EZ) disruption is observed. No subretinal fluid (SRF), intraretinal fluid (IRF), pigment epithelial detachment (PED), or epiretinal membrane (ERM) is identified. Observation is appropriate."", ""_meta"": {""image"": ""CAT_039.png"", ""annotator"": ""GT"", ""saved_at"": ""2026-09-09T01:09:47.455125""}}"
CAT_040.png,GT,2026-09-09T01:10:05.923811,,,good,PVD; ERM; VMT,,EZ disruption,,no SRF; no IRF; no PED,abnormal,observation,"Image quality is sufficient for evaluation. At the vitreoretinal interface, posterior vitreous detachment (PVD), epiretinal membrane (ERM), and vitreomacular traction (VMT) are observed. In the outer retina, ellipsoid zone (EZ) disruption is observed. No subretinal fluid (SRF), intraretinal fluid (IRF), or pigment epithelial detachment (PED) is identified. Observation is appropriate.","Image quality is sufficient for evaluation. At the vitreoretinal interface, posterior vitreous detachment (PVD), epiretinal membrane (ERM), and vitreomacular traction (VMT) are observed. In the outer retina, ellipsoid zone (EZ) disruption is observed. No subretinal fluid (SRF), intraretinal fluid (IRF), or pigment epithelial detachment (PED) is identified. Observation is appropriate.","{""scan_type"": """", ""scan_loc"": """", ""quality"": ""good"", ""L1_loc_findings"": {""Fovea (<500um)"": {""VRI"": [""PVD"", ""ERM"", ""VMT""], ""Intraretinal-1"": [], ""Intraretinal-2"": [], ""Outer retina-1"": [], ""Outer retina-2"": [""EZ disruption""], ""Choroid"": []}}, ""L2"": ""abnormal"", ""L1_neg"": [""no SRF"", ""no IRF"", ""no PED""], ""L3_mgmt"": ""observation"", ""caption"": ""Image quality is sufficient for evaluation. At the vitreoretinal interface, posterior vitreous detachment (PVD), epiretinal membrane (ERM), and vitreomacular traction (VMT) are observed. In the outer retina, ellipsoid zone (EZ) disruption is observed. No subretinal fluid (SRF), intraretinal fluid (IRF), or pigment epithelial detachment (PED) is identified. Observation is appropriate."", ""_meta"": {""image"": ""CAT_040.png"", ""annotator"": ""GT"", ""saved_at"": ""2026-09-09T01:10:05.923811""}}"
CAT_041.png,GT,2026-09-09T01:10:14.324366,,,good,ERM,IRF,EZ disruption,,no SRF; no PED,abnormal,observation,"Image quality is sufficient for evaluation. At the vitreoretinal interface, epiretinal membrane (ERM) is observed. In the inner retina, intraretinal fluid (IRF) is observed. In the outer retina, ellipsoid zone (EZ) disruption is observed. No subretinal fluid (SRF) or pigment epithelial detachment (PED) is identified. Observation is appropriate.","Image quality is sufficient for evaluation. At the vitreoretinal interface, epiretinal membrane (ERM) is observed. In the inner retina, intraretinal fluid (IRF) is observed. In the outer retina, ellipsoid zone (EZ) disruption is observed. No subretinal fluid (SRF) or pigment epithelial detachment (PED) is identified. Observation is appropriate.","{""scan_type"": """", ""scan_loc"": """", ""quality"": ""good"", ""L1_loc_findings"": {""Fovea (<500um)"": {""VRI"": [""ERM""], ""Intraretinal-1"": [""IRF""], ""Intraretinal-2"": [], ""Outer retina-1"": [], ""Outer retina-2"": [""EZ disruption""], ""Choroid"": []}}, ""L2"": ""abnormal"", ""L1_neg"": [""no SRF"", ""no PED""], ""L3_mgmt"": ""observation"", ""caption"": ""Image quality is sufficient for evaluation. At the vitreoretinal interface, epiretinal membrane (ERM) is observed. In the inner retina, intraretinal fluid (IRF) is observed. In the outer retina, ellipsoid zone (EZ) disruption is observed. No subretinal fluid (SRF) or pigment epithelial detachment (PED) is identified. Observation is appropriate."", ""_meta"": {""image"": ""CAT_041.png"", ""annotator"": ""GT"", ""saved_at"": ""2026-09-09T01:10:14.324366""}}"
CAT_042.png,GT,2026-09-09T01:10:19.799961,,,good,,,,,no SRF; no IRF; no PED; EZ intact; no ERM,normal,no abnormality,"Image quality is sufficient for evaluation. No definite OCT abnormality is identified. No subretinal fluid (SRF), intraretinal fluid (IRF), pigment epithelial detachment (PED), ellipsoid zone (EZ) disruption, or epiretinal membrane (ERM) is identified.","Image quality is sufficient for evaluation. No definite OCT abnormality is identified. No subretinal fluid (SRF), intraretinal fluid (IRF), pigment epithelial detachment (PED), ellipsoid zone (EZ) disruption, or epiretinal membrane (ERM) is identified.","{""scan_type"": """", ""scan_loc"": """", ""quality"": ""good"", ""L1_loc_findings"": {""Fovea (<500um)"": {""VRI"": [], ""Intraretinal-1"": [], ""Intraretinal-2"": [], ""Outer retina-1"": [], ""Outer retina-2"": [], ""Choroid"": []}}, ""L2"": ""normal"", ""L1_neg"": [""no SRF"", ""no IRF"", ""no PED"", ""EZ intact"", ""no ERM""], ""L3_mgmt"": ""no abnormality"", ""caption"": ""Image quality is sufficient for evaluation. No definite OCT abnormality is identified. No subretinal fluid (SRF), intraretinal fluid (IRF), pigment epithelial detachment (PED), ellipsoid zone (EZ) disruption, or epiretinal membrane (ERM) is identified."", ""_meta"": {""image"": ""CAT_042.png"", ""annotator"": ""GT"", ""saved_at"": ""2026-09-09T01:10:19.799961""}}"
CAT_044.png,GT,2026-09-09T01:10:23.054651,,,fair,ERM,,EZ disruption,,no SRF; no IRF; no PED,abnormal,further exam,"Image quality is limited but adequate for evaluation. At the vitreoretinal interface, epiretinal membrane (ERM) is observed. In the outer retina, ellipsoid zone (EZ) disruption is observed. No subretinal fluid (SRF), intraretinal fluid (IRF), or pigment epithelial detachment (PED) is identified. Further examination may be warranted.","Image quality is limited but adequate for evaluation. At the vitreoretinal interface, epiretinal membrane (ERM) is observed. In the outer retina, ellipsoid zone (EZ) disruption is observed. No subretinal fluid (SRF), intraretinal fluid (IRF), or pigment epithelial detachment (PED) is identified. Further examination may be warranted.","{""scan_type"": """", ""scan_loc"": """", ""quality"": ""fair"", ""L1_loc_findings"": {""Fovea (<500um)"": {""VRI"": [""ERM""], ""Intraretinal-1"": [], ""Intraretinal-2"": [], ""Outer retina-1"": [], ""Outer retina-2"": [""EZ disruption""], ""Choroid"": []}}, ""L2"": ""abnormal"", ""L1_neg"": [""no SRF"", ""no IRF"", ""no PED""], ""L3_mgmt"": ""further exam"", ""caption"": ""Image quality is limited but adequate for evaluation. At the vitreoretinal interface, epiretinal membrane (ERM) is observed. In the outer retina, ellipsoid zone (EZ) disruption is observed. No subretinal fluid (SRF), intraretinal fluid (IRF), or pigment epithelial detachment (PED) is identified. Further examination may be warranted."", ""_meta"": {""image"": ""CAT_044.png"", ""annotator"": ""GT"", ""saved_at"": ""2026-09-09T01:10:23.054651""}}"
CAT_045.png,GT,2026-09-09T01:10:30.022609,,,fair,,,,,no SRF; no IRF; no PED; EZ intact; no ERM,normal,no abnormality,"Image quality is limited but adequate for evaluation. No definite OCT abnormality is identified. No subretinal fluid (SRF), intraretinal fluid (IRF), pigment epithelial detachment (PED), ellipsoid zone (EZ) disruption, or epiretinal membrane (ERM) is identified.","Image quality is limited but adequate for evaluation. No definite OCT abnormality is identified. No subretinal fluid (SRF), intraretinal fluid (IRF), pigment epithelial detachment (PED), ellipsoid zone (EZ) disruption, or epiretinal membrane (ERM) is identified.","{""scan_type"": """", ""scan_loc"": """", ""quality"": ""fair"", ""L1_loc_findings"": {""Fovea (<500um)"": {""VRI"": [], ""Intraretinal-1"": [], ""Intraretinal-2"": [], ""Outer retina-1"": [], ""Outer retina-2"": [], ""Choroid"": []}}, ""L2"": ""normal"", ""L1_neg"": [""no SRF"", ""no IRF"", ""no PED"", ""EZ intact"", ""no ERM""], ""L3_mgmt"": ""no abnormality"", ""caption"": ""Image quality is limited but adequate for evaluation. No definite OCT abnormality is identified. No subretinal fluid (SRF), intraretinal fluid (IRF), pigment epithelial detachment (PED), ellipsoid zone (EZ) disruption, or epiretinal membrane (ERM) is identified."", ""_meta"": {""image"": ""CAT_045.png"", ""annotator"": ""GT"", ""saved_at"": ""2026-09-09T01:10:30.022609""}}"
CAT_047.png,GT,2026-09-09T01:10:39.718913,,,good,ERM,,,,no SRF; no IRF; no PED; EZ intact,abnormal,observation,"Image quality is sufficient for evaluation. At the vitreoretinal interface, epiretinal membrane (ERM) is observed. No subretinal fluid (SRF), intraretinal fluid (IRF), pigment epithelial detachment (PED), or ellipsoid zone (EZ) disruption is identified. Observation is appropriate.","Image quality is sufficient for evaluation. At the vitreoretinal interface, epiretinal membrane (ERM) is observed. No subretinal fluid (SRF), intraretinal fluid (IRF), pigment epithelial detachment (PED), or ellipsoid zone (EZ) disruption is identified. Observation is appropriate.","{""scan_type"": """", ""scan_loc"": """", ""quality"": ""good"", ""L1_loc_findings"": {""Fovea (<500um)"": {""VRI"": [""ERM""], ""Intraretinal-1"": [], ""Intraretinal-2"": [], ""Outer retina-1"": [], ""Outer retina-2"": [], ""Choroid"": []}}, ""L2"": ""abnormal"", ""L1_neg"": [""no SRF"", ""no IRF"", ""no PED"", ""EZ intact""], ""L3_mgmt"": ""observation"", ""caption"": ""Image quality is sufficient for evaluation. At the vitreoretinal interface, epiretinal membrane (ERM) is observed. No subretinal fluid (SRF), intraretinal fluid (IRF), pigment epithelial detachment (PED), or ellipsoid zone (EZ) disruption is identified. Observation is appropriate."", ""_meta"": {""image"": ""CAT_047.png"", ""annotator"": ""GT"", ""saved_at"": ""2026-09-09T01:10:39.718913""}}"
CAT_048.png,GT,2026-09-09T01:10:46.681047,,,good,,,,,no SRF; no IRF; no PED; EZ intact; no ERM,normal,no abnormality,"Image quality is sufficient for evaluation. No definite OCT abnormality is identified. No subretinal fluid (SRF), intraretinal fluid (IRF), pigment epithelial detachment (PED), ellipsoid zone (EZ) disruption, or epiretinal membrane (ERM) is identified.","Image quality is sufficient for evaluation. No definite OCT abnormality is identified. No subretinal fluid (SRF), intraretinal fluid (IRF), pigment epithelial detachment (PED), ellipsoid zone (EZ) disruption, or epiretinal membrane (ERM) is identified.","{""scan_type"": """", ""scan_loc"": """", ""quality"": ""good"", ""L1_loc_findings"": {""Fovea (<500um)"": {""VRI"": [], ""Intraretinal-1"": [], ""Intraretinal-2"": [], ""Outer retina-1"": [], ""Outer retina-2"": [], ""Choroid"": []}}, ""L2"": ""normal"", ""L1_neg"": [""no SRF"", ""no IRF"", ""no PED"", ""EZ intact"", ""no ERM""], ""L3_mgmt"": ""no abnormality"", ""caption"": ""Image quality is sufficient for evaluation. No definite OCT abnormality is identified. No subretinal fluid (SRF), intraretinal fluid (IRF), pigment epithelial detachment (PED), ellipsoid zone (EZ) disruption, or epiretinal membrane (ERM) is identified."", ""_meta"": {""image"": ""CAT_048.png"", ""annotator"": ""GT"", ""saved_at"": ""2026-09-09T01:10:46.681047""}}"
CAT_049.png,GT,2026-09-09T01:10:52.780701,,,fair,,,,,no SRF; no IRF; no PED; EZ intact; no ERM,normal,no abnormality,"Image quality is limited but adequate for evaluation. No definite OCT abnormality is identified. No subretinal fluid (SRF), intraretinal fluid (IRF), pigment epithelial detachment (PED), ellipsoid zone (EZ) disruption, or epiretinal membrane (ERM) is identified.","Image quality is limited but adequate for evaluation. No definite OCT abnormality is identified. No subretinal fluid (SRF), intraretinal fluid (IRF), pigment epithelial detachment (PED), ellipsoid zone (EZ) disruption, or epiretinal membrane (ERM) is identified.","{""scan_type"": """", ""scan_loc"": """", ""quality"": ""fair"", ""L1_loc_findings"": {""Fovea (<500um)"": {""VRI"": [], ""Intraretinal-1"": [], ""Intraretinal-2"": [], ""Outer retina-1"": [], ""Outer retina-2"": [], ""Choroid"": []}}, ""L2"": ""normal"", ""L1_neg"": [""no SRF"", ""no IRF"", ""no PED"", ""EZ intact"", ""no ERM""], ""L3_mgmt"": ""no abnormality"", ""caption"": ""Image quality is limited but adequate for evaluation. No definite OCT abnormality is identified. No subretinal fluid (SRF), intraretinal fluid (IRF), pigment epithelial detachment (PED), ellipsoid zone (EZ) disruption, or epiretinal membrane (ERM) is identified."", ""_meta"": {""image"": ""CAT_049.png"", ""annotator"": ""GT"", ""saved_at"": ""2026-09-09T01:10:52.780701""}}"
CAT_050.png,GT,2026-09-09T01:10:59.039747,,,good,,,,,no SRF; no IRF; no PED; EZ intact; no ERM,normal,no abnormality,"Image quality is sufficient for evaluation. No definite OCT abnormality is identified. No subretinal fluid (SRF), intraretinal fluid (IRF), pigment epithelial detachment (PED), ellipsoid zone (EZ) disruption, or epiretinal membrane (ERM) is identified.","Image quality is sufficient for evaluation. No definite OCT abnormality is identified. No subretinal fluid (SRF), intraretinal fluid (IRF), pigment epithelial detachment (PED), ellipsoid zone (EZ) disruption, or epiretinal membrane (ERM) is identified.","{""scan_type"": """", ""scan_loc"": """", ""quality"": ""good"", ""L1_loc_findings"": {""Fovea (<500um)"": {""VRI"": [], ""Intraretinal-1"": [], ""Intraretinal-2"": [], ""Outer retina-1"": [], ""Outer retina-2"": [], ""Choroid"": []}}, ""L2"": ""normal"", ""L1_neg"": [""no SRF"", ""no IRF"", ""no PED"", ""EZ intact"", ""no ERM""], ""L3_mgmt"": ""no abnormality"", ""caption"": ""Image quality is sufficient for evaluation. No definite OCT abnormality is identified. No subretinal fluid (SRF), intraretinal fluid (IRF), pigment epithelial detachment (PED), ellipsoid zone (EZ) disruption, or epiretinal membrane (ERM) is identified."", ""_meta"": {""image"": ""CAT_050.png"", ""annotator"": ""GT"", ""saved_at"": ""2026-09-09T01:10:59.039747""}}"
CAT_054.png,GT,2026-09-09T01:11:25.735907,,,fair,ERM,retinal thickening; hyperreflective foci,,,no SRF; no IRF; no PED; EZ intact,abnormal,observation,"Image quality is limited but adequate for evaluation. At the vitreoretinal interface, epiretinal membrane (ERM) is observed. In the inner retina, retinal thickening and hyperreflective foci are observed. No subretinal fluid (SRF), intraretinal fluid (IRF), pigment epithelial detachment (PED), or ellipsoid zone (EZ) disruption is identified. Observation is appropriate.","Image quality is limited but adequate for evaluation. At the vitreoretinal interface, epiretinal membrane (ERM) is observed. In the inner retina, retinal thickening and hyperreflective foci are observed. No subretinal fluid (SRF), intraretinal fluid (IRF), pigment epithelial detachment (PED), or ellipsoid zone (EZ) disruption is identified. Observation is appropriate.","{""scan_type"": """", ""scan_loc"": """", ""quality"": ""fair"", ""L1_loc_findings"": {""Fovea (<500um)"": {""VRI"": [""ERM""], ""Intraretinal-1"": [""retinal thickening""], ""Intraretinal-2"": [""hyperreflective foci""], ""Outer retina-1"": [], ""Outer retina-2"": [], ""Choroid"": []}}, ""L2"": ""abnormal"", ""L1_neg"": [""no SRF"", ""no IRF"", ""no PED"", ""EZ intact""], ""L3_mgmt"": ""observation"", ""caption"": ""Image quality is limited but adequate for evaluation. At the vitreoretinal interface, epiretinal membrane (ERM) is observed. In the inner retina, retinal thickening and hyperreflective foci are observed. No subretinal fluid (SRF), intraretinal fluid (IRF), pigment epithelial detachment (PED), or ellipsoid zone (EZ) disruption is identified. Observation is appropriate."", ""_meta"": {""image"": ""CAT_054.png"", ""annotator"": ""GT"", ""saved_at"": ""2026-09-09T01:11:25.735907""}}"
CAT_058.png,GT,2026-09-09T01:11:32.283075,,,good,,,,,no SRF; no IRF; no PED; EZ intact; no ERM,normal,no abnormality,"Image quality is sufficient for evaluation. No definite OCT abnormality is identified. No subretinal fluid (SRF), intraretinal fluid (IRF), pigment epithelial detachment (PED), ellipsoid zone (EZ) disruption, or epiretinal membrane (ERM) is identified.","Image quality is sufficient for evaluation. No definite OCT abnormality is identified. No subretinal fluid (SRF), intraretinal fluid (IRF), pigment epithelial detachment (PED), ellipsoid zone (EZ) disruption, or epiretinal membrane (ERM) is identified.","{""scan_type"": """", ""scan_loc"": """", ""quality"": ""good"", ""L1_loc_findings"": {""Fovea (<500um)"": {""VRI"": [], ""Intraretinal-1"": [], ""Intraretinal-2"": [], ""Outer retina-1"": [], ""Outer retina-2"": [], ""Choroid"": []}}, ""L2"": ""normal"", ""L1_neg"": [""no SRF"", ""no IRF"", ""no PED"", ""EZ intact"", ""no ERM""], ""L3_mgmt"": ""no abnormality"", ""caption"": ""Image quality is sufficient for evaluation. No definite OCT abnormality is identified. No subretinal fluid (SRF), intraretinal fluid (IRF), pigment epithelial detachment (PED), ellipsoid zone (EZ) disruption, or epiretinal membrane (ERM) is identified."", ""_meta"": {""image"": ""CAT_058.png"", ""annotator"": ""GT"", ""saved_at"": ""2026-09-09T01:11:32.283075""}}"
CAT_059.png,GT,2026-09-09T01:12:14.765198,,,good,PVD; ERM,IRF; hemorrhage; retinal thickening; hyperreflective foci,EZ disruption; outer atrophy,,no SRF; no PED,abnormal,treatment,"Image quality is sufficient for evaluation. At the vitreoretinal interface, posterior vitreous detachment (PVD) and epiretinal membrane (ERM) are observed. In the inner retina, intraretinal fluid (IRF), retinal hemorrhage, retinal thickening, and hyperreflective foci are observed. In the outer retina, ellipsoid zone (EZ) disruption and outer retinal atrophy are observed. No subretinal fluid (SRF) or pigment epithelial detachment (PED) is identified. Treatment may be considered.","Image quality is sufficient for evaluation. At the vitreoretinal interface, posterior vitreous detachment (PVD) and epiretinal membrane (ERM) are observed. In the inner retina, intraretinal fluid (IRF), retinal hemorrhage, retinal thickening, and hyperreflective foci are observed. In the outer retina, ellipsoid zone (EZ) disruption and outer retinal atrophy are observed. No subretinal fluid (SRF) or pigment epithelial detachment (PED) is identified. Treatment may be considered.","{""scan_type"": """", ""scan_loc"": """", ""quality"": ""good"", ""L1_loc_findings"": {""Fovea (<500um)"": {""VRI"": [""PVD"", ""ERM""], ""Intraretinal-1"": [""IRF"", ""hemorrhage"", ""retinal thickening""], ""Intraretinal-2"": [""hyperreflective foci""], ""Outer retina-1"": [], ""Outer retina-2"": [""EZ disruption"", ""outer atrophy""], ""Choroid"": []}}, ""L2"": ""abnormal"", ""L1_neg"": [""no SRF"", ""no PED""], ""L3_mgmt"": ""treatment"", ""caption"": ""Image quality is sufficient for evaluation. At the vitreoretinal interface, posterior vitreous detachment (PVD) and epiretinal membrane (ERM) are observed. In the inner retina, intraretinal fluid (IRF), retinal hemorrhage, retinal thickening, and hyperreflective foci are observed. In the outer retina, ellipsoid zone (EZ) disruption and outer retinal atrophy are observed. No subretinal fluid (SRF) or pigment epithelial detachment (PED) is identified. Treatment may be considered."", ""_meta"": {""image"": ""CAT_059.png"", ""annotator"": ""GT"", ""saved_at"": ""2026-09-09T01:12:14.765198""}}"
CAT_060.png,GT,2026-09-09T01:12:27.691361,,,good,,,drusen,,no SRF; no IRF; no PED; EZ intact; no ERM,abnormal,observation,"Image quality is sufficient for evaluation. In the outer retina, drusen is observed. No subretinal fluid (SRF), intraretinal fluid (IRF), pigment epithelial detachment (PED), ellipsoid zone (EZ) disruption, or epiretinal membrane (ERM) is identified. Observation is appropriate.","Image quality is sufficient for evaluation. In the outer retina, drusen is observed. No subretinal fluid (SRF), intraretinal fluid (IRF), pigment epithelial detachment (PED), ellipsoid zone (EZ) disruption, or epiretinal membrane (ERM) is identified. Observation is appropriate.","{""scan_type"": """", ""scan_loc"": """", ""quality"": ""good"", ""L1_loc_findings"": {""Fovea (<500um)"": {""VRI"": [], ""Intraretinal-1"": [], ""Intraretinal-2"": [], ""Outer retina-1"": [], ""Outer retina-2"": [""drusen""], ""Choroid"": []}}, ""L2"": ""abnormal"", ""L1_neg"": [""no SRF"", ""no IRF"", ""no PED"", ""EZ intact"", ""no ERM""], ""L3_mgmt"": ""observation"", ""caption"": ""Image quality is sufficient for evaluation. In the outer retina, drusen is observed. No subretinal fluid (SRF), intraretinal fluid (IRF), pigment epithelial detachment (PED), ellipsoid zone (EZ) disruption, or epiretinal membrane (ERM) is identified. Observation is appropriate."", ""_meta"": {""image"": ""CAT_060.png"", ""annotator"": ""GT"", ""saved_at"": ""2026-09-09T01:12:27.691361""}}"
CAT_063.png,GT,2026-09-09T01:12:54.205838,,,good,,IRF; hemorrhage; retinal thickening; hyperreflective foci,EZ disruption,choroidal thinning,no SRF; no PED; no ERM,abnormal,treatment,"Image quality is sufficient for evaluation. In the inner retina, intraretinal fluid (IRF), retinal hemorrhage, retinal thickening, and hyperreflective foci are observed. In the outer retina, ellipsoid zone (EZ) disruption is observed. In the choroid, choroidal thinning is observed. No subretinal fluid (SRF), pigment epithelial detachment (PED), or epiretinal membrane (ERM) is identified. Treatment may be considered.","Image quality is sufficient for evaluation. In the inner retina, intraretinal fluid (IRF), retinal hemorrhage, retinal thickening, and hyperreflective foci are observed. In the outer retina, ellipsoid zone (EZ) disruption is observed. In the choroid, choroidal thinning is observed. No subretinal fluid (SRF), pigment epithelial detachment (PED), or epiretinal membrane (ERM) is identified. Treatment may be considered.","{""scan_type"": """", ""scan_loc"": """", ""quality"": ""good"", ""L1_loc_findings"": {""Fovea (<500um)"": {""VRI"": [], ""Intraretinal-1"": [""IRF"", ""hemorrhage"", ""retinal thickening""], ""Intraretinal-2"": [""hyperreflective foci""], ""Outer retina-1"": [], ""Outer retina-2"": [""EZ disruption""], ""Choroid"": [""choroidal thinning""]}}, ""L2"": ""abnormal"", ""L1_neg"": [""no SRF"", ""no PED"", ""no ERM""], ""L3_mgmt"": ""treatment"", ""caption"": ""Image quality is sufficient for evaluation. In the inner retina, intraretinal fluid (IRF), retinal hemorrhage, retinal thickening, and hyperreflective foci are observed. In the outer retina, ellipsoid zone (EZ) disruption is observed. In the choroid, choroidal thinning is observed. No subretinal fluid (SRF), pigment epithelial detachment (PED), or epiretinal membrane (ERM) is identified. Treatment may be considered."", ""_meta"": {""image"": ""CAT_063.png"", ""annotator"": ""GT"", ""saved_at"": ""2026-09-09T01:12:54.205838""}}"
CAT_064.png,GT,2026-09-09T01:13:18.583140,,,good,,hemorrhage,subretinal hemorrhage; EZ disruption,,no SRF; no IRF; no PED; no ERM,abnormal,observation,"Image quality is sufficient for evaluation. In the inner retina, retinal hemorrhage is observed. In the outer retina, subretinal hemorrhage and ellipsoid zone (EZ) disruption are observed. No subretinal fluid (SRF), intraretinal fluid (IRF), pigment epithelial detachment (PED), or epiretinal membrane (ERM) is identified. Observation is appropriate.","Image quality is sufficient for evaluation. In the inner retina, retinal hemorrhage is observed. In the outer retina, subretinal hemorrhage and ellipsoid zone (EZ) disruption are observed. No subretinal fluid (SRF), intraretinal fluid (IRF), pigment epithelial detachment (PED), or epiretinal membrane (ERM) is identified. Observation is appropriate.","{""scan_type"": """", ""scan_loc"": """", ""quality"": ""good"", ""L1_loc_findings"": {""Fovea (<500um)"": {""VRI"": [], ""Intraretinal-1"": [""hemorrhage""], ""Intraretinal-2"": [], ""Outer retina-1"": [""subretinal hemorrhage""], ""Outer retina-2"": [""EZ disruption""], ""Choroid"": []}}, ""L2"": ""abnormal"", ""L1_neg"": [""no SRF"", ""no IRF"", ""no PED"", ""no ERM""], ""L3_mgmt"": ""observation"", ""caption"": ""Image quality is sufficient for evaluation. In the inner retina, retinal hemorrhage is observed. In the outer retina, subretinal hemorrhage and ellipsoid zone (EZ) disruption are observed. No subretinal fluid (SRF), intraretinal fluid (IRF), pigment epithelial detachment (PED), or epiretinal membrane (ERM) is identified. Observation is appropriate."", ""_meta"": {""image"": ""CAT_064.png"", ""annotator"": ""GT"", ""saved_at"": ""2026-09-09T01:13:18.583140""}}"
CAT_065.png,GT,2026-09-09T01:14:11.272630,,,good,ERM,IRF; retinal thickening,,choroidal thinning,no SRF; no PED; EZ intact,abnormal,observation,"Image quality is sufficient for evaluation. At the vitreoretinal interface, epiretinal membrane (ERM) is observed. In the inner retina, intraretinal fluid (IRF) and retinal thickening are observed. In the choroid, choroidal thinning is observed. No subretinal fluid (SRF), pigment epithelial detachment (PED), or ellipsoid zone (EZ) disruption is identified. Observation is appropriate.","Image quality is sufficient for evaluation. At the vitreoretinal interface, epiretinal membrane (ERM) is observed. In the inner retina, intraretinal fluid (IRF) and retinal thickening are observed. In the choroid, choroidal thinning is observed. No subretinal fluid (SRF), pigment epithelial detachment (PED), or ellipsoid zone (EZ) disruption is identified. Observation is appropriate.","{""scan_type"": """", ""scan_loc"": """", ""quality"": ""good"", ""L1_loc_findings"": {""Fovea (<500um)"": {""VRI"": [""ERM""], ""Intraretinal-1"": [""IRF"", ""retinal thickening""], ""Intraretinal-2"": [], ""Outer retina-1"": [], ""Outer retina-2"": [], ""Choroid"": [""choroidal thinning""]}}, ""L2"": ""abnormal"", ""L1_neg"": [""no SRF"", ""no PED"", ""EZ intact""], ""L3_mgmt"": ""observation"", ""caption"": ""Image quality is sufficient for evaluation. At the vitreoretinal interface, epiretinal membrane (ERM) is observed. In the inner retina, intraretinal fluid (IRF) and retinal thickening are observed. In the choroid, choroidal thinning is observed. No subretinal fluid (SRF), pigment epithelial detachment (PED), or ellipsoid zone (EZ) disruption is identified. Observation is appropriate."", ""_meta"": {""image"": ""CAT_065.png"", ""annotator"": ""GT"", ""saved_at"": ""2026-09-09T01:14:11.272630""}}"
CAT_067.png,GT,2026-09-09T01:14:29.358736,,,fair,,IRF; hemorrhage; retinal thickening; hyperreflective foci,subretinal hemorrhage; EZ disruption,,no SRF; no PED; no ERM,abnormal,treatment,"Image quality is limited but adequate for evaluation. In the inner retina, intraretinal fluid (IRF), retinal hemorrhage, retinal thickening, and hyperreflective foci are observed. In the outer retina, subretinal hemorrhage and ellipsoid zone (EZ) disruption are observed. No subretinal fluid (SRF), pigment epithelial detachment (PED), or epiretinal membrane (ERM) is identified. Treatment may be considered.","Image quality is limited but adequate for evaluation. In the inner retina, intraretinal fluid (IRF), retinal hemorrhage, retinal thickening, and hyperreflective foci are observed. In the outer retina, subretinal hemorrhage and ellipsoid zone (EZ) disruption are observed. No subretinal fluid (SRF), pigment epithelial detachment (PED), or epiretinal membrane (ERM) is identified. Treatment may be considered.","{""scan_type"": """", ""scan_loc"": """", ""quality"": ""fair"", ""L1_loc_findings"": {""Fovea (<500um)"": {""VRI"": [], ""Intraretinal-1"": [""IRF"", ""hemorrhage"", ""retinal thickening""], ""Intraretinal-2"": [""hyperreflective foci""], ""Outer retina-1"": [""subretinal hemorrhage""], ""Outer retina-2"": [""EZ disruption""], ""Choroid"": []}}, ""L2"": ""abnormal"", ""L1_neg"": [""no SRF"", ""no PED"", ""no ERM""], ""L3_mgmt"": ""treatment"", ""caption"": ""Image quality is limited but adequate for evaluation. In the inner retina, intraretinal fluid (IRF), retinal hemorrhage, retinal thickening, and hyperreflective foci are observed. In the outer retina, subretinal hemorrhage and ellipsoid zone (EZ) disruption are observed. No subretinal fluid (SRF), pigment epithelial detachment (PED), or epiretinal membrane (ERM) is identified. Treatment may be considered."", ""_meta"": {""image"": ""CAT_067.png"", ""annotator"": ""GT"", ""saved_at"": ""2026-09-09T01:14:29.358736""}}"
CAT_069.png,GT,2026-09-09T01:14:36.632052,,,good,,,,,no SRF; no IRF; no PED; EZ intact; no ERM,normal,no abnormality,"Image quality is sufficient for evaluation. No definite OCT abnormality is identified. No subretinal fluid (SRF), intraretinal fluid (IRF), pigment epithelial detachment (PED), ellipsoid zone (EZ) disruption, or epiretinal membrane (ERM) is identified.","Image quality is sufficient for evaluation. No definite OCT abnormality is identified. No subretinal fluid (SRF), intraretinal fluid (IRF), pigment epithelial detachment (PED), ellipsoid zone (EZ) disruption, or epiretinal membrane (ERM) is identified.","{""scan_type"": """", ""scan_loc"": """", ""quality"": ""good"", ""L1_loc_findings"": {""Fovea (<500um)"": {""VRI"": [], ""Intraretinal-1"": [], ""Intraretinal-2"": [], ""Outer retina-1"": [], ""Outer retina-2"": [], ""Choroid"": []}}, ""L2"": ""normal"", ""L1_neg"": [""no SRF"", ""no IRF"", ""no PED"", ""EZ intact"", ""no ERM""], ""L3_mgmt"": ""no abnormality"", ""caption"": ""Image quality is sufficient for evaluation. No definite OCT abnormality is identified. No subretinal fluid (SRF), intraretinal fluid (IRF), pigment epithelial detachment (PED), ellipsoid zone (EZ) disruption, or epiretinal membrane (ERM) is identified."", ""_meta"": {""image"": ""CAT_069.png"", ""annotator"": ""GT"", ""saved_at"": ""2026-09-09T01:14:36.632052""}}"
CAT_071.png,GT,2026-09-09T01:14:54.289024,,,fair,,,,,no SRF; no IRF; no PED; EZ intact; no ERM,normal,no abnormality,"Image quality is limited but adequate for evaluation. No definite OCT abnormality is identified. No subretinal fluid (SRF), intraretinal fluid (IRF), pigment epithelial detachment (PED), ellipsoid zone (EZ) disruption, or epiretinal membrane (ERM) is identified.","Image quality is limited but adequate for evaluation. No definite OCT abnormality is identified. No subretinal fluid (SRF), intraretinal fluid (IRF), pigment epithelial detachment (PED), ellipsoid zone (EZ) disruption, or epiretinal membrane (ERM) is identified.","{""scan_type"": """", ""scan_loc"": """", ""quality"": ""fair"", ""L1_loc_findings"": {""Fovea (<500um)"": {""VRI"": [], ""Intraretinal-1"": [], ""Intraretinal-2"": [], ""Outer retina-1"": [], ""Outer retina-2"": [], ""Choroid"": []}}, ""L2"": ""normal"", ""L1_neg"": [""no SRF"", ""no IRF"", ""no PED"", ""EZ intact"", ""no ERM""], ""L3_mgmt"": ""no abnormality"", ""caption"": ""Image quality is limited but adequate for evaluation. No definite OCT abnormality is identified. No subretinal fluid (SRF), intraretinal fluid (IRF), pigment epithelial detachment (PED), ellipsoid zone (EZ) disruption, or epiretinal membrane (ERM) is identified."", ""_meta"": {""image"": ""CAT_071.png"", ""annotator"": ""GT"", ""saved_at"": ""2026-09-09T01:14:54.289024""}}"
CAT_073.png,GT,2026-09-09T01:15:22.543132,,,good,,,,,no SRF; no IRF; no PED; EZ intact; no ERM,normal,no abnormality,"Image quality is sufficient for evaluation. No definite OCT abnormality is identified. No subretinal fluid (SRF), intraretinal fluid (IRF), pigment epithelial detachment (PED), ellipsoid zone (EZ) disruption, or epiretinal membrane (ERM) is identified.","Image quality is sufficient for evaluation. No definite OCT abnormality is identified. No subretinal fluid (SRF), intraretinal fluid (IRF), pigment epithelial detachment (PED), ellipsoid zone (EZ) disruption, or epiretinal membrane (ERM) is identified.","{""scan_type"": """", ""scan_loc"": """", ""quality"": ""good"", ""L1_loc_findings"": {""Fovea (<500um)"": {""VRI"": [], ""Intraretinal-1"": [], ""Intraretinal-2"": [], ""Outer retina-1"": [], ""Outer retina-2"": [], ""Choroid"": []}}, ""L2"": ""normal"", ""L1_neg"": [""no SRF"", ""no IRF"", ""no PED"", ""EZ intact"", ""no ERM""], ""L3_mgmt"": ""no abnormality"", ""caption"": ""Image quality is sufficient for evaluation. No definite OCT abnormality is identified. No subretinal fluid (SRF), intraretinal fluid (IRF), pigment epithelial detachment (PED), ellipsoid zone (EZ) disruption, or epiretinal membrane (ERM) is identified."", ""_meta"": {""image"": ""CAT_073.png"", ""annotator"": ""GT"", ""saved_at"": ""2026-09-09T01:15:22.543132""}}"
CAT_074.png,GT,2026-09-09T01:15:38.103629,,,fair,PVD,,,,no SRF; no IRF; no PED; EZ intact; no ERM,abnormal,observation,"Image quality is limited but adequate for evaluation. At the vitreoretinal interface, posterior vitreous detachment (PVD) is observed. No subretinal fluid (SRF), intraretinal fluid (IRF), pigment epithelial detachment (PED), ellipsoid zone (EZ) disruption, or epiretinal membrane (ERM) is identified. Observation is appropriate.","Image quality is limited but adequate for evaluation. At the vitreoretinal interface, posterior vitreous detachment (PVD) is observed. No subretinal fluid (SRF), intraretinal fluid (IRF), pigment epithelial detachment (PED), ellipsoid zone (EZ) disruption, or epiretinal membrane (ERM) is identified. Observation is appropriate.","{""scan_type"": """", ""scan_loc"": """", ""quality"": ""fair"", ""L1_loc_findings"": {""Fovea (<500um)"": {""VRI"": [""PVD""], ""Intraretinal-1"": [], ""Intraretinal-2"": [], ""Outer retina-1"": [], ""Outer retina-2"": [], ""Choroid"": []}}, ""L2"": ""abnormal"", ""L1_neg"": [""no SRF"", ""no IRF"", ""no PED"", ""EZ intact"", ""no ERM""], ""L3_mgmt"": ""observation"", ""caption"": ""Image quality is limited but adequate for evaluation. At the vitreoretinal interface, posterior vitreous detachment (PVD) is observed. No subretinal fluid (SRF), intraretinal fluid (IRF), pigment epithelial detachment (PED), ellipsoid zone (EZ) disruption, or epiretinal membrane (ERM) is identified. Observation is appropriate."", ""_meta"": {""image"": ""CAT_074.png"", ""annotator"": ""GT"", ""saved_at"": ""2026-09-09T01:15:38.103629""}}"
CAT_075.png,GT,2026-09-09T01:15:45.682544,,,good,,,,,no SRF; no IRF; no PED; EZ intact; no ERM,normal,no abnormality,"Image quality is sufficient for evaluation. No definite OCT abnormality is identified. No subretinal fluid (SRF), intraretinal fluid (IRF), pigment epithelial detachment (PED), ellipsoid zone (EZ) disruption, or epiretinal membrane (ERM) is identified.","Image quality is sufficient for evaluation. No definite OCT abnormality is identified. No subretinal fluid (SRF), intraretinal fluid (IRF), pigment epithelial detachment (PED), ellipsoid zone (EZ) disruption, or epiretinal membrane (ERM) is identified.","{""scan_type"": """", ""scan_loc"": """", ""quality"": ""good"", ""L1_loc_findings"": {""Fovea (<500um)"": {""VRI"": [], ""Intraretinal-1"": [], ""Intraretinal-2"": [], ""Outer retina-1"": [], ""Outer retina-2"": [], ""Choroid"": []}}, ""L2"": ""normal"", ""L1_neg"": [""no SRF"", ""no IRF"", ""no PED"", ""EZ intact"", ""no ERM""], ""L3_mgmt"": ""no abnormality"", ""caption"": ""Image quality is sufficient for evaluation. No definite OCT abnormality is identified. No subretinal fluid (SRF), intraretinal fluid (IRF), pigment epithelial detachment (PED), ellipsoid zone (EZ) disruption, or epiretinal membrane (ERM) is identified."", ""_meta"": {""image"": ""CAT_075.png"", ""annotator"": ""GT"", ""saved_at"": ""2026-09-09T01:15:45.682544""}}"
CAT_078.png,GT,2026-09-09T01:16:00.326710,,,good,ERM,tractional thickening,,choroidal thinning,no SRF; no IRF; no PED; EZ intact,abnormal,observation,"Image quality is sufficient for evaluation. At the vitreoretinal interface, epiretinal membrane (ERM) is observed. In the inner retina, tractional retinal thickening is observed. In the choroid, choroidal thinning is observed. No subretinal fluid (SRF), intraretinal fluid (IRF), pigment epithelial detachment (PED), or ellipsoid zone (EZ) disruption is identified. Observation is appropriate.","Image quality is sufficient for evaluation. At the vitreoretinal interface, epiretinal membrane (ERM) is observed. In the inner retina, tractional retinal thickening is observed. In the choroid, choroidal thinning is observed. No subretinal fluid (SRF), intraretinal fluid (IRF), pigment epithelial detachment (PED), or ellipsoid zone (EZ) disruption is identified. Observation is appropriate.","{""scan_type"": """", ""scan_loc"": """", ""quality"": ""good"", ""L1_loc_findings"": {""Fovea (<500um)"": {""VRI"": [""ERM""], ""Intraretinal-1"": [""tractional thickening""], ""Intraretinal-2"": [], ""Outer retina-1"": [], ""Outer retina-2"": [], ""Choroid"": [""choroidal thinning""]}}, ""L2"": ""abnormal"", ""L1_neg"": [""no SRF"", ""no IRF"", ""no PED"", ""EZ intact""], ""L3_mgmt"": ""observation"", ""caption"": ""Image quality is sufficient for evaluation. At the vitreoretinal interface, epiretinal membrane (ERM) is observed. In the inner retina, tractional retinal thickening is observed. In the choroid, choroidal thinning is observed. No subretinal fluid (SRF), intraretinal fluid (IRF), pigment epithelial detachment (PED), or ellipsoid zone (EZ) disruption is identified. Observation is appropriate."", ""_meta"": {""image"": ""CAT_078.png"", ""annotator"": ""GT"", ""saved_at"": ""2026-09-09T01:16:00.326710""}}"
CAT_079.png,GT,2026-09-09T06:39:49.962803,,,poor,ERM,tractional thickening,,,no SRF; no IRF; no PED; EZ intact,abnormal,observation,"Image quality is poor; findings should be interpreted with caution. At the vitreoretinal interface, epiretinal membrane (ERM) is observed. In the inner retina, tractional retinal thickening is observed. No subretinal fluid (SRF), intraretinal fluid (IRF), pigment epithelial detachment (PED), or ellipsoid zone (EZ) disruption is identified. Observation is appropriate.","Image quality is poor; findings should be interpreted with caution. At the vitreoretinal interface, epiretinal membrane (ERM) is observed. In the inner retina, tractional retinal thickening is observed. No subretinal fluid (SRF), intraretinal fluid (IRF), pigment epithelial detachment (PED), or ellipsoid zone (EZ) disruption is identified. Observation is appropriate.","{""scan_type"": """", ""scan_loc"": """", ""quality"": ""poor"", ""L1_loc_findings"": {""Fovea (<500um)"": {""VRI"": [""ERM""], ""Intraretinal-1"": [""tractional thickening""], ""Intraretinal-2"": [], ""Outer retina-1"": [], ""Outer retina-2"": [], ""Choroid"": []}}, ""L2"": ""abnormal"", ""L1_neg"": [""no SRF"", ""no IRF"", ""no PED"", ""EZ intact""], ""L3_mgmt"": ""observation"", ""caption"": ""Image quality is poor; findings should be interpreted with caution. At the vitreoretinal interface, epiretinal membrane (ERM) is observed. In the inner retina, tractional retinal thickening is observed. No subretinal fluid (SRF), intraretinal fluid (IRF), pigment epithelial detachment (PED), or ellipsoid zone (EZ) disruption is identified. Observation is appropriate."", ""_meta"": {""image"": ""CAT_079.png"", ""annotator"": ""GT"", ""saved_at"": ""2026-09-09T06:39:49.962803""}}"
CAT_080.png,GT,2026-09-09T06:51:15.198052,,,good,ERM,hyperreflective foci,SRF; EZ disruption; outer atrophy,,no IRF; no PED,abnormal,treatment,"Image quality is sufficient for evaluation. At the vitreoretinal interface, epiretinal membrane (ERM) is observed. In the inner retina, hyperreflective foci is observed. In the outer retina, subretinal fluid (SRF), ellipsoid zone (EZ) disruption, and outer retinal atrophy are observed. No intraretinal fluid (IRF) or pigment epithelial detachment (PED) is identified. Treatment may be considered.","Image quality is sufficient for evaluation. At the vitreoretinal interface, epiretinal membrane (ERM) is observed. In the inner retina, hyperreflective foci is observed. In the outer retina, subretinal fluid (SRF), ellipsoid zone (EZ) disruption, and outer retinal atrophy are observed. No intraretinal fluid (IRF) or pigment epithelial detachment (PED) is identified. Treatment may be considered.","{""scan_type"": """", ""scan_loc"": """", ""quality"": ""good"", ""L1_loc_findings"": {""Fovea (<500um)"": {""VRI"": [""ERM""], ""Intraretinal-1"": [], ""Intraretinal-2"": [""hyperreflective foci""], ""Outer retina-1"": [""SRF""], ""Outer retina-2"": [""EZ disruption"", ""outer atrophy""], ""Choroid"": []}}, ""L2"": ""abnormal"", ""L1_neg"": [""no IRF"", ""no PED""], ""L3_mgmt"": ""treatment"", ""caption"": ""Image quality is sufficient for evaluation. At the vitreoretinal interface, epiretinal membrane (ERM) is observed. In the inner retina, hyperreflective foci is observed. In the outer retina, subretinal fluid (SRF), ellipsoid zone (EZ) disruption, and outer retinal atrophy are observed. No intraretinal fluid (IRF) or pigment epithelial detachment (PED) is identified. Treatment may be considered."", ""_meta"": {""image"": ""CAT_080.png"", ""annotator"": ""GT"", ""saved_at"": ""2026-09-09T06:51:15.198052""}}"
CAT_081.png,GT,2026-09-09T06:51:24.623521,,,good,,,,,no SRF; no IRF; no PED; EZ intact; no ERM,normal,no abnormality,"Image quality is sufficient for evaluation. No definite OCT abnormality is identified. No subretinal fluid (SRF), intraretinal fluid (IRF), pigment epithelial detachment (PED), ellipsoid zone (EZ) disruption, or epiretinal membrane (ERM) is identified.","Image quality is sufficient for evaluation. No definite OCT abnormality is identified. No subretinal fluid (SRF), intraretinal fluid (IRF), pigment epithelial detachment (PED), ellipsoid zone (EZ) disruption, or epiretinal membrane (ERM) is identified.","{""scan_type"": """", ""scan_loc"": """", ""quality"": ""good"", ""L1_loc_findings"": {""Fovea (<500um)"": {""VRI"": [], ""Intraretinal-1"": [], ""Intraretinal-2"": [], ""Outer retina-1"": [], ""Outer retina-2"": [], ""Choroid"": []}}, ""L2"": ""normal"", ""L1_neg"": [""no SRF"", ""no IRF"", ""no PED"", ""EZ intact"", ""no ERM""], ""L3_mgmt"": ""no abnormality"", ""caption"": ""Image quality is sufficient for evaluation. No definite OCT abnormality is identified. No subretinal fluid (SRF), intraretinal fluid (IRF), pigment epithelial detachment (PED), ellipsoid zone (EZ) disruption, or epiretinal membrane (ERM) is identified."", ""_meta"": {""image"": ""CAT_081.png"", ""annotator"": ""GT"", ""saved_at"": ""2026-09-09T06:51:24.623521""}}"
CAT_083.png,GT,2026-09-09T06:51:40.600870,,,good,PVD,,,choroidal thinning,no SRF; no IRF; no PED; EZ intact; no ERM,abnormal,observation,"Image quality is sufficient for evaluation. At the vitreoretinal interface, posterior vitreous detachment (PVD) is observed. In the choroid, choroidal thinning is observed. No subretinal fluid (SRF), intraretinal fluid (IRF), pigment epithelial detachment (PED), ellipsoid zone (EZ) disruption, or epiretinal membrane (ERM) is identified. Observation is appropriate.","Image quality is sufficient for evaluation. At the vitreoretinal interface, posterior vitreous detachment (PVD) is observed. In the choroid, choroidal thinning is observed. No subretinal fluid (SRF), intraretinal fluid (IRF), pigment epithelial detachment (PED), ellipsoid zone (EZ) disruption, or epiretinal membrane (ERM) is identified. Observation is appropriate.","{""scan_type"": """", ""scan_loc"": """", ""quality"": ""good"", ""L1_loc_findings"": {""Fovea (<500um)"": {""VRI"": [""PVD""], ""Intraretinal-1"": [], ""Intraretinal-2"": [], ""Outer retina-1"": [], ""Outer retina-2"": [], ""Choroid"": [""choroidal thinning""]}}, ""L2"": ""abnormal"", ""L1_neg"": [""no SRF"", ""no IRF"", ""no PED"", ""EZ intact"", ""no ERM""], ""L3_mgmt"": ""observation"", ""caption"": ""Image quality is sufficient for evaluation. At the vitreoretinal interface, posterior vitreous detachment (PVD) is observed. In the choroid, choroidal thinning is observed. No subretinal fluid (SRF), intraretinal fluid (IRF), pigment epithelial detachment (PED), ellipsoid zone (EZ) disruption, or epiretinal membrane (ERM) is identified. Observation is appropriate."", ""_meta"": {""image"": ""CAT_083.png"", ""annotator"": ""GT"", ""saved_at"": ""2026-09-09T06:51:40.600870""}}"
CAT_084.png,GT,2026-09-09T06:52:12.366783,,,fair,,,EZ disruption; outer atrophy; drusen,choroidal thinning,no SRF; no IRF; no ERM,abnormal,observation,"Image quality is limited but adequate for evaluation. In the outer retina, ellipsoid zone (EZ) disruption, outer retinal atrophy, and drusen are observed. In the choroid, choroidal thinning is observed. No subretinal fluid (SRF), intraretinal fluid (IRF), or epiretinal membrane (ERM) is identified. Observation is appropriate.","Image quality is limited but adequate for evaluation. In the outer retina, ellipsoid zone (EZ) disruption, outer retinal atrophy, and drusen are observed. In the choroid, choroidal thinning is observed. No subretinal fluid (SRF), intraretinal fluid (IRF), or epiretinal membrane (ERM) is identified. Observation is appropriate.","{""scan_type"": """", ""scan_loc"": """", ""quality"": ""fair"", ""L1_loc_findings"": {""Fovea (<500um)"": {""VRI"": [], ""Intraretinal-1"": [], ""Intraretinal-2"": [], ""Outer retina-1"": [], ""Outer retina-2"": [""EZ disruption"", ""outer atrophy"", ""drusen""], ""Choroid"": [""choroidal thinning""]}}, ""L2"": ""abnormal"", ""L1_neg"": [""no SRF"", ""no IRF"", ""no ERM""], ""L3_mgmt"": ""observation"", ""caption"": ""Image quality is limited but adequate for evaluation. In the outer retina, ellipsoid zone (EZ) disruption, outer retinal atrophy, and drusen are observed. In the choroid, choroidal thinning is observed. No subretinal fluid (SRF), intraretinal fluid (IRF), or epiretinal membrane (ERM) is identified. Observation is appropriate."", ""_meta"": {""image"": ""CAT_084.png"", ""annotator"": ""GT"", ""saved_at"": ""2026-09-09T06:52:12.366783""}}"
CAT_087.png,GT,2026-09-09T06:52:29.653483,,,good,PVD,IRF; hyperreflective foci,,,no SRF; no PED; EZ intact; no ERM,abnormal,observation,"Image quality is sufficient for evaluation. At the vitreoretinal interface, posterior vitreous detachment (PVD) is observed. In the inner retina, intraretinal fluid (IRF) and hyperreflective foci are observed. No subretinal fluid (SRF), pigment epithelial detachment (PED), ellipsoid zone (EZ) disruption, or epiretinal membrane (ERM) is identified. Observation is appropriate.","Image quality is sufficient for evaluation. At the vitreoretinal interface, posterior vitreous detachment (PVD) is observed. In the inner retina, intraretinal fluid (IRF) and hyperreflective foci are observed. No subretinal fluid (SRF), pigment epithelial detachment (PED), ellipsoid zone (EZ) disruption, or epiretinal membrane (ERM) is identified. Observation is appropriate.","{""scan_type"": """", ""scan_loc"": """", ""quality"": ""good"", ""L1_loc_findings"": {""Fovea (<500um)"": {""VRI"": [""PVD""], ""Intraretinal-1"": [""IRF""], ""Intraretinal-2"": [""hyperreflective foci""], ""Outer retina-1"": [], ""Outer retina-2"": [], ""Choroid"": []}}, ""L2"": ""abnormal"", ""L1_neg"": [""no SRF"", ""no PED"", ""EZ intact"", ""no ERM""], ""L3_mgmt"": ""observation"", ""caption"": ""Image quality is sufficient for evaluation. At the vitreoretinal interface, posterior vitreous detachment (PVD) is observed. In the inner retina, intraretinal fluid (IRF) and hyperreflective foci are observed. No subretinal fluid (SRF), pigment epithelial detachment (PED), ellipsoid zone (EZ) disruption, or epiretinal membrane (ERM) is identified. Observation is appropriate."", ""_meta"": {""image"": ""CAT_087.png"", ""annotator"": ""GT"", ""saved_at"": ""2026-09-09T06:52:29.653483""}}"
CAT_090.png,GT,2026-09-09T06:52:40.533915,,,good,,,,,no SRF; no IRF; no PED; EZ intact; no ERM,normal,no abnormality,"Image quality is sufficient for evaluation. No definite OCT abnormality is identified. No subretinal fluid (SRF), intraretinal fluid (IRF), pigment epithelial detachment (PED), ellipsoid zone (EZ) disruption, or epiretinal membrane (ERM) is identified.","Image quality is sufficient for evaluation. No definite OCT abnormality is identified. No subretinal fluid (SRF), intraretinal fluid (IRF), pigment epithelial detachment (PED), ellipsoid zone (EZ) disruption, or epiretinal membrane (ERM) is identified.","{""scan_type"": """", ""scan_loc"": """", ""quality"": ""good"", ""L1_loc_findings"": {""Fovea (<500um)"": {""VRI"": [], ""Intraretinal-1"": [], ""Intraretinal-2"": [], ""Outer retina-1"": [], ""Outer retina-2"": [], ""Choroid"": []}}, ""L2"": ""normal"", ""L1_neg"": [""no SRF"", ""no IRF"", ""no PED"", ""EZ intact"", ""no ERM""], ""L3_mgmt"": ""no abnormality"", ""caption"": ""Image quality is sufficient for evaluation. No definite OCT abnormality is identified. No subretinal fluid (SRF), intraretinal fluid (IRF), pigment epithelial detachment (PED), ellipsoid zone (EZ) disruption, or epiretinal membrane (ERM) is identified."", ""_meta"": {""image"": ""CAT_090.png"", ""annotator"": ""GT"", ""saved_at"": ""2026-09-09T06:52:40.533915""}}"
CAT_091.png,GT,2026-09-09T06:52:59.601295,,,good,ERM,tractional thickening,EZ disruption; outer atrophy,,no SRF; no IRF; no PED,abnormal,observation,"Image quality is sufficient for evaluation. At the vitreoretinal interface, epiretinal membrane (ERM) is observed. In the inner retina, tractional retinal thickening is observed. In the outer retina, ellipsoid zone (EZ) disruption and outer retinal atrophy are observed. No subretinal fluid (SRF), intraretinal fluid (IRF), or pigment epithelial detachment (PED) is identified. Observation is appropriate.","Image quality is sufficient for evaluation. At the vitreoretinal interface, epiretinal membrane (ERM) is observed. In the inner retina, tractional retinal thickening is observed. In the outer retina, ellipsoid zone (EZ) disruption and outer retinal atrophy are observed. No subretinal fluid (SRF), intraretinal fluid (IRF), or pigment epithelial detachment (PED) is identified. Observation is appropriate.","{""scan_type"": """", ""scan_loc"": """", ""quality"": ""good"", ""L1_loc_findings"": {""Fovea (<500um)"": {""VRI"": [""ERM""], ""Intraretinal-1"": [""tractional thickening""], ""Intraretinal-2"": [], ""Outer retina-1"": [], ""Outer retina-2"": [""EZ disruption"", ""outer atrophy""], ""Choroid"": []}}, ""L2"": ""abnormal"", ""L1_neg"": [""no SRF"", ""no IRF"", ""no PED""], ""L3_mgmt"": ""observation"", ""caption"": ""Image quality is sufficient for evaluation. At the vitreoretinal interface, epiretinal membrane (ERM) is observed. In the inner retina, tractional retinal thickening is observed. In the outer retina, ellipsoid zone (EZ) disruption and outer retinal atrophy are observed. No subretinal fluid (SRF), intraretinal fluid (IRF), or pigment epithelial detachment (PED) is identified. Observation is appropriate."", ""_meta"": {""image"": ""CAT_091.png"", ""annotator"": ""GT"", ""saved_at"": ""2026-09-09T06:52:59.601295""}}"
CAT_092.png,GT,2026-09-09T06:54:08.225259,,,fair,,,,,no SRF; no IRF; no PED; EZ intact; no ERM,normal,no abnormality,"Image quality is limited but adequate for evaluation. No definite OCT abnormality is identified. No subretinal fluid (SRF), intraretinal fluid (IRF), pigment epithelial detachment (PED), ellipsoid zone (EZ) disruption, or epiretinal membrane (ERM) is identified.","Image quality is limited but adequate for evaluation. No definite OCT abnormality is identified. No subretinal fluid (SRF), intraretinal fluid (IRF), pigment epithelial detachment (PED), ellipsoid zone (EZ) disruption, or epiretinal membrane (ERM) is identified.","{""scan_type"": """", ""scan_loc"": """", ""quality"": ""fair"", ""L1_loc_findings"": {""Fovea (<500um)"": {""VRI"": [], ""Intraretinal-1"": [], ""Intraretinal-2"": [], ""Outer retina-1"": [], ""Outer retina-2"": [], ""Choroid"": []}}, ""L2"": ""normal"", ""L1_neg"": [""no SRF"", ""no IRF"", ""no PED"", ""EZ intact"", ""no ERM""], ""L3_mgmt"": ""no abnormality"", ""caption"": ""Image quality is limited but adequate for evaluation. No definite OCT abnormality is identified. No subretinal fluid (SRF), intraretinal fluid (IRF), pigment epithelial detachment (PED), ellipsoid zone (EZ) disruption, or epiretinal membrane (ERM) is identified."", ""_meta"": {""image"": ""CAT_092.png"", ""annotator"": ""GT"", ""saved_at"": ""2026-09-09T06:54:08.225259""}}"
CAT_093.png,GT,2026-09-09T06:54:17.203971,,,good,,,,,no SRF; no IRF; no PED; EZ intact; no ERM,normal,no abnormality,"Image quality is sufficient for evaluation. No definite OCT abnormality is identified. No subretinal fluid (SRF), intraretinal fluid (IRF), pigment epithelial detachment (PED), ellipsoid zone (EZ) disruption, or epiretinal membrane (ERM) is identified.","Image quality is sufficient for evaluation. No definite OCT abnormality is identified. No subretinal fluid (SRF), intraretinal fluid (IRF), pigment epithelial detachment (PED), ellipsoid zone (EZ) disruption, or epiretinal membrane (ERM) is identified.","{""scan_type"": """", ""scan_loc"": """", ""quality"": ""good"", ""L1_loc_findings"": {""Fovea (<500um)"": {""VRI"": [], ""Intraretinal-1"": [], ""Intraretinal-2"": [], ""Outer retina-1"": [], ""Outer retina-2"": [], ""Choroid"": []}}, ""L2"": ""normal"", ""L1_neg"": [""no SRF"", ""no IRF"", ""no PED"", ""EZ intact"", ""no ERM""], ""L3_mgmt"": ""no abnormality"", ""caption"": ""Image quality is sufficient for evaluation. No definite OCT abnormality is identified. No subretinal fluid (SRF), intraretinal fluid (IRF), pigment epithelial detachment (PED), ellipsoid zone (EZ) disruption, or epiretinal membrane (ERM) is identified."", ""_meta"": {""image"": ""CAT_093.png"", ""annotator"": ""GT"", ""saved_at"": ""2026-09-09T06:54:17.203971""}}"
CAT_094.png,GT,2026-09-09T06:54:27.714654,,,good,,,,,no SRF; no IRF; no PED; EZ intact; no ERM,normal,no abnormality,"Image quality is sufficient for evaluation. No definite OCT abnormality is identified. No subretinal fluid (SRF), intraretinal fluid (IRF), pigment epithelial detachment (PED), ellipsoid zone (EZ) disruption, or epiretinal membrane (ERM) is identified.","Image quality is sufficient for evaluation. No definite OCT abnormality is identified. No subretinal fluid (SRF), intraretinal fluid (IRF), pigment epithelial detachment (PED), ellipsoid zone (EZ) disruption, or epiretinal membrane (ERM) is identified.","{""scan_type"": """", ""scan_loc"": """", ""quality"": ""good"", ""L1_loc_findings"": {""Fovea (<500um)"": {""VRI"": [], ""Intraretinal-1"": [], ""Intraretinal-2"": [], ""Outer retina-1"": [], ""Outer retina-2"": [], ""Choroid"": []}}, ""L2"": ""normal"", ""L1_neg"": [""no SRF"", ""no IRF"", ""no PED"", ""EZ intact"", ""no ERM""], ""L3_mgmt"": ""no abnormality"", ""caption"": ""Image quality is sufficient for evaluation. No definite OCT abnormality is identified. No subretinal fluid (SRF), intraretinal fluid (IRF), pigment epithelial detachment (PED), ellipsoid zone (EZ) disruption, or epiretinal membrane (ERM) is identified."", ""_meta"": {""image"": ""CAT_094.png"", ""annotator"": ""GT"", ""saved_at"": ""2026-09-09T06:54:27.714654""}}"
CAT_095.png,GT,2026-09-09T06:56:34.594445,,,poor,,,,,no SRF; no IRF; no PED; EZ intact; no ERM,normal,no abnormality,"The image is not adequate for full evaluation. No definite OCT abnormality is identified. No subretinal fluid (SRF), intraretinal fluid (IRF), pigment epithelial detachment (PED), ellipsoid zone (EZ) disruption, or epiretinal membrane (ERM) is identified.","The image is not adequate for full evaluation. No definite OCT abnormality is identified. No subretinal fluid (SRF), intraretinal fluid (IRF), pigment epithelial detachment (PED), ellipsoid zone (EZ) disruption, or epiretinal membrane (ERM) is identified.","{""scan_type"": """", ""scan_loc"": """", ""quality"": ""poor"", ""L1_loc_findings"": {""Fovea (<500um)"": {""VRI"": [], ""Intraretinal-1"": [], ""Intraretinal-2"": [], ""Outer retina-1"": [], ""Outer retina-2"": [], ""Choroid"": []}}, ""L2"": ""normal"", ""L1_neg"": [""no SRF"", ""no IRF"", ""no PED"", ""EZ intact"", ""no ERM""], ""L3_mgmt"": ""no abnormality"", ""caption"": ""The image is not adequate for full evaluation. No definite OCT abnormality is identified. No subretinal fluid (SRF), intraretinal fluid (IRF), pigment epithelial detachment (PED), ellipsoid zone (EZ) disruption, or epiretinal membrane (ERM) is identified."", ""_meta"": {""image"": ""CAT_095.png"", ""annotator"": ""GT"", ""saved_at"": ""2026-09-09T06:56:34.594445""}}"
CAT_097.png,GT,2026-09-09T06:57:00.598830,,,fair,ERM,,EZ disruption,,no SRF; no IRF; no PED,abnormal,observation,"Image quality is limited but adequate for evaluation. At the vitreoretinal interface, epiretinal membrane (ERM) is observed. In the outer retina, ellipsoid zone (EZ) disruption is observed. No subretinal fluid (SRF), intraretinal fluid (IRF), or pigment epithelial detachment (PED) is identified. Observation is appropriate.","Image quality is limited but adequate for evaluation. At the vitreoretinal interface, epiretinal membrane (ERM) is observed. In the outer retina, ellipsoid zone (EZ) disruption is observed. No subretinal fluid (SRF), intraretinal fluid (IRF), or pigment epithelial detachment (PED) is identified. Observation is appropriate.","{""scan_type"": """", ""scan_loc"": """", ""quality"": ""fair"", ""L1_loc_findings"": {""Fovea (<500um)"": {""VRI"": [""ERM""], ""Intraretinal-1"": [], ""Intraretinal-2"": [], ""Outer retina-1"": [], ""Outer retina-2"": [""EZ disruption""], ""Choroid"": []}}, ""L2"": ""abnormal"", ""L1_neg"": [""no SRF"", ""no IRF"", ""no PED""], ""L3_mgmt"": ""observation"", ""caption"": ""Image quality is limited but adequate for evaluation. At the vitreoretinal interface, epiretinal membrane (ERM) is observed. In the outer retina, ellipsoid zone (EZ) disruption is observed. No subretinal fluid (SRF), intraretinal fluid (IRF), or pigment epithelial detachment (PED) is identified. Observation is appropriate."", ""_meta"": {""image"": ""CAT_097.png"", ""annotator"": ""GT"", ""saved_at"": ""2026-09-09T06:57:00.598830""}}"
CAT_098.png,GT,2026-09-09T06:57:10.934624,,,good,,,,,no SRF; no IRF; no PED; EZ intact; no ERM,normal,no abnormality,"Image quality is sufficient for evaluation. No definite OCT abnormality is identified. No subretinal fluid (SRF), intraretinal fluid (IRF), pigment epithelial detachment (PED), ellipsoid zone (EZ) disruption, or epiretinal membrane (ERM) is identified.","Image quality is sufficient for evaluation. No definite OCT abnormality is identified. No subretinal fluid (SRF), intraretinal fluid (IRF), pigment epithelial detachment (PED), ellipsoid zone (EZ) disruption, or epiretinal membrane (ERM) is identified.","{""scan_type"": """", ""scan_loc"": """", ""quality"": ""good"", ""L1_loc_findings"": {""Fovea (<500um)"": {""VRI"": [], ""Intraretinal-1"": [], ""Intraretinal-2"": [], ""Outer retina-1"": [], ""Outer retina-2"": [], ""Choroid"": []}}, ""L2"": ""normal"", ""L1_neg"": [""no SRF"", ""no IRF"", ""no PED"", ""EZ intact"", ""no ERM""], ""L3_mgmt"": ""no abnormality"", ""caption"": ""Image quality is sufficient for evaluation. No definite OCT abnormality is identified. No subretinal fluid (SRF), intraretinal fluid (IRF), pigment epithelial detachment (PED), ellipsoid zone (EZ) disruption, or epiretinal membrane (ERM) is identified."", ""_meta"": {""image"": ""CAT_098.png"", ""annotator"": ""GT"", ""saved_at"": ""2026-09-09T06:57:10.934624""}}"
CAT_100.png,GT,2026-09-09T06:57:18.747283,,,good,,,,,no SRF; no IRF; no PED; EZ intact; no ERM,normal,no abnormality,"Image quality is sufficient for evaluation. No definite OCT abnormality is identified. No subretinal fluid (SRF), intraretinal fluid (IRF), pigment epithelial detachment (PED), ellipsoid zone (EZ) disruption, or epiretinal membrane (ERM) is identified.","Image quality is sufficient for evaluation. No definite OCT abnormality is identified. No subretinal fluid (SRF), intraretinal fluid (IRF), pigment epithelial detachment (PED), ellipsoid zone (EZ) disruption, or epiretinal membrane (ERM) is identified.","{""scan_type"": """", ""scan_loc"": """", ""quality"": ""good"", ""L1_loc_findings"": {""Fovea (<500um)"": {""VRI"": [], ""Intraretinal-1"": [], ""Intraretinal-2"": [], ""Outer retina-1"": [], ""Outer retina-2"": [], ""Choroid"": []}}, ""L2"": ""normal"", ""L1_neg"": [""no SRF"", ""no IRF"", ""no PED"", ""EZ intact"", ""no ERM""], ""L3_mgmt"": ""no abnormality"", ""caption"": ""Image quality is sufficient for evaluation. No definite OCT abnormality is identified. No subretinal fluid (SRF), intraretinal fluid (IRF), pigment epithelial detachment (PED), ellipsoid zone (EZ) disruption, or epiretinal membrane (ERM) is identified."", ""_meta"": {""image"": ""CAT_100.png"", ""annotator"": ""GT"", ""saved_at"": ""2026-09-09T06:57:18.747283""}}"
CAT_101.png,GT,2026-09-09T06:57:29.197840,,,fair,PVD,,,choroidal thickening,no SRF; no IRF; no PED; EZ intact; no ERM,abnormal,observation,"Image quality is limited but adequate for evaluation. At the vitreoretinal interface, posterior vitreous detachment (PVD) is observed. In the choroid, choroidal thickening is observed. No subretinal fluid (SRF), intraretinal fluid (IRF), pigment epithelial detachment (PED), ellipsoid zone (EZ) disruption, or epiretinal membrane (ERM) is identified. Observation is appropriate.","Image quality is limited but adequate for evaluation. At the vitreoretinal interface, posterior vitreous detachment (PVD) is observed. In the choroid, choroidal thickening is observed. No subretinal fluid (SRF), intraretinal fluid (IRF), pigment epithelial detachment (PED), ellipsoid zone (EZ) disruption, or epiretinal membrane (ERM) is identified. Observation is appropriate.","{""scan_type"": """", ""scan_loc"": """", ""quality"": ""fair"", ""L1_loc_findings"": {""Fovea (<500um)"": {""VRI"": [""PVD""], ""Intraretinal-1"": [], ""Intraretinal-2"": [], ""Outer retina-1"": [], ""Outer retina-2"": [], ""Choroid"": [""choroidal thickening""]}}, ""L2"": ""abnormal"", ""L1_neg"": [""no SRF"", ""no IRF"", ""no PED"", ""EZ intact"", ""no ERM""], ""L3_mgmt"": ""observation"", ""caption"": ""Image quality is limited but adequate for evaluation. At the vitreoretinal interface, posterior vitreous detachment (PVD) is observed. In the choroid, choroidal thickening is observed. No subretinal fluid (SRF), intraretinal fluid (IRF), pigment epithelial detachment (PED), ellipsoid zone (EZ) disruption, or epiretinal membrane (ERM) is identified. Observation is appropriate."", ""_meta"": {""image"": ""CAT_101.png"", ""annotator"": ""GT"", ""saved_at"": ""2026-09-09T06:57:29.197840""}}"
CAT_102.png,GT,2026-09-09T06:57:42.846190,,,good,,,,,no SRF; no IRF; no PED; EZ intact; no ERM,normal,no abnormality,"Image quality is sufficient for evaluation. No definite OCT abnormality is identified. No subretinal fluid (SRF), intraretinal fluid (IRF), pigment epithelial detachment (PED), ellipsoid zone (EZ) disruption, or epiretinal membrane (ERM) is identified.","Image quality is sufficient for evaluation. No definite OCT abnormality is identified. No subretinal fluid (SRF), intraretinal fluid (IRF), pigment epithelial detachment (PED), ellipsoid zone (EZ) disruption, or epiretinal membrane (ERM) is identified.","{""scan_type"": """", ""scan_loc"": """", ""quality"": ""good"", ""L1_loc_findings"": {""Fovea (<500um)"": {""VRI"": [], ""Intraretinal-1"": [], ""Intraretinal-2"": [], ""Outer retina-1"": [], ""Outer retina-2"": [], ""Choroid"": []}}, ""L2"": ""normal"", ""L1_neg"": [""no SRF"", ""no IRF"", ""no PED"", ""EZ intact"", ""no ERM""], ""L3_mgmt"": ""no abnormality"", ""caption"": ""Image quality is sufficient for evaluation. No definite OCT abnormality is identified. No subretinal fluid (SRF), intraretinal fluid (IRF), pigment epithelial detachment (PED), ellipsoid zone (EZ) disruption, or epiretinal membrane (ERM) is identified."", ""_meta"": {""image"": ""CAT_102.png"", ""annotator"": ""GT"", ""saved_at"": ""2026-09-09T06:57:42.846190""}}"
CAT_103.png,GT,2026-09-09T06:58:04.732887,,,good,PVD,IRF; tractional thickening; hyperreflective foci; hard exudates,,,no SRF; no PED; EZ intact; no ERM,abnormal,observation,"Image quality is sufficient for evaluation. At the vitreoretinal interface, posterior vitreous detachment (PVD) is observed. In the inner retina, intraretinal fluid (IRF), tractional retinal thickening, hyperreflective foci, and hard exudates are observed. No subretinal fluid (SRF), pigment epithelial detachment (PED), ellipsoid zone (EZ) disruption, or epiretinal membrane (ERM) is identified. Observation is appropriate.","Image quality is sufficient for evaluation. At the vitreoretinal interface, posterior vitreous detachment (PVD) is observed. In the inner retina, intraretinal fluid (IRF), tractional retinal thickening, hyperreflective foci, and hard exudates are observed. No subretinal fluid (SRF), pigment epithelial detachment (PED), ellipsoid zone (EZ) disruption, or epiretinal membrane (ERM) is identified. Observation is appropriate.","{""scan_type"": """", ""scan_loc"": """", ""quality"": ""good"", ""L1_loc_findings"": {""Fovea (<500um)"": {""VRI"": [""PVD""], ""Intraretinal-1"": [""IRF"", ""tractional thickening""], ""Intraretinal-2"": [""hyperreflective foci"", ""hard exudates""], ""Outer retina-1"": [], ""Outer retina-2"": [], ""Choroid"": []}}, ""L2"": ""abnormal"", ""L1_neg"": [""no SRF"", ""no PED"", ""EZ intact"", ""no ERM""], ""L3_mgmt"": ""observation"", ""caption"": ""Image quality is sufficient for evaluation. At the vitreoretinal interface, posterior vitreous detachment (PVD) is observed. In the inner retina, intraretinal fluid (IRF), tractional retinal thickening, hyperreflective foci, and hard exudates are observed. No subretinal fluid (SRF), pigment epithelial detachment (PED), ellipsoid zone (EZ) disruption, or epiretinal membrane (ERM) is identified. Observation is appropriate."", ""_meta"": {""image"": ""CAT_103.png"", ""annotator"": ""GT"", ""saved_at"": ""2026-09-09T06:58:04.732887""}}"
CAT_104.png,GT,2026-09-09T06:58:20.126105,,,good,,,,choroidal thinning,no SRF; no IRF; no PED; EZ intact; no ERM,abnormal,observation,"Image quality is sufficient for evaluation. In the choroid, choroidal thinning is observed. No subretinal fluid (SRF), intraretinal fluid (IRF), pigment epithelial detachment (PED), ellipsoid zone (EZ) disruption, or epiretinal membrane (ERM) is identified. Observation is appropriate.","Image quality is sufficient for evaluation. In the choroid, choroidal thinning is observed. No subretinal fluid (SRF), intraretinal fluid (IRF), pigment epithelial detachment (PED), ellipsoid zone (EZ) disruption, or epiretinal membrane (ERM) is identified. Observation is appropriate.","{""scan_type"": """", ""scan_loc"": """", ""quality"": ""good"", ""L1_loc_findings"": {""Fovea (<500um)"": {""VRI"": [], ""Intraretinal-1"": [], ""Intraretinal-2"": [], ""Outer retina-1"": [], ""Outer retina-2"": [], ""Choroid"": [""choroidal thinning""]}}, ""L2"": ""abnormal"", ""L1_neg"": [""no SRF"", ""no IRF"", ""no PED"", ""EZ intact"", ""no ERM""], ""L3_mgmt"": ""observation"", ""caption"": ""Image quality is sufficient for evaluation. In the choroid, choroidal thinning is observed. No subretinal fluid (SRF), intraretinal fluid (IRF), pigment epithelial detachment (PED), ellipsoid zone (EZ) disruption, or epiretinal membrane (ERM) is identified. Observation is appropriate."", ""_meta"": {""image"": ""CAT_104.png"", ""annotator"": ""GT"", ""saved_at"": ""2026-09-09T06:58:20.126105""}}"
CAT_105.png,GT,2026-09-09T06:58:37.781437,,,fair,,,EZ disruption,choroidal thinning,no SRF; no IRF; no PED; no ERM,abnormal,observation,"Image quality is limited but adequate for evaluation. In the outer retina, ellipsoid zone (EZ) disruption is observed. In the choroid, choroidal thinning is observed. No subretinal fluid (SRF), intraretinal fluid (IRF), pigment epithelial detachment (PED), or epiretinal membrane (ERM) is identified. Observation is appropriate.","Image quality is limited but adequate for evaluation. In the outer retina, ellipsoid zone (EZ) disruption is observed. In the choroid, choroidal thinning is observed. No subretinal fluid (SRF), intraretinal fluid (IRF), pigment epithelial detachment (PED), or epiretinal membrane (ERM) is identified. Observation is appropriate.","{""scan_type"": """", ""scan_loc"": """", ""quality"": ""fair"", ""L1_loc_findings"": {""Fovea (<500um)"": {""VRI"": [], ""Intraretinal-1"": [], ""Intraretinal-2"": [], ""Outer retina-1"": [], ""Outer retina-2"": [""EZ disruption""], ""Choroid"": [""choroidal thinning""]}}, ""L2"": ""abnormal"", ""L1_neg"": [""no SRF"", ""no IRF"", ""no PED"", ""no ERM""], ""L3_mgmt"": ""observation"", ""caption"": ""Image quality is limited but adequate for evaluation. In the outer retina, ellipsoid zone (EZ) disruption is observed. In the choroid, choroidal thinning is observed. No subretinal fluid (SRF), intraretinal fluid (IRF), pigment epithelial detachment (PED), or epiretinal membrane (ERM) is identified. Observation is appropriate."", ""_meta"": {""image"": ""CAT_105.png"", ""annotator"": ""GT"", ""saved_at"": ""2026-09-09T06:58:37.781437""}}"
CAT_106.png,GT,2026-09-09T06:59:08.860958,,,fair,ERM,,,choroidal thinning,no SRF; no IRF; no PED; EZ intact,abnormal,observation,"Image quality is limited but adequate for evaluation. At the vitreoretinal interface, epiretinal membrane (ERM) is observed. In the choroid, choroidal thinning is observed. No subretinal fluid (SRF), intraretinal fluid (IRF), pigment epithelial detachment (PED), or ellipsoid zone (EZ) disruption is identified. Observation is appropriate.","Image quality is limited but adequate for evaluation. At the vitreoretinal interface, epiretinal membrane (ERM) is observed. In the choroid, choroidal thinning is observed. No subretinal fluid (SRF), intraretinal fluid (IRF), pigment epithelial detachment (PED), or ellipsoid zone (EZ) disruption is identified. Observation is appropriate.","{""scan_type"": """", ""scan_loc"": """", ""quality"": ""fair"", ""L1_loc_findings"": {""Fovea (<500um)"": {""VRI"": [""ERM""], ""Intraretinal-1"": [], ""Intraretinal-2"": [], ""Outer retina-1"": [], ""Outer retina-2"": [], ""Choroid"": [""choroidal thinning""]}}, ""L2"": ""abnormal"", ""L1_neg"": [""no SRF"", ""no IRF"", ""no PED"", ""EZ intact""], ""L3_mgmt"": ""observation"", ""caption"": ""Image quality is limited but adequate for evaluation. At the vitreoretinal interface, epiretinal membrane (ERM) is observed. In the choroid, choroidal thinning is observed. No subretinal fluid (SRF), intraretinal fluid (IRF), pigment epithelial detachment (PED), or ellipsoid zone (EZ) disruption is identified. Observation is appropriate."", ""_meta"": {""image"": ""CAT_106.png"", ""annotator"": ""GT"", ""saved_at"": ""2026-09-09T06:59:08.860958""}}"
CAT_107.png,GT,2026-09-09T06:59:20.360639,,,good,ERM,,,,no SRF; no IRF; no PED; EZ intact,abnormal,observation,"Image quality is sufficient for evaluation. At the vitreoretinal interface, epiretinal membrane (ERM) is observed. No subretinal fluid (SRF), intraretinal fluid (IRF), pigment epithelial detachment (PED), or ellipsoid zone (EZ) disruption is identified. Observation is appropriate.","Image quality is sufficient for evaluation. At the vitreoretinal interface, epiretinal membrane (ERM) is observed. No subretinal fluid (SRF), intraretinal fluid (IRF), pigment epithelial detachment (PED), or ellipsoid zone (EZ) disruption is identified. Observation is appropriate.","{""scan_type"": """", ""scan_loc"": """", ""quality"": ""good"", ""L1_loc_findings"": {""Fovea (<500um)"": {""VRI"": [""ERM""], ""Intraretinal-1"": [], ""Intraretinal-2"": [], ""Outer retina-1"": [], ""Outer retina-2"": [], ""Choroid"": []}}, ""L2"": ""abnormal"", ""L1_neg"": [""no SRF"", ""no IRF"", ""no PED"", ""EZ intact""], ""L3_mgmt"": ""observation"", ""caption"": ""Image quality is sufficient for evaluation. At the vitreoretinal interface, epiretinal membrane (ERM) is observed. No subretinal fluid (SRF), intraretinal fluid (IRF), pigment epithelial detachment (PED), or ellipsoid zone (EZ) disruption is identified. Observation is appropriate."", ""_meta"": {""image"": ""CAT_107.png"", ""annotator"": ""GT"", ""saved_at"": ""2026-09-09T06:59:20.360639""}}"
CAT_108.png,GT,2026-09-09T07:00:22.145206,,,good,ERM,IRF; retinal thickening; hyperreflective foci,EZ disruption; drusen,choroidal thinning,no SRF,abnormal,treatment,"Image quality is sufficient for evaluation. At the vitreoretinal interface, epiretinal membrane (ERM) is observed. In the inner retina, intraretinal fluid (IRF), retinal thickening, and hyperreflective foci are observed. In the outer retina, ellipsoid zone (EZ) disruption and drusen are observed. In the choroid, choroidal thinning is observed. No subretinal fluid (SRF) is identified. Treatment may be considered.","Image quality is sufficient for evaluation. At the vitreoretinal interface, epiretinal membrane (ERM) is observed. In the inner retina, intraretinal fluid (IRF), retinal thickening, and hyperreflective foci are observed. In the outer retina, ellipsoid zone (EZ) disruption and drusen are observed. In the choroid, choroidal thinning is observed. No subretinal fluid (SRF) is identified. Treatment may be considered.","{""scan_type"": """", ""scan_loc"": """", ""quality"": ""good"", ""L1_loc_findings"": {""Fovea (<500um)"": {""VRI"": [""ERM""], ""Intraretinal-1"": [""IRF"", ""retinal thickening""], ""Intraretinal-2"": [""hyperreflective foci""], ""Outer retina-1"": [], ""Outer retina-2"": [""EZ disruption"", ""drusen""], ""Choroid"": [""choroidal thinning""]}}, ""L2"": ""abnormal"", ""L1_neg"": [""no SRF""], ""L3_mgmt"": ""treatment"", ""caption"": ""Image quality is sufficient for evaluation. At the vitreoretinal interface, epiretinal membrane (ERM) is observed. In the inner retina, intraretinal fluid (IRF), retinal thickening, and hyperreflective foci are observed. In the outer retina, ellipsoid zone (EZ) disruption and drusen are observed. In the choroid, choroidal thinning is observed. No subretinal fluid (SRF) is identified. Treatment may be considered."", ""_meta"": {""image"": ""CAT_108.png"", ""annotator"": ""GT"", ""saved_at"": ""2026-09-09T07:00:22.145206""}}"
CAT_109.png,GT,2026-09-09T07:00:45.627027,,,good,ERM,,,choroidal thickening,no SRF; no IRF; no PED; EZ intact,abnormal,observation,"Image quality is sufficient for evaluation. At the vitreoretinal interface, epiretinal membrane (ERM) is observed. In the choroid, choroidal thickening is observed. No subretinal fluid (SRF), intraretinal fluid (IRF), pigment epithelial detachment (PED), or ellipsoid zone (EZ) disruption is identified. Observation is appropriate.","Image quality is sufficient for evaluation. At the vitreoretinal interface, epiretinal membrane (ERM) is observed. In the choroid, choroidal thickening is observed. No subretinal fluid (SRF), intraretinal fluid (IRF), pigment epithelial detachment (PED), or ellipsoid zone (EZ) disruption is identified. Observation is appropriate.","{""scan_type"": """", ""scan_loc"": """", ""quality"": ""good"", ""L1_loc_findings"": {""Fovea (<500um)"": {""VRI"": [""ERM""], ""Intraretinal-1"": [], ""Intraretinal-2"": [], ""Outer retina-1"": [], ""Outer retina-2"": [], ""Choroid"": [""choroidal thickening""]}}, ""L2"": ""abnormal"", ""L1_neg"": [""no SRF"", ""no IRF"", ""no PED"", ""EZ intact""], ""L3_mgmt"": ""observation"", ""caption"": ""Image quality is sufficient for evaluation. At the vitreoretinal interface, epiretinal membrane (ERM) is observed. In the choroid, choroidal thickening is observed. No subretinal fluid (SRF), intraretinal fluid (IRF), pigment epithelial detachment (PED), or ellipsoid zone (EZ) disruption is identified. Observation is appropriate."", ""_meta"": {""image"": ""CAT_109.png"", ""annotator"": ""GT"", ""saved_at"": ""2026-09-09T07:00:45.627027""}}"
CAT_112.png,GT,2026-09-03T03:55:02.718357,,,good,,hemorrhage,,,no SRF; no IRF; no PED; EZ intact; no ERM,abnormal,observation,"Image quality is sufficient for evaluation. In the outer retina, drusen is observed. No subretinal fluid (SRF), intraretinal fluid (IRF), pigment epithelial detachment (PED), ellipsoid zone (EZ) disruption, or epiretinal membrane (ERM) is identified. Observation is appropriate.","Image quality is sufficient for evaluation. In the inner retina, retinal hemorrhage is observed. No subretinal fluid (SRF), intraretinal fluid (IRF), pigment epithelial detachment (PED), ellipsoid zone (EZ) disruption, or epiretinal membrane (ERM) is identified. Observation is appropriate.","{""scan_type"": """", ""scan_loc"": """", ""quality"": ""good"", ""L1_loc_findings"": {""Fovea (<500um)"": {""VRI"": [], ""Intraretinal-1"": [""hemorrhage""], ""Intraretinal-2"": [], ""Outer retina-1"": [], ""Outer retina-2"": [], ""Choroid"": []}}, ""L2"": ""abnormal"", ""L1_neg"": [""no SRF"", ""no IRF"", ""no PED"", ""EZ intact"", ""no ERM""], ""L3_mgmt"": ""observation"", ""caption"": ""Image quality is sufficient for evaluation. In the outer retina, drusen is observed. No subretinal fluid (SRF), intraretinal fluid (IRF), pigment epithelial detachment (PED), ellipsoid zone (EZ) disruption, or epiretinal membrane (ERM) is identified. Observation is appropriate."", ""_meta"": {""image"": ""CAT_112.png"", ""annotator"": ""GT"", ""saved_at"": ""2026-09-03T03:55:02.718357""}}"
CAT_113.png,GT,2026-09-03T04:00:35.218961,,,good,,IRF; retinal thickening,,choroidal thickening,no SRF; no PED; EZ intact; no ERM,abnormal,observation,"Image quality is sufficient for evaluation. In the inner retina, intraretinal fluid (IRF) and retinal thickening are observed. In the choroid, choroidal thickening is observed. No subretinal fluid (SRF), pigment epithelial detachment (PED), ellipsoid zone (EZ) disruption, or epiretinal membrane (ERM) is identified. Observation is appropriate.","Image quality is sufficient for evaluation. In the inner retina, intraretinal fluid (IRF) and retinal thickening are observed. In the choroid, choroidal thickening is observed. No subretinal fluid (SRF), pigment epithelial detachment (PED), ellipsoid zone (EZ) disruption, or epiretinal membrane (ERM) is identified. Observation is appropriate.","{""scan_type"": """", ""scan_loc"": """", ""quality"": ""good"", ""L1_loc_findings"": {""Fovea (<500um)"": {""VRI"": [], ""Intraretinal-1"": [""IRF"", ""retinal thickening""], ""Intraretinal-2"": [], ""Outer retina-1"": [], ""Outer retina-2"": [], ""Choroid"": [""choroidal thickening""]}}, ""L2"": ""abnormal"", ""L1_neg"": [""no SRF"", ""no PED"", ""EZ intact"", ""no ERM""], ""L3_mgmt"": ""observation"", ""caption"": ""Image quality is sufficient for evaluation. In the inner retina, intraretinal fluid (IRF) and retinal thickening are observed. In the choroid, choroidal thickening is observed. No subretinal fluid (SRF), pigment epithelial detachment (PED), ellipsoid zone (EZ) disruption, or epiretinal membrane (ERM) is identified. Observation is appropriate."", ""_meta"": {""image"": ""CAT_113.png"", ""annotator"": ""GT"", ""saved_at"": ""2026-09-03T04:00:35.218961""}}"
CAT_114.png,GT,2026-09-03T04:00:43.736108,,,good,ERM,tractional thickening,,,no SRF; no IRF; no PED; EZ intact,abnormal,observation,"Image quality is sufficient for evaluation. At the vitreoretinal interface, epiretinal membrane (ERM) is observed. In the inner retina, tractional retinal thickening is observed. No subretinal fluid (SRF), intraretinal fluid (IRF), pigment epithelial detachment (PED), or ellipsoid zone (EZ) disruption is identified. Observation is appropriate.","Image quality is sufficient for evaluation. At the vitreoretinal interface, epiretinal membrane (ERM) is observed. In the inner retina, tractional retinal thickening is observed. No subretinal fluid (SRF), intraretinal fluid (IRF), pigment epithelial detachment (PED), or ellipsoid zone (EZ) disruption is identified. Observation is appropriate.","{""scan_type"": """", ""scan_loc"": """", ""quality"": ""good"", ""L1_loc_findings"": {""Fovea (<500um)"": {""VRI"": [""ERM""], ""Intraretinal-1"": [""tractional thickening""], ""Intraretinal-2"": [], ""Outer retina-1"": [], ""Outer retina-2"": [], ""Choroid"": []}}, ""L2"": ""abnormal"", ""L1_neg"": [""no SRF"", ""no IRF"", ""no PED"", ""EZ intact""], ""L3_mgmt"": ""observation"", ""caption"": ""Image quality is sufficient for evaluation. At the vitreoretinal interface, epiretinal membrane (ERM) is observed. In the inner retina, tractional retinal thickening is observed. No subretinal fluid (SRF), intraretinal fluid (IRF), pigment epithelial detachment (PED), or ellipsoid zone (EZ) disruption is identified. Observation is appropriate."", ""_meta"": {""image"": ""CAT_114.png"", ""annotator"": ""GT"", ""saved_at"": ""2026-09-03T04:00:43.736108""}}"
CAT_115.png,GT,2026-09-03T04:00:50.177876,,,good,ERM,,,,no SRF; no IRF; no PED; EZ intact,abnormal,observation,"Image quality is sufficient for evaluation. At the vitreoretinal interface, epiretinal membrane (ERM) is observed. No subretinal fluid (SRF), intraretinal fluid (IRF), pigment epithelial detachment (PED), or ellipsoid zone (EZ) disruption is identified. Observation is appropriate.","Image quality is sufficient for evaluation. At the vitreoretinal interface, epiretinal membrane (ERM) is observed. No subretinal fluid (SRF), intraretinal fluid (IRF), pigment epithelial detachment (PED), or ellipsoid zone (EZ) disruption is identified. Observation is appropriate.","{""scan_type"": """", ""scan_loc"": """", ""quality"": ""good"", ""L1_loc_findings"": {""Fovea (<500um)"": {""VRI"": [""ERM""], ""Intraretinal-1"": [], ""Intraretinal-2"": [], ""Outer retina-1"": [], ""Outer retina-2"": [], ""Choroid"": []}}, ""L2"": ""abnormal"", ""L1_neg"": [""no SRF"", ""no IRF"", ""no PED"", ""EZ intact""], ""L3_mgmt"": ""observation"", ""caption"": ""Image quality is sufficient for evaluation. At the vitreoretinal interface, epiretinal membrane (ERM) is observed. No subretinal fluid (SRF), intraretinal fluid (IRF), pigment epithelial detachment (PED), or ellipsoid zone (EZ) disruption is identified. Observation is appropriate."", ""_meta"": {""image"": ""CAT_115.png"", ""annotator"": ""GT"", ""saved_at"": ""2026-09-03T04:00:50.177876""}}"
CAT_116.png,GT,2026-09-03T04:00:56.287348,,,fair,,hyperreflective foci,EZ disruption,,no SRF; no IRF; no PED; no ERM,abnormal,observation,"Image quality is limited but adequate for evaluation. In the inner retina, hyperreflective foci is observed. In the outer retina, ellipsoid zone (EZ) disruption is observed. No subretinal fluid (SRF), intraretinal fluid (IRF), pigment epithelial detachment (PED), or epiretinal membrane (ERM) is identified. Observation is appropriate.","Image quality is limited but adequate for evaluation. In the inner retina, hyperreflective foci is observed. In the outer retina, ellipsoid zone (EZ) disruption is observed. No subretinal fluid (SRF), intraretinal fluid (IRF), pigment epithelial detachment (PED), or epiretinal membrane (ERM) is identified. Observation is appropriate.","{""scan_type"": """", ""scan_loc"": """", ""quality"": ""fair"", ""L1_loc_findings"": {""Fovea (<500um)"": {""VRI"": [], ""Intraretinal-1"": [], ""Intraretinal-2"": [""hyperreflective foci""], ""Outer retina-1"": [], ""Outer retina-2"": [""EZ disruption""], ""Choroid"": []}}, ""L2"": ""abnormal"", ""L1_neg"": [""no SRF"", ""no IRF"", ""no PED"", ""no ERM""], ""L3_mgmt"": ""observation"", ""caption"": ""Image quality is limited but adequate for evaluation. In the inner retina, hyperreflective foci is observed. In the outer retina, ellipsoid zone (EZ) disruption is observed. No subretinal fluid (SRF), intraretinal fluid (IRF), pigment epithelial detachment (PED), or epiretinal membrane (ERM) is identified. Observation is appropriate."", ""_meta"": {""image"": ""CAT_116.png"", ""annotator"": ""GT"", ""saved_at"": ""2026-09-03T04:00:56.287348""}}"
CAT_117.png,GT,2026-09-03T04:01:04.417832,,,good,,,,,no SRF; no IRF; no PED; EZ intact; no ERM,normal,no abnormality,"Image quality is sufficient for evaluation. No definite OCT abnormality is identified. No subretinal fluid (SRF), intraretinal fluid (IRF), pigment epithelial detachment (PED), ellipsoid zone (EZ) disruption, or epiretinal membrane (ERM) is identified.","Image quality is sufficient for evaluation. No definite OCT abnormality is identified. No subretinal fluid (SRF), intraretinal fluid (IRF), pigment epithelial detachment (PED), ellipsoid zone (EZ) disruption, or epiretinal membrane (ERM) is identified.","{""scan_type"": """", ""scan_loc"": """", ""quality"": ""good"", ""L1_loc_findings"": {""Fovea (<500um)"": {""VRI"": [], ""Intraretinal-1"": [], ""Intraretinal-2"": [], ""Outer retina-1"": [], ""Outer retina-2"": [], ""Choroid"": []}}, ""L2"": ""normal"", ""L1_neg"": [""no SRF"", ""no IRF"", ""no PED"", ""EZ intact"", ""no ERM""], ""L3_mgmt"": ""no abnormality"", ""caption"": ""Image quality is sufficient for evaluation. No definite OCT abnormality is identified. No subretinal fluid (SRF), intraretinal fluid (IRF), pigment epithelial detachment (PED), ellipsoid zone (EZ) disruption, or epiretinal membrane (ERM) is identified."", ""_meta"": {""image"": ""CAT_117.png"", ""annotator"": ""GT"", ""saved_at"": ""2026-09-03T04:01:04.417832""}}"
CAT_118.png,GT,2026-09-03T04:03:01.515509,,,fair,,retinal thickening,,,no SRF; no IRF; no PED; EZ intact; no ERM,abnormal,observation,"Image quality is limited but adequate for evaluation. In the inner retina, retinal thickening is observed. No subretinal fluid (SRF), intraretinal fluid (IRF), pigment epithelial detachment (PED), ellipsoid zone (EZ) disruption, or epiretinal membrane (ERM) is identified. Observation is appropriate.","Image quality is limited but adequate for evaluation. In the inner retina, retinal thickening is observed. No subretinal fluid (SRF), intraretinal fluid (IRF), pigment epithelial detachment (PED), ellipsoid zone (EZ) disruption, or epiretinal membrane (ERM) is identified. Observation is appropriate.","{""scan_type"": """", ""scan_loc"": """", ""quality"": ""fair"", ""L1_loc_findings"": {""Fovea (<500um)"": {""VRI"": [], ""Intraretinal-1"": [""retinal thickening""], ""Intraretinal-2"": [], ""Outer retina-1"": [], ""Outer retina-2"": [], ""Choroid"": []}}, ""L2"": ""abnormal"", ""L1_neg"": [""no SRF"", ""no IRF"", ""no PED"", ""EZ intact"", ""no ERM""], ""L3_mgmt"": ""observation"", ""caption"": ""Image quality is limited but adequate for evaluation. In the inner retina, retinal thickening is observed. No subretinal fluid (SRF), intraretinal fluid (IRF), pigment epithelial detachment (PED), ellipsoid zone (EZ) disruption, or epiretinal membrane (ERM) is identified. Observation is appropriate."", ""_meta"": {""image"": ""CAT_118.png"", ""annotator"": ""GT"", ""saved_at"": ""2026-09-03T04:03:01.515509""}}"
CAT_119.png,GT,2026-09-03T04:04:42.772128,,,good,,retinal thickening; hyperreflective foci,,choroidal thickening,no SRF; no IRF; no PED; EZ intact; no ERM,abnormal,observation,"Image quality is sufficient for evaluation. In the inner retina, retinal thickening and hyperreflective foci are observed. In the choroid, choroidal thickening is observed. No subretinal fluid (SRF), intraretinal fluid (IRF), pigment epithelial detachment (PED), ellipsoid zone (EZ) disruption, or epiretinal membrane (ERM) is identified. Observation is appropriate.","Image quality is sufficient for evaluation. In the inner retina, retinal thickening and hyperreflective foci are observed. In the choroid, choroidal thickening is observed. No subretinal fluid (SRF), intraretinal fluid (IRF), pigment epithelial detachment (PED), ellipsoid zone (EZ) disruption, or epiretinal membrane (ERM) is identified. Observation is appropriate.","{""scan_type"": """", ""scan_loc"": """", ""quality"": ""good"", ""L1_loc_findings"": {""Fovea (<500um)"": {""VRI"": [], ""Intraretinal-1"": [""retinal thickening""], ""Intraretinal-2"": [""hyperreflective foci""], ""Outer retina-1"": [], ""Outer retina-2"": [], ""Choroid"": [""choroidal thickening""]}}, ""L2"": ""abnormal"", ""L1_neg"": [""no SRF"", ""no IRF"", ""no PED"", ""EZ intact"", ""no ERM""], ""L3_mgmt"": ""observation"", ""caption"": ""Image quality is sufficient for evaluation. In the inner retina, retinal thickening and hyperreflective foci are observed. In the choroid, choroidal thickening is observed. No subretinal fluid (SRF), intraretinal fluid (IRF), pigment epithelial detachment (PED), ellipsoid zone (EZ) disruption, or epiretinal membrane (ERM) is identified. Observation is appropriate."", ""_meta"": {""image"": ""CAT_119.png"", ""annotator"": ""GT"", ""saved_at"": ""2026-09-03T04:04:42.772128""}}"
CAT_120.png,GT,2026-09-03T04:04:55.708672,,,good,ERM,,,,no SRF; no IRF; no PED; EZ intact,abnormal,observation,"Image quality is sufficient for evaluation. At the vitreoretinal interface, epiretinal membrane (ERM) is observed. No subretinal fluid (SRF), intraretinal fluid (IRF), pigment epithelial detachment (PED), or ellipsoid zone (EZ) disruption is identified. Observation is appropriate.","Image quality is sufficient for evaluation. At the vitreoretinal interface, epiretinal membrane (ERM) is observed. No subretinal fluid (SRF), intraretinal fluid (IRF), pigment epithelial detachment (PED), or ellipsoid zone (EZ) disruption is identified. Observation is appropriate.","{""scan_type"": """", ""scan_loc"": """", ""quality"": ""good"", ""L1_loc_findings"": {""Fovea (<500um)"": {""VRI"": [""ERM""], ""Intraretinal-1"": [], ""Intraretinal-2"": [], ""Outer retina-1"": [], ""Outer retina-2"": [], ""Choroid"": []}}, ""L2"": ""abnormal"", ""L1_neg"": [""no SRF"", ""no IRF"", ""no PED"", ""EZ intact""], ""L3_mgmt"": ""observation"", ""caption"": ""Image quality is sufficient for evaluation. At the vitreoretinal interface, epiretinal membrane (ERM) is observed. No subretinal fluid (SRF), intraretinal fluid (IRF), pigment epithelial detachment (PED), or ellipsoid zone (EZ) disruption is identified. Observation is appropriate."", ""_meta"": {""image"": ""CAT_120.png"", ""annotator"": ""GT"", ""saved_at"": ""2026-09-03T04:04:55.708672""}}"
CAT_121.png,GT,2026-09-03T04:05:06.326044,,,fair,,,EZ disruption,,no SRF; no IRF; no PED; no ERM,abnormal,observation,"Image quality is limited but adequate for evaluation. In the outer retina, ellipsoid zone (EZ) disruption is observed. No subretinal fluid (SRF), intraretinal fluid (IRF), pigment epithelial detachment (PED), or epiretinal membrane (ERM) is identified. Observation is appropriate.","Image quality is limited but adequate for evaluation. In the outer retina, ellipsoid zone (EZ) disruption is observed. No subretinal fluid (SRF), intraretinal fluid (IRF), pigment epithelial detachment (PED), or epiretinal membrane (ERM) is identified. Observation is appropriate.","{""scan_type"": """", ""scan_loc"": """", ""quality"": ""fair"", ""L1_loc_findings"": {""Fovea (<500um)"": {""VRI"": [], ""Intraretinal-1"": [], ""Intraretinal-2"": [], ""Outer retina-1"": [], ""Outer retina-2"": [""EZ disruption""], ""Choroid"": []}}, ""L2"": ""abnormal"", ""L1_neg"": [""no SRF"", ""no IRF"", ""no PED"", ""no ERM""], ""L3_mgmt"": ""observation"", ""caption"": ""Image quality is limited but adequate for evaluation. In the outer retina, ellipsoid zone (EZ) disruption is observed. No subretinal fluid (SRF), intraretinal fluid (IRF), pigment epithelial detachment (PED), or epiretinal membrane (ERM) is identified. Observation is appropriate."", ""_meta"": {""image"": ""CAT_121.png"", ""annotator"": ""GT"", ""saved_at"": ""2026-09-03T04:05:06.326044""}}"
CAT_122.png,GT,2026-09-03T04:05:14.651587,,,good,,,,,no SRF; no IRF; no PED; EZ intact; no ERM,normal,no abnormality,"Image quality is sufficient for evaluation. No definite OCT abnormality is identified. No subretinal fluid (SRF), intraretinal fluid (IRF), pigment epithelial detachment (PED), ellipsoid zone (EZ) disruption, or epiretinal membrane (ERM) is identified.","Image quality is sufficient for evaluation. No definite OCT abnormality is identified. No subretinal fluid (SRF), intraretinal fluid (IRF), pigment epithelial detachment (PED), ellipsoid zone (EZ) disruption, or epiretinal membrane (ERM) is identified.","{""scan_type"": """", ""scan_loc"": """", ""quality"": ""good"", ""L1_loc_findings"": {""Fovea (<500um)"": {""VRI"": [], ""Intraretinal-1"": [], ""Intraretinal-2"": [], ""Outer retina-1"": [], ""Outer retina-2"": [], ""Choroid"": []}}, ""L2"": ""normal"", ""L1_neg"": [""no SRF"", ""no IRF"", ""no PED"", ""EZ intact"", ""no ERM""], ""L3_mgmt"": ""no abnormality"", ""caption"": ""Image quality is sufficient for evaluation. No definite OCT abnormality is identified. No subretinal fluid (SRF), intraretinal fluid (IRF), pigment epithelial detachment (PED), ellipsoid zone (EZ) disruption, or epiretinal membrane (ERM) is identified."", ""_meta"": {""image"": ""CAT_122.png"", ""annotator"": ""GT"", ""saved_at"": ""2026-09-03T04:05:14.651587""}}"
CAT_123.png,GT,2026-09-03T04:05:23.285562,,,good,PVD; ERM,,,,no SRF; no IRF; no PED; EZ intact,abnormal,observation,"Image quality is sufficient for evaluation. At the vitreoretinal interface, posterior vitreous detachment (PVD) and epiretinal membrane (ERM) are observed. No subretinal fluid (SRF), intraretinal fluid (IRF), pigment epithelial detachment (PED), or ellipsoid zone (EZ) disruption is identified. Observation is appropriate.","Image quality is sufficient for evaluation. At the vitreoretinal interface, posterior vitreous detachment (PVD) and epiretinal membrane (ERM) are observed. No subretinal fluid (SRF), intraretinal fluid (IRF), pigment epithelial detachment (PED), or ellipsoid zone (EZ) disruption is identified. Observation is appropriate.","{""scan_type"": """", ""scan_loc"": """", ""quality"": ""good"", ""L1_loc_findings"": {""Fovea (<500um)"": {""VRI"": [""PVD"", ""ERM""], ""Intraretinal-1"": [], ""Intraretinal-2"": [], ""Outer retina-1"": [], ""Outer retina-2"": [], ""Choroid"": []}}, ""L2"": ""abnormal"", ""L1_neg"": [""no SRF"", ""no IRF"", ""no PED"", ""EZ intact""], ""L3_mgmt"": ""observation"", ""caption"": ""Image quality is sufficient for evaluation. At the vitreoretinal interface, posterior vitreous detachment (PVD) and epiretinal membrane (ERM) are observed. No subretinal fluid (SRF), intraretinal fluid (IRF), pigment epithelial detachment (PED), or ellipsoid zone (EZ) disruption is identified. Observation is appropriate."", ""_meta"": {""image"": ""CAT_123.png"", ""annotator"": ""GT"", ""saved_at"": ""2026-09-03T04:05:23.285562""}}"
CAT_124.png,GT,2026-09-03T05:09:45.576961,,,fair,ERM,IRF; retinal thickening; hyperreflective foci,serous PED,,no SRF; EZ intact,abnormal,treatment,"Image quality is limited but adequate for evaluation. At the vitreoretinal interface, epiretinal membrane (ERM) is observed. In the inner retina, intraretinal fluid (IRF), retinal thickening, and hyperreflective foci are observed. In the outer retina, serous pigment epithelial detachment (serous PED) is observed. No subretinal fluid (SRF) or ellipsoid zone (EZ) disruption is identified. Treatment may be considered.","Image quality is limited but adequate for evaluation. At the vitreoretinal interface, epiretinal membrane (ERM) is observed. In the inner retina, intraretinal fluid (IRF), retinal thickening, and hyperreflective foci are observed. In the outer retina, serous pigment epithelial detachment (serous PED) is observed. No subretinal fluid (SRF) or ellipsoid zone (EZ) disruption is identified. Treatment may be considered.","{""scan_type"": """", ""scan_loc"": """", ""quality"": ""fair"", ""L1_loc_findings"": {""Fovea (<500um)"": {""VRI"": [""ERM""], ""Intraretinal-1"": [""IRF"", ""retinal thickening""], ""Intraretinal-2"": [""hyperreflective foci""], ""Outer retina-1"": [""serous PED""], ""Outer retina-2"": [], ""Choroid"": []}}, ""L2"": ""abnormal"", ""L1_neg"": [""no SRF"", ""EZ intact""], ""L3_mgmt"": ""treatment"", ""caption"": ""Image quality is limited but adequate for evaluation. At the vitreoretinal interface, epiretinal membrane (ERM) is observed. In the inner retina, intraretinal fluid (IRF), retinal thickening, and hyperreflective foci are observed. In the outer retina, serous pigment epithelial detachment (serous PED) is observed. No subretinal fluid (SRF) or ellipsoid zone (EZ) disruption is identified. Treatment may be considered."", ""_meta"": {""image"": ""CAT_124.png"", ""annotator"": ""GT"", ""saved_at"": ""2026-09-03T05:09:45.576961""}}"
CAT_125.png,GT,2026-08-31T23:43:08.023539,,,fair,ERM,,,,no SRF; no IRF; no PED; EZ intact,abnormal,observation,"Image quality is limited but adequate for evaluation. At the vitreoretinal interface, epiretinal membrane (ERM) is observed. No subretinal fluid (SRF), intraretinal fluid (IRF), pigment epithelial detachment (PED), or ellipsoid zone (EZ) disruption is identified. Observation is appropriate.","Image quality is limited but adequate for evaluation. At the vitreoretinal interface, epiretinal membrane (ERM) is observed. No subretinal fluid (SRF), intraretinal fluid (IRF), pigment epithelial detachment (PED), or ellipsoid zone (EZ) disruption is identified. Observation is appropriate.","{""scan_type"": """", ""scan_loc"": """", ""quality"": ""fair"", ""L1_loc_findings"": {""Fovea (<500um)"": {""VRI"": [""ERM""], ""Intraretinal-1"": [], ""Intraretinal-2"": [], ""Outer retina-1"": [], ""Outer retina-2"": [], ""Choroid"": []}}, ""L2"": ""abnormal"", ""L1_neg"": [""no SRF"", ""no IRF"", ""no PED"", ""EZ intact""], ""L3_mgmt"": ""observation"", ""caption"": ""Image quality is limited but adequate for evaluation. At the vitreoretinal interface, epiretinal membrane (ERM) is observed. No subretinal fluid (SRF), intraretinal fluid (IRF), pigment epithelial detachment (PED), or ellipsoid zone (EZ) disruption is identified. Observation is appropriate."", ""_meta"": {""image"": ""CAT_125.png"", ""annotator"": ""GT"", ""saved_at"": ""2026-08-31T23:43:08.023539""}}"
CAT_126.png,GT,2026-09-03T04:46:56.287917,,,good,,hyperreflective foci,,choroidal thinning,no SRF; no IRF; no PED; EZ intact; no ERM,abnormal,observation,"Image quality is sufficient for evaluation. In the inner retina, hyperreflective foci is observed. In the choroid, choroidal thinning is observed. No subretinal fluid (SRF), intraretinal fluid (IRF), pigment epithelial detachment (PED), ellipsoid zone (EZ) disruption, or epiretinal membrane (ERM) is identified. Observation is appropriate.","Image quality is sufficient for evaluation. In the inner retina, hyperreflective foci is observed. In the choroid, choroidal thinning is observed. No subretinal fluid (SRF), intraretinal fluid (IRF), pigment epithelial detachment (PED), ellipsoid zone (EZ) disruption, or epiretinal membrane (ERM) is identified. Observation is appropriate.","{""scan_type"": """", ""scan_loc"": """", ""quality"": ""good"", ""L1_loc_findings"": {""Fovea (<500um)"": {""VRI"": [], ""Intraretinal-1"": [], ""Intraretinal-2"": [""hyperreflective foci""], ""Outer retina-1"": [], ""Outer retina-2"": [], ""Choroid"": [""choroidal thinning""]}}, ""L2"": ""abnormal"", ""L1_neg"": [""no SRF"", ""no IRF"", ""no PED"", ""EZ intact"", ""no ERM""], ""L3_mgmt"": ""observation"", ""caption"": ""Image quality is sufficient for evaluation. In the inner retina, hyperreflective foci is observed. In the choroid, choroidal thinning is observed. No subretinal fluid (SRF), intraretinal fluid (IRF), pigment epithelial detachment (PED), ellipsoid zone (EZ) disruption, or epiretinal membrane (ERM) is identified. Observation is appropriate."", ""_meta"": {""image"": ""CAT_126.png"", ""annotator"": ""GT"", ""saved_at"": ""2026-09-03T04:46:56.287917""}}"
CAT_127.png,GT,2026-09-03T04:48:13.546251,,,fair,,,,,no SRF; no IRF; no PED; EZ intact; no ERM,normal,no abnormality,"Image quality is limited but adequate for evaluation. No definite OCT abnormality is identified. No subretinal fluid (SRF), intraretinal fluid (IRF), pigment epithelial detachment (PED), ellipsoid zone (EZ) disruption, or epiretinal membrane (ERM) is identified.","Image quality is limited but adequate for evaluation. No definite OCT abnormality is identified. No subretinal fluid (SRF), intraretinal fluid (IRF), pigment epithelial detachment (PED), ellipsoid zone (EZ) disruption, or epiretinal membrane (ERM) is identified.","{""scan_type"": """", ""scan_loc"": """", ""quality"": ""fair"", ""L1_loc_findings"": {""Fovea (<500um)"": {""VRI"": [], ""Intraretinal-1"": [], ""Intraretinal-2"": [], ""Outer retina-1"": [], ""Outer retina-2"": [], ""Choroid"": []}}, ""L2"": ""normal"", ""L1_neg"": [""no SRF"", ""no IRF"", ""no PED"", ""EZ intact"", ""no ERM""], ""L3_mgmt"": ""no abnormality"", ""caption"": ""Image quality is limited but adequate for evaluation. No definite OCT abnormality is identified. No subretinal fluid (SRF), intraretinal fluid (IRF), pigment epithelial detachment (PED), ellipsoid zone (EZ) disruption, or epiretinal membrane (ERM) is identified."", ""_meta"": {""image"": ""CAT_127.png"", ""annotator"": ""GT"", ""saved_at"": ""2026-09-03T04:48:13.546251""}}"
CAT_128.png,GT,2026-09-03T04:48:37.011922,,,good,ERM,,,,no SRF; no IRF; no PED; EZ intact,abnormal,observation,"Image quality is sufficient for evaluation. At the vitreoretinal interface, epiretinal membrane (ERM) is observed. No subretinal fluid (SRF), intraretinal fluid (IRF), pigment epithelial detachment (PED), or ellipsoid zone (EZ) disruption is identified. Observation is appropriate.","Image quality is sufficient for evaluation. At the vitreoretinal interface, epiretinal membrane (ERM) is observed. No subretinal fluid (SRF), intraretinal fluid (IRF), pigment epithelial detachment (PED), or ellipsoid zone (EZ) disruption is identified. Observation is appropriate.","{""scan_type"": """", ""scan_loc"": """", ""quality"": ""good"", ""L1_loc_findings"": {""Fovea (<500um)"": {""VRI"": [""ERM""], ""Intraretinal-1"": [], ""Intraretinal-2"": [], ""Outer retina-1"": [], ""Outer retina-2"": [], ""Choroid"": []}}, ""L2"": ""abnormal"", ""L1_neg"": [""no SRF"", ""no IRF"", ""no PED"", ""EZ intact""], ""L3_mgmt"": ""observation"", ""caption"": ""Image quality is sufficient for evaluation. At the vitreoretinal interface, epiretinal membrane (ERM) is observed. No subretinal fluid (SRF), intraretinal fluid (IRF), pigment epithelial detachment (PED), or ellipsoid zone (EZ) disruption is identified. Observation is appropriate."", ""_meta"": {""image"": ""CAT_128.png"", ""annotator"": ""GT"", ""saved_at"": ""2026-09-03T04:48:37.011922""}}"
CAT_129.png,GT,2026-09-03T04:49:31.127266,,,good,ERM,tractional thickening,,,no SRF; no IRF; no PED; EZ intact,abnormal,observation,"Image quality is sufficient for evaluation. At the vitreoretinal interface, epiretinal membrane (ERM) is observed. In the inner retina, tractional retinal thickening is observed. No subretinal fluid (SRF), intraretinal fluid (IRF), pigment epithelial detachment (PED), or ellipsoid zone (EZ) disruption is identified. Observation is appropriate.","Image quality is sufficient for evaluation. At the vitreoretinal interface, epiretinal membrane (ERM) is observed. In the inner retina, tractional retinal thickening is observed. No subretinal fluid (SRF), intraretinal fluid (IRF), pigment epithelial detachment (PED), or ellipsoid zone (EZ) disruption is identified. Observation is appropriate.","{""scan_type"": """", ""scan_loc"": """", ""quality"": ""good"", ""L1_loc_findings"": {""Fovea (<500um)"": {""VRI"": [""ERM""], ""Intraretinal-1"": [""tractional thickening""], ""Intraretinal-2"": [], ""Outer retina-1"": [], ""Outer retina-2"": [], ""Choroid"": []}}, ""L2"": ""abnormal"", ""L1_neg"": [""no SRF"", ""no IRF"", ""no PED"", ""EZ intact""], ""L3_mgmt"": ""observation"", ""caption"": ""Image quality is sufficient for evaluation. At the vitreoretinal interface, epiretinal membrane (ERM) is observed. In the inner retina, tractional retinal thickening is observed. No subretinal fluid (SRF), intraretinal fluid (IRF), pigment epithelial detachment (PED), or ellipsoid zone (EZ) disruption is identified. Observation is appropriate."", ""_meta"": {""image"": ""CAT_129.png"", ""annotator"": ""GT"", ""saved_at"": ""2026-09-03T04:49:31.127266""}}"
CAT_130.png,GT,2026-09-03T04:50:03.873693,,,fair,ERM,,EZ disruption,,no SRF; no IRF; no PED,abnormal,observation,"Image quality is limited but adequate for evaluation. At the vitreoretinal interface, epiretinal membrane (ERM) is observed. In the outer retina, ellipsoid zone (EZ) disruption is observed. No subretinal fluid (SRF), intraretinal fluid (IRF), or pigment epithelial detachment (PED) is identified. Observation is appropriate.","Image quality is limited but adequate for evaluation. At the vitreoretinal interface, epiretinal membrane (ERM) is observed. In the outer retina, ellipsoid zone (EZ) disruption is observed. No subretinal fluid (SRF), intraretinal fluid (IRF), or pigment epithelial detachment (PED) is identified. Observation is appropriate.","{""scan_type"": """", ""scan_loc"": """", ""quality"": ""fair"", ""L1_loc_findings"": {""Fovea (<500um)"": {""VRI"": [""ERM""], ""Intraretinal-1"": [], ""Intraretinal-2"": [], ""Outer retina-1"": [], ""Outer retina-2"": [""EZ disruption""], ""Choroid"": []}}, ""L2"": ""abnormal"", ""L1_neg"": [""no SRF"", ""no IRF"", ""no PED""], ""L3_mgmt"": ""observation"", ""caption"": ""Image quality is limited but adequate for evaluation. At the vitreoretinal interface, epiretinal membrane (ERM) is observed. In the outer retina, ellipsoid zone (EZ) disruption is observed. No subretinal fluid (SRF), intraretinal fluid (IRF), or pigment epithelial detachment (PED) is identified. Observation is appropriate."", ""_meta"": {""image"": ""CAT_130.png"", ""annotator"": ""GT"", ""saved_at"": ""2026-09-03T04:50:03.873693""}}"
CAT_131.png,GT,2026-09-03T04:51:01.496391,,,fair,ERM,,,choroidal thinning,no SRF; no IRF; no PED; EZ intact,abnormal,observation,"Image quality is limited but adequate for evaluation. At the vitreoretinal interface, epiretinal membrane (ERM) is observed. In the choroid, choroidal thinning is observed. No subretinal fluid (SRF), intraretinal fluid (IRF), pigment epithelial detachment (PED), or ellipsoid zone (EZ) disruption is identified. Observation is appropriate.","Image quality is limited but adequate for evaluation. At the vitreoretinal interface, epiretinal membrane (ERM) is observed. In the choroid, choroidal thinning is observed. No subretinal fluid (SRF), intraretinal fluid (IRF), pigment epithelial detachment (PED), or ellipsoid zone (EZ) disruption is identified. Observation is appropriate.","{""scan_type"": """", ""scan_loc"": """", ""quality"": ""fair"", ""L1_loc_findings"": {""Fovea (<500um)"": {""VRI"": [""ERM""], ""Intraretinal-1"": [], ""Intraretinal-2"": [], ""Outer retina-1"": [], ""Outer retina-2"": [], ""Choroid"": [""choroidal thinning""]}}, ""L2"": ""abnormal"", ""L1_neg"": [""no SRF"", ""no IRF"", ""no PED"", ""EZ intact""], ""L3_mgmt"": ""observation"", ""caption"": ""Image quality is limited but adequate for evaluation. At the vitreoretinal interface, epiretinal membrane (ERM) is observed. In the choroid, choroidal thinning is observed. No subretinal fluid (SRF), intraretinal fluid (IRF), pigment epithelial detachment (PED), or ellipsoid zone (EZ) disruption is identified. Observation is appropriate."", ""_meta"": {""image"": ""CAT_131.png"", ""annotator"": ""GT"", ""saved_at"": ""2026-09-03T04:51:01.496391""}}"
CAT_132.png,GT,2026-09-03T04:51:26.597600,,,good,ERM,tractional thickening; hyperreflective foci,drusen,choroidal thinning,no SRF; no IRF; no PED; EZ intact,abnormal,observation,"Image quality is sufficient for evaluation. At the vitreoretinal interface, epiretinal membrane (ERM) is observed. In the inner retina, tractional retinal thickening and hyperreflective foci are observed. In the outer retina, drusen is observed. In the choroid, choroidal thinning is observed. No subretinal fluid (SRF), intraretinal fluid (IRF), pigment epithelial detachment (PED), or ellipsoid zone (EZ) disruption is identified. Observation is appropriate.","Image quality is sufficient for evaluation. At the vitreoretinal interface, epiretinal membrane (ERM) is observed. In the inner retina, tractional retinal thickening and hyperreflective foci are observed. In the outer retina, drusen is observed. In the choroid, choroidal thinning is observed. No subretinal fluid (SRF), intraretinal fluid (IRF), pigment epithelial detachment (PED), or ellipsoid zone (EZ) disruption is identified. Observation is appropriate.","{""scan_type"": """", ""scan_loc"": """", ""quality"": ""good"", ""L1_loc_findings"": {""Fovea (<500um)"": {""VRI"": [""ERM""], ""Intraretinal-1"": [""tractional thickening""], ""Intraretinal-2"": [""hyperreflective foci""], ""Outer retina-1"": [], ""Outer retina-2"": [""drusen""], ""Choroid"": [""choroidal thinning""]}}, ""L2"": ""abnormal"", ""L1_neg"": [""no SRF"", ""no IRF"", ""no PED"", ""EZ intact""], ""L3_mgmt"": ""observation"", ""caption"": ""Image quality is sufficient for evaluation. At the vitreoretinal interface, epiretinal membrane (ERM) is observed. In the inner retina, tractional retinal thickening and hyperreflective foci are observed. In the outer retina, drusen is observed. In the choroid, choroidal thinning is observed. No subretinal fluid (SRF), intraretinal fluid (IRF), pigment epithelial detachment (PED), or ellipsoid zone (EZ) disruption is identified. Observation is appropriate."", ""_meta"": {""image"": ""CAT_132.png"", ""annotator"": ""GT"", ""saved_at"": ""2026-09-03T04:51:26.597600""}}"
CAT_133.png,GT,2026-09-03T05:35:57.003093,,,good,,IRF; retinal thickening; hyperreflective foci; hard exudates,,,no SRF; no PED; no ERM,abnormal,observation,"Image quality is sufficient for evaluation. In the inner retina, intraretinal fluid (IRF), retinal thickening, hyperreflective foci, and hard exudates are observed. No subretinal fluid (SRF), pigment epithelial detachment (PED), or epiretinal membrane (ERM) is identified. Observation is appropriate.","Image quality is sufficient for evaluation. In the inner retina, intraretinal fluid (IRF), retinal thickening, hyperreflective foci, and hard exudates are observed. No subretinal fluid (SRF), pigment epithelial detachment (PED), or epiretinal membrane (ERM) is identified. Observation is appropriate.","{""scan_type"": """", ""scan_loc"": """", ""quality"": ""good"", ""L1_loc_findings"": {""Fovea (<500um)"": {""VRI"": [], ""Intraretinal-1"": [""IRF"", ""retinal thickening""], ""Intraretinal-2"": [""hyperreflective foci"", ""hard exudates""], ""Outer retina-1"": [], ""Outer retina-2"": [], ""Choroid"": []}}, ""L2"": ""abnormal"", ""L1_neg"": [""no SRF"", ""no PED"", ""no ERM""], ""L3_mgmt"": ""observation"", ""caption"": ""Image quality is sufficient for evaluation. In the inner retina, intraretinal fluid (IRF), retinal thickening, hyperreflective foci, and hard exudates are observed. No subretinal fluid (SRF), pigment epithelial detachment (PED), or epiretinal membrane (ERM) is identified. Observation is appropriate."", ""_meta"": {""image"": ""CAT_133.png"", ""annotator"": ""GT"", ""saved_at"": ""2026-09-03T05:35:57.003093""}}"
CAT_134.png,GT,2026-09-03T04:54:08.636633,,,poor,ERM,retinal thickening,,,no SRF; no IRF; no PED; EZ intact,abnormal,observation,"Image quality is poor; findings should be interpreted with caution. At the vitreoretinal interface, epiretinal membrane (ERM) is observed. In the inner retina, retinal thickening is observed. No subretinal fluid (SRF), intraretinal fluid (IRF), pigment epithelial detachment (PED), or ellipsoid zone (EZ) disruption is identified. Observation is appropriate.","Image quality is poor; findings should be interpreted with caution. At the vitreoretinal interface, epiretinal membrane (ERM) is observed. In the inner retina, retinal thickening is observed. No subretinal fluid (SRF), intraretinal fluid (IRF), pigment epithelial detachment (PED), or ellipsoid zone (EZ) disruption is identified. Observation is appropriate.","{""scan_type"": """", ""scan_loc"": """", ""quality"": ""poor"", ""L1_loc_findings"": {""Fovea (<500um)"": {""VRI"": [""ERM""], ""Intraretinal-1"": [""retinal thickening""], ""Intraretinal-2"": [], ""Outer retina-1"": [], ""Outer retina-2"": [], ""Choroid"": []}}, ""L2"": ""abnormal"", ""L1_neg"": [""no SRF"", ""no IRF"", ""no PED"", ""EZ intact""], ""L3_mgmt"": ""observation"", ""caption"": ""Image quality is poor; findings should be interpreted with caution. At the vitreoretinal interface, epiretinal membrane (ERM) is observed. In the inner retina, retinal thickening is observed. No subretinal fluid (SRF), intraretinal fluid (IRF), pigment epithelial detachment (PED), or ellipsoid zone (EZ) disruption is identified. Observation is appropriate."", ""_meta"": {""image"": ""CAT_134.png"", ""annotator"": ""GT"", ""saved_at"": ""2026-09-03T04:54:08.636633""}}"
CAT_135.png,GT,2026-09-03T04:54:42.757225,,,poor,,,,,no SRF; no IRF; no PED; EZ intact; no ERM,normal,no abnormality,"The image is not adequate for full evaluation. No definite OCT abnormality is identified. No subretinal fluid (SRF), intraretinal fluid (IRF), pigment epithelial detachment (PED), ellipsoid zone (EZ) disruption, or epiretinal membrane (ERM) is identified.","The image is not adequate for full evaluation. No definite OCT abnormality is identified. No subretinal fluid (SRF), intraretinal fluid (IRF), pigment epithelial detachment (PED), ellipsoid zone (EZ) disruption, or epiretinal membrane (ERM) is identified.","{""scan_type"": """", ""scan_loc"": """", ""quality"": ""poor"", ""L1_loc_findings"": {""Fovea (<500um)"": {""VRI"": [], ""Intraretinal-1"": [], ""Intraretinal-2"": [], ""Outer retina-1"": [], ""Outer retina-2"": [], ""Choroid"": []}}, ""L2"": ""normal"", ""L1_neg"": [""no SRF"", ""no IRF"", ""no PED"", ""EZ intact"", ""no ERM""], ""L3_mgmt"": ""no abnormality"", ""caption"": ""The image is not adequate for full evaluation. No definite OCT abnormality is identified. No subretinal fluid (SRF), intraretinal fluid (IRF), pigment epithelial detachment (PED), ellipsoid zone (EZ) disruption, or epiretinal membrane (ERM) is identified."", ""_meta"": {""image"": ""CAT_135.png"", ""annotator"": ""GT"", ""saved_at"": ""2026-09-03T04:54:42.757225""}}"
CAT_136.png,GT,2026-09-03T05:10:06.163501,,,fair,,,,,no SRF; no IRF; no PED; EZ intact; no ERM,normal,no abnormality,"Image quality is limited but adequate for evaluation. No definite OCT abnormality is identified. No subretinal fluid (SRF), intraretinal fluid (IRF), pigment epithelial detachment (PED), ellipsoid zone (EZ) disruption, or epiretinal membrane (ERM) is identified.","Image quality is limited but adequate for evaluation. No definite OCT abnormality is identified. No subretinal fluid (SRF), intraretinal fluid (IRF), pigment epithelial detachment (PED), ellipsoid zone (EZ) disruption, or epiretinal membrane (ERM) is identified.","{""scan_type"": """", ""scan_loc"": """", ""quality"": ""fair"", ""L1_loc_findings"": {""Fovea (<500um)"": {""VRI"": [], ""Intraretinal-1"": [], ""Intraretinal-2"": [], ""Outer retina-1"": [], ""Outer retina-2"": [], ""Choroid"": []}}, ""L2"": ""normal"", ""L1_neg"": [""no SRF"", ""no IRF"", ""no PED"", ""EZ intact"", ""no ERM""], ""L3_mgmt"": ""no abnormality"", ""caption"": ""Image quality is limited but adequate for evaluation. No definite OCT abnormality is identified. No subretinal fluid (SRF), intraretinal fluid (IRF), pigment epithelial detachment (PED), ellipsoid zone (EZ) disruption, or epiretinal membrane (ERM) is identified."", ""_meta"": {""image"": ""CAT_136.png"", ""annotator"": ""GT"", ""saved_at"": ""2026-09-03T05:10:06.163501""}}"
CAT_137.png,GT,2026-09-03T05:10:28.975665,,,fair,ERM,,,choroidal thickening,no SRF; no IRF; no PED; EZ intact,abnormal,observation,"Image quality is limited but adequate for evaluation. At the vitreoretinal interface, epiretinal membrane (ERM) is observed. In the choroid, choroidal thickening is observed. No subretinal fluid (SRF), intraretinal fluid (IRF), pigment epithelial detachment (PED), or ellipsoid zone (EZ) disruption is identified. Observation is appropriate.","Image quality is limited but adequate for evaluation. At the vitreoretinal interface, epiretinal membrane (ERM) is observed. In the choroid, choroidal thickening is observed. No subretinal fluid (SRF), intraretinal fluid (IRF), pigment epithelial detachment (PED), or ellipsoid zone (EZ) disruption is identified. Observation is appropriate.","{""scan_type"": """", ""scan_loc"": """", ""quality"": ""fair"", ""L1_loc_findings"": {""Fovea (<500um)"": {""VRI"": [""ERM""], ""Intraretinal-1"": [], ""Intraretinal-2"": [], ""Outer retina-1"": [], ""Outer retina-2"": [], ""Choroid"": [""choroidal thickening""]}}, ""L2"": ""abnormal"", ""L1_neg"": [""no SRF"", ""no IRF"", ""no PED"", ""EZ intact""], ""L3_mgmt"": ""observation"", ""caption"": ""Image quality is limited but adequate for evaluation. At the vitreoretinal interface, epiretinal membrane (ERM) is observed. In the choroid, choroidal thickening is observed. No subretinal fluid (SRF), intraretinal fluid (IRF), pigment epithelial detachment (PED), or ellipsoid zone (EZ) disruption is identified. Observation is appropriate."", ""_meta"": {""image"": ""CAT_137.png"", ""annotator"": ""GT"", ""saved_at"": ""2026-09-03T05:10:28.975665""}}"
CAT_138.png,GT,2026-09-03T05:10:57.424447,,,good,ERM,IRF; retinal thickening,EZ disruption,,no SRF; no PED,abnormal,observation,"Image quality is sufficient for evaluation. At the vitreoretinal interface, epiretinal membrane (ERM) is observed. In the inner retina, intraretinal fluid (IRF) and retinal thickening are observed. In the outer retina, ellipsoid zone (EZ) disruption is observed. No subretinal fluid (SRF) or pigment epithelial detachment (PED) is identified. Observation is appropriate.","Image quality is sufficient for evaluation. At the vitreoretinal interface, epiretinal membrane (ERM) is observed. In the inner retina, intraretinal fluid (IRF) and retinal thickening are observed. In the outer retina, ellipsoid zone (EZ) disruption is observed. No subretinal fluid (SRF) or pigment epithelial detachment (PED) is identified. Observation is appropriate.","{""scan_type"": """", ""scan_loc"": """", ""quality"": ""good"", ""L1_loc_findings"": {""Fovea (<500um)"": {""VRI"": [""ERM""], ""Intraretinal-1"": [""IRF"", ""retinal thickening""], ""Intraretinal-2"": [], ""Outer retina-1"": [], ""Outer retina-2"": [""EZ disruption""], ""Choroid"": []}}, ""L2"": ""abnormal"", ""L1_neg"": [""no SRF"", ""no PED""], ""L3_mgmt"": ""observation"", ""caption"": ""Image quality is sufficient for evaluation. At the vitreoretinal interface, epiretinal membrane (ERM) is observed. In the inner retina, intraretinal fluid (IRF) and retinal thickening are observed. In the outer retina, ellipsoid zone (EZ) disruption is observed. No subretinal fluid (SRF) or pigment epithelial detachment (PED) is identified. Observation is appropriate."", ""_meta"": {""image"": ""CAT_138.png"", ""annotator"": ""GT"", ""saved_at"": ""2026-09-03T05:10:57.424447""}}"
CAT_139.png,GT,2026-09-03T05:13:00.598062,,,fair,,,,choroidal thinning,no SRF; no IRF; no PED; EZ intact; no ERM,abnormal,observation,"Image quality is limited but adequate for evaluation. In the choroid, choroidal thinning is observed. No subretinal fluid (SRF), intraretinal fluid (IRF), pigment epithelial detachment (PED), ellipsoid zone (EZ) disruption, or epiretinal membrane (ERM) is identified. Observation is appropriate.","Image quality is limited but adequate for evaluation. In the choroid, choroidal thinning is observed. No subretinal fluid (SRF), intraretinal fluid (IRF), pigment epithelial detachment (PED), ellipsoid zone (EZ) disruption, or epiretinal membrane (ERM) is identified. Observation is appropriate.","{""scan_type"": """", ""scan_loc"": """", ""quality"": ""fair"", ""L1_loc_findings"": {""Fovea (<500um)"": {""VRI"": [], ""Intraretinal-1"": [], ""Intraretinal-2"": [], ""Outer retina-1"": [], ""Outer retina-2"": [], ""Choroid"": [""choroidal thinning""]}}, ""L2"": ""abnormal"", ""L1_neg"": [""no SRF"", ""no IRF"", ""no PED"", ""EZ intact"", ""no ERM""], ""L3_mgmt"": ""observation"", ""caption"": ""Image quality is limited but adequate for evaluation. In the choroid, choroidal thinning is observed. No subretinal fluid (SRF), intraretinal fluid (IRF), pigment epithelial detachment (PED), ellipsoid zone (EZ) disruption, or epiretinal membrane (ERM) is identified. Observation is appropriate."", ""_meta"": {""image"": ""CAT_139.png"", ""annotator"": ""GT"", ""saved_at"": ""2026-09-03T05:13:00.598062""}}"
CAT_140.png,GT,2026-09-03T05:13:28.503317,,,fair,ERM,,,,no SRF; no IRF; no PED; EZ intact,abnormal,observation,"Image quality is limited but adequate for evaluation. At the vitreoretinal interface, epiretinal membrane (ERM) is observed. No subretinal fluid (SRF), intraretinal fluid (IRF), pigment epithelial detachment (PED), or ellipsoid zone (EZ) disruption is identified. Observation is appropriate.","Image quality is limited but adequate for evaluation. At the vitreoretinal interface, epiretinal membrane (ERM) is observed. No subretinal fluid (SRF), intraretinal fluid (IRF), pigment epithelial detachment (PED), or ellipsoid zone (EZ) disruption is identified. Observation is appropriate.","{""scan_type"": """", ""scan_loc"": """", ""quality"": ""fair"", ""L1_loc_findings"": {""Fovea (<500um)"": {""VRI"": [""ERM""], ""Intraretinal-1"": [], ""Intraretinal-2"": [], ""Outer retina-1"": [], ""Outer retina-2"": [], ""Choroid"": []}}, ""L2"": ""abnormal"", ""L1_neg"": [""no SRF"", ""no IRF"", ""no PED"", ""EZ intact""], ""L3_mgmt"": ""observation"", ""caption"": ""Image quality is limited but adequate for evaluation. At the vitreoretinal interface, epiretinal membrane (ERM) is observed. No subretinal fluid (SRF), intraretinal fluid (IRF), pigment epithelial detachment (PED), or ellipsoid zone (EZ) disruption is identified. Observation is appropriate."", ""_meta"": {""image"": ""CAT_140.png"", ""annotator"": ""GT"", ""saved_at"": ""2026-09-03T05:13:28.503317""}}"
CAT_141.png,GT,2026-09-03T06:26:00.968424,,,poor,ERM,,,,no SRF; no IRF; no PED; EZ intact,abnormal,observation,"Image quality is poor; findings should be interpreted with caution. At the vitreoretinal interface, epiretinal membrane (ERM) is observed. No subretinal fluid (SRF), intraretinal fluid (IRF), pigment epithelial detachment (PED), or ellipsoid zone (EZ) disruption is identified. Observation is appropriate.","Image quality is poor; findings should be interpreted with caution. At the vitreoretinal interface, epiretinal membrane (ERM) is observed. No subretinal fluid (SRF), intraretinal fluid (IRF), pigment epithelial detachment (PED), or ellipsoid zone (EZ) disruption is identified. Observation is appropriate.","{""scan_type"": """", ""scan_loc"": """", ""quality"": ""poor"", ""L1_loc_findings"": {""Fovea (<500um)"": {""VRI"": [""ERM""], ""Intraretinal-1"": [], ""Intraretinal-2"": [], ""Outer retina-1"": [], ""Outer retina-2"": [], ""Choroid"": []}}, ""L2"": ""abnormal"", ""L1_neg"": [""no SRF"", ""no IRF"", ""no PED"", ""EZ intact""], ""L3_mgmt"": ""observation"", ""caption"": ""Image quality is poor; findings should be interpreted with caution. At the vitreoretinal interface, epiretinal membrane (ERM) is observed. No subretinal fluid (SRF), intraretinal fluid (IRF), pigment epithelial detachment (PED), or ellipsoid zone (EZ) disruption is identified. Observation is appropriate."", ""_meta"": {""image"": ""CAT_141.png"", ""annotator"": ""GT"", ""saved_at"": ""2026-09-03T06:26:00.968424""}}"
CAT_142.png,GT,2026-09-03T06:26:38.196489,,,poor,ERM,,,,no SRF; no IRF; no PED; EZ intact,abnormal,observation,"Image quality is poor; findings should be interpreted with caution. At the vitreoretinal interface, epiretinal membrane (ERM) is observed. No subretinal fluid (SRF), intraretinal fluid (IRF), pigment epithelial detachment (PED), or ellipsoid zone (EZ) disruption is identified. Observation is appropriate.","Image quality is poor; findings should be interpreted with caution. At the vitreoretinal interface, epiretinal membrane (ERM) is observed. No subretinal fluid (SRF), intraretinal fluid (IRF), pigment epithelial detachment (PED), or ellipsoid zone (EZ) disruption is identified. Observation is appropriate.","{""scan_type"": """", ""scan_loc"": """", ""quality"": ""poor"", ""L1_loc_findings"": {""Fovea (<500um)"": {""VRI"": [""ERM""], ""Intraretinal-1"": [], ""Intraretinal-2"": [], ""Outer retina-1"": [], ""Outer retina-2"": [], ""Choroid"": []}}, ""L2"": ""abnormal"", ""L1_neg"": [""no SRF"", ""no IRF"", ""no PED"", ""EZ intact""], ""L3_mgmt"": ""observation"", ""caption"": ""Image quality is poor; findings should be interpreted with caution. At the vitreoretinal interface, epiretinal membrane (ERM) is observed. No subretinal fluid (SRF), intraretinal fluid (IRF), pigment epithelial detachment (PED), or ellipsoid zone (EZ) disruption is identified. Observation is appropriate."", ""_meta"": {""image"": ""CAT_142.png"", ""annotator"": ""GT"", ""saved_at"": ""2026-09-03T06:26:38.196489""}}"
CAT_143.png,GT,2026-09-03T06:27:21.365730,,,good,ERM,,,,no SRF; no IRF; no PED; EZ intact,abnormal,observation,"Image quality is sufficient for evaluation. At the vitreoretinal interface, epiretinal membrane (ERM) is observed. No subretinal fluid (SRF), intraretinal fluid (IRF), pigment epithelial detachment (PED), or ellipsoid zone (EZ) disruption is identified. Observation is appropriate.","Image quality is sufficient for evaluation. At the vitreoretinal interface, epiretinal membrane (ERM) is observed. No subretinal fluid (SRF), intraretinal fluid (IRF), pigment epithelial detachment (PED), or ellipsoid zone (EZ) disruption is identified. Observation is appropriate.","{""scan_type"": """", ""scan_loc"": """", ""quality"": ""good"", ""L1_loc_findings"": {""Fovea (<500um)"": {""VRI"": [""ERM""], ""Intraretinal-1"": [], ""Intraretinal-2"": [], ""Outer retina-1"": [], ""Outer retina-2"": [], ""Choroid"": []}}, ""L2"": ""abnormal"", ""L1_neg"": [""no SRF"", ""no IRF"", ""no PED"", ""EZ intact""], ""L3_mgmt"": ""observation"", ""caption"": ""Image quality is sufficient for evaluation. At the vitreoretinal interface, epiretinal membrane (ERM) is observed. No subretinal fluid (SRF), intraretinal fluid (IRF), pigment epithelial detachment (PED), or ellipsoid zone (EZ) disruption is identified. Observation is appropriate."", ""_meta"": {""image"": ""CAT_143.png"", ""annotator"": ""GT"", ""saved_at"": ""2026-09-03T06:27:21.365730""}}"
CAT_144.png,GT,2026-09-03T06:28:15.373433,,,good,ERM,IRF; retinal thickening,,choroidal thinning,no SRF; no PED; EZ intact,abnormal,observation,"Image quality is sufficient for evaluation. At the vitreoretinal interface, epiretinal membrane (ERM) is observed. In the inner retina, intraretinal fluid (IRF) and retinal thickening are observed. In the choroid, choroidal thinning is observed. No subretinal fluid (SRF), pigment epithelial detachment (PED), or ellipsoid zone (EZ) disruption is identified. Observation is appropriate.","Image quality is sufficient for evaluation. At the vitreoretinal interface, epiretinal membrane (ERM) is observed. In the inner retina, intraretinal fluid (IRF) and retinal thickening are observed. In the choroid, choroidal thinning is observed. No subretinal fluid (SRF), pigment epithelial detachment (PED), or ellipsoid zone (EZ) disruption is identified. Observation is appropriate.","{""scan_type"": """", ""scan_loc"": """", ""quality"": ""good"", ""L1_loc_findings"": {""Fovea (<500um)"": {""VRI"": [""ERM""], ""Intraretinal-1"": [""IRF"", ""retinal thickening""], ""Intraretinal-2"": [], ""Outer retina-1"": [], ""Outer retina-2"": [], ""Choroid"": [""choroidal thinning""]}}, ""L2"": ""abnormal"", ""L1_neg"": [""no SRF"", ""no PED"", ""EZ intact""], ""L3_mgmt"": ""observation"", ""caption"": ""Image quality is sufficient for evaluation. At the vitreoretinal interface, epiretinal membrane (ERM) is observed. In the inner retina, intraretinal fluid (IRF) and retinal thickening are observed. In the choroid, choroidal thinning is observed. No subretinal fluid (SRF), pigment epithelial detachment (PED), or ellipsoid zone (EZ) disruption is identified. Observation is appropriate."", ""_meta"": {""image"": ""CAT_144.png"", ""annotator"": ""GT"", ""saved_at"": ""2026-09-03T06:28:15.373433""}}"
CAT_145.png,GT,2026-09-03T06:29:38.690994,,,fair,,hyperreflective foci,,choroidal thinning,no SRF; no IRF; no PED; EZ intact; no ERM,abnormal,observation,"Image quality is limited but adequate for evaluation. In the inner retina, hyperreflective foci is observed. In the choroid, choroidal thinning is observed. No subretinal fluid (SRF), intraretinal fluid (IRF), pigment epithelial detachment (PED), ellipsoid zone (EZ) disruption, or epiretinal membrane (ERM) is identified. Observation is appropriate.","Image quality is limited but adequate for evaluation. In the inner retina, hyperreflective foci is observed. In the choroid, choroidal thinning is observed. No subretinal fluid (SRF), intraretinal fluid (IRF), pigment epithelial detachment (PED), ellipsoid zone (EZ) disruption, or epiretinal membrane (ERM) is identified. Observation is appropriate.","{""scan_type"": """", ""scan_loc"": """", ""quality"": ""fair"", ""L1_loc_findings"": {""Fovea (<500um)"": {""VRI"": [], ""Intraretinal-1"": [], ""Intraretinal-2"": [""hyperreflective foci""], ""Outer retina-1"": [], ""Outer retina-2"": [], ""Choroid"": [""choroidal thinning""]}}, ""L2"": ""abnormal"", ""L1_neg"": [""no SRF"", ""no IRF"", ""no PED"", ""EZ intact"", ""no ERM""], ""L3_mgmt"": ""observation"", ""caption"": ""Image quality is limited but adequate for evaluation. In the inner retina, hyperreflective foci is observed. In the choroid, choroidal thinning is observed. No subretinal fluid (SRF), intraretinal fluid (IRF), pigment epithelial detachment (PED), ellipsoid zone (EZ) disruption, or epiretinal membrane (ERM) is identified. Observation is appropriate."", ""_meta"": {""image"": ""CAT_145.png"", ""annotator"": ""GT"", ""saved_at"": ""2026-09-03T06:29:38.690994""}}"
CAT_146.png,GT,2026-09-03T06:30:00.742505,,,good,,,,,no SRF; no IRF; no PED; EZ intact; no ERM,normal,no abnormality,"Image quality is sufficient for evaluation. No definite OCT abnormality is identified. No subretinal fluid (SRF), intraretinal fluid (IRF), pigment epithelial detachment (PED), ellipsoid zone (EZ) disruption, or epiretinal membrane (ERM) is identified.","Image quality is sufficient for evaluation. No definite OCT abnormality is identified. No subretinal fluid (SRF), intraretinal fluid (IRF), pigment epithelial detachment (PED), ellipsoid zone (EZ) disruption, or epiretinal membrane (ERM) is identified.","{""scan_type"": """", ""scan_loc"": """", ""quality"": ""good"", ""L1_loc_findings"": {""Fovea (<500um)"": {""VRI"": [], ""Intraretinal-1"": [], ""Intraretinal-2"": [], ""Outer retina-1"": [], ""Outer retina-2"": [], ""Choroid"": []}}, ""L2"": ""normal"", ""L1_neg"": [""no SRF"", ""no IRF"", ""no PED"", ""EZ intact"", ""no ERM""], ""L3_mgmt"": ""no abnormality"", ""caption"": ""Image quality is sufficient for evaluation. No definite OCT abnormality is identified. No subretinal fluid (SRF), intraretinal fluid (IRF), pigment epithelial detachment (PED), ellipsoid zone (EZ) disruption, or epiretinal membrane (ERM) is identified."", ""_meta"": {""image"": ""CAT_146.png"", ""annotator"": ""GT"", ""saved_at"": ""2026-09-03T06:30:00.742505""}}"
CAT_147.png,GT,2026-09-03T06:31:04.054510,,,good,PVD,hyperreflective foci,,,no SRF; no IRF; no PED; EZ intact; no ERM,abnormal,observation,"Image quality is sufficient for evaluation. At the vitreoretinal interface, posterior vitreous detachment (PVD) is observed. In the inner retina, hyperreflective foci is observed. No subretinal fluid (SRF), intraretinal fluid (IRF), pigment epithelial detachment (PED), ellipsoid zone (EZ) disruption, or epiretinal membrane (ERM) is identified. Observation is appropriate.","Image quality is sufficient for evaluation. At the vitreoretinal interface, posterior vitreous detachment (PVD) is observed. In the inner retina, hyperreflective foci is observed. No subretinal fluid (SRF), intraretinal fluid (IRF), pigment epithelial detachment (PED), ellipsoid zone (EZ) disruption, or epiretinal membrane (ERM) is identified. Observation is appropriate.","{""scan_type"": """", ""scan_loc"": """", ""quality"": ""good"", ""L1_loc_findings"": {""Fovea (<500um)"": {""VRI"": [""PVD""], ""Intraretinal-1"": [], ""Intraretinal-2"": [""hyperreflective foci""], ""Outer retina-1"": [], ""Outer retina-2"": [], ""Choroid"": []}}, ""L2"": ""abnormal"", ""L1_neg"": [""no SRF"", ""no IRF"", ""no PED"", ""EZ intact"", ""no ERM""], ""L3_mgmt"": ""observation"", ""caption"": ""Image quality is sufficient for evaluation. At the vitreoretinal interface, posterior vitreous detachment (PVD) is observed. In the inner retina, hyperreflective foci is observed. No subretinal fluid (SRF), intraretinal fluid (IRF), pigment epithelial detachment (PED), ellipsoid zone (EZ) disruption, or epiretinal membrane (ERM) is identified. Observation is appropriate."", ""_meta"": {""image"": ""CAT_147.png"", ""annotator"": ""GT"", ""saved_at"": ""2026-09-03T06:31:04.054510""}}"
CAT_148.png,GT,2026-09-03T06:34:20.808972,,,good,ERM,hyperreflective foci,,choroidal thickening,no SRF; no IRF; no PED; EZ intact,abnormal,observation,"Image quality is sufficient for evaluation. At the vitreoretinal interface, epiretinal membrane (ERM) is observed. In the inner retina, hyperreflective foci is observed. In the choroid, choroidal thickening is observed. No subretinal fluid (SRF), intraretinal fluid (IRF), pigment epithelial detachment (PED), or ellipsoid zone (EZ) disruption is identified. Observation is appropriate.","Image quality is sufficient for evaluation. At the vitreoretinal interface, epiretinal membrane (ERM) is observed. In the inner retina, hyperreflective foci is observed. In the choroid, choroidal thickening is observed. No subretinal fluid (SRF), intraretinal fluid (IRF), pigment epithelial detachment (PED), or ellipsoid zone (EZ) disruption is identified. Observation is appropriate.","{""scan_type"": """", ""scan_loc"": """", ""quality"": ""good"", ""L1_loc_findings"": {""Fovea (<500um)"": {""VRI"": [""ERM""], ""Intraretinal-1"": [], ""Intraretinal-2"": [""hyperreflective foci""], ""Outer retina-1"": [], ""Outer retina-2"": [], ""Choroid"": [""choroidal thickening""]}}, ""L2"": ""abnormal"", ""L1_neg"": [""no SRF"", ""no IRF"", ""no PED"", ""EZ intact""], ""L3_mgmt"": ""observation"", ""caption"": ""Image quality is sufficient for evaluation. At the vitreoretinal interface, epiretinal membrane (ERM) is observed. In the inner retina, hyperreflective foci is observed. In the choroid, choroidal thickening is observed. No subretinal fluid (SRF), intraretinal fluid (IRF), pigment epithelial detachment (PED), or ellipsoid zone (EZ) disruption is identified. Observation is appropriate."", ""_meta"": {""image"": ""CAT_148.png"", ""annotator"": ""GT"", ""saved_at"": ""2026-09-03T06:34:20.808972""}}"
CAT_150.png,GT,2026-09-03T06:40:18.918778,,,good,,,SHRM,choroidal thickening,no SRF; no IRF; no PED; EZ intact; no ERM,abnormal,observation,"Image quality is sufficient for evaluation. In the outer retina, subretinal hyperreflective material (SHRM) is observed. In the choroid, choroidal thickening is observed. No subretinal fluid (SRF), intraretinal fluid (IRF), pigment epithelial detachment (PED), ellipsoid zone (EZ) disruption, or epiretinal membrane (ERM) is identified. Observation is appropriate.","Image quality is sufficient for evaluation. In the outer retina, subretinal hyperreflective material (SHRM) is observed. In the choroid, choroidal thickening is observed. No subretinal fluid (SRF), intraretinal fluid (IRF), pigment epithelial detachment (PED), ellipsoid zone (EZ) disruption, or epiretinal membrane (ERM) is identified. Observation is appropriate.","{""scan_type"": """", ""scan_loc"": """", ""quality"": ""good"", ""L1_loc_findings"": {""Fovea (<500um)"": {""VRI"": [], ""Intraretinal-1"": [], ""Intraretinal-2"": [], ""Outer retina-1"": [], ""Outer retina-2"": [""SHRM""], ""Choroid"": [""choroidal thickening""]}}, ""L2"": ""abnormal"", ""L1_neg"": [""no SRF"", ""no IRF"", ""no PED"", ""EZ intact"", ""no ERM""], ""L3_mgmt"": ""observation"", ""caption"": ""Image quality is sufficient for evaluation. In the outer retina, subretinal hyperreflective material (SHRM) is observed. In the choroid, choroidal thickening is observed. No subretinal fluid (SRF), intraretinal fluid (IRF), pigment epithelial detachment (PED), ellipsoid zone (EZ) disruption, or epiretinal membrane (ERM) is identified. Observation is appropriate."", ""_meta"": {""image"": ""CAT_150.png"", ""annotator"": ""GT"", ""saved_at"": ""2026-09-03T06:40:18.918778""}}"
CAT_151.png,GT,2026-09-03T06:42:15.521613,,,good,ERM,,drusen,,no SRF; no IRF; no PED; EZ intact,abnormal,observation,"Image quality is sufficient for evaluation. At the vitreoretinal interface, epiretinal membrane (ERM) is observed. In the outer retina, drusen is observed. No subretinal fluid (SRF), intraretinal fluid (IRF), pigment epithelial detachment (PED), or ellipsoid zone (EZ) disruption is identified. Observation is appropriate.","Image quality is sufficient for evaluation. At the vitreoretinal interface, epiretinal membrane (ERM) is observed. In the outer retina, drusen is observed. No subretinal fluid (SRF), intraretinal fluid (IRF), pigment epithelial detachment (PED), or ellipsoid zone (EZ) disruption is identified. Observation is appropriate.","{""scan_type"": """", ""scan_loc"": """", ""quality"": ""good"", ""L1_loc_findings"": {""Fovea (<500um)"": {""VRI"": [""ERM""], ""Intraretinal-1"": [], ""Intraretinal-2"": [], ""Outer retina-1"": [], ""Outer retina-2"": [""drusen""], ""Choroid"": []}}, ""L2"": ""abnormal"", ""L1_neg"": [""no SRF"", ""no IRF"", ""no PED"", ""EZ intact""], ""L3_mgmt"": ""observation"", ""caption"": ""Image quality is sufficient for evaluation. At the vitreoretinal interface, epiretinal membrane (ERM) is observed. In the outer retina, drusen is observed. No subretinal fluid (SRF), intraretinal fluid (IRF), pigment epithelial detachment (PED), or ellipsoid zone (EZ) disruption is identified. Observation is appropriate."", ""_meta"": {""image"": ""CAT_151.png"", ""annotator"": ""GT"", ""saved_at"": ""2026-09-03T06:42:15.521613""}}"
CAT_152.png,GT,2026-09-03T06:46:42.525290,,,good,PVD; ERM,,,,no SRF; no IRF; no PED; EZ intact,abnormal,observation,"Image quality is sufficient for evaluation. At the vitreoretinal interface, posterior vitreous detachment (PVD) and epiretinal membrane (ERM) are observed. No subretinal fluid (SRF), intraretinal fluid (IRF), pigment epithelial detachment (PED), or ellipsoid zone (EZ) disruption is identified. Observation is appropriate.","Image quality is sufficient for evaluation. At the vitreoretinal interface, posterior vitreous detachment (PVD) and epiretinal membrane (ERM) are observed. No subretinal fluid (SRF), intraretinal fluid (IRF), pigment epithelial detachment (PED), or ellipsoid zone (EZ) disruption is identified. Observation is appropriate.","{""scan_type"": """", ""scan_loc"": """", ""quality"": ""good"", ""L1_loc_findings"": {""Fovea (<500um)"": {""VRI"": [""PVD"", ""ERM""], ""Intraretinal-1"": [], ""Intraretinal-2"": [], ""Outer retina-1"": [], ""Outer retina-2"": [], ""Choroid"": []}}, ""L2"": ""abnormal"", ""L1_neg"": [""no SRF"", ""no IRF"", ""no PED"", ""EZ intact""], ""L3_mgmt"": ""observation"", ""caption"": ""Image quality is sufficient for evaluation. At the vitreoretinal interface, posterior vitreous detachment (PVD) and epiretinal membrane (ERM) are observed. No subretinal fluid (SRF), intraretinal fluid (IRF), pigment epithelial detachment (PED), or ellipsoid zone (EZ) disruption is identified. Observation is appropriate."", ""_meta"": {""image"": ""CAT_152.png"", ""annotator"": ""GT"", ""saved_at"": ""2026-09-03T06:46:42.525290""}}"
CAT_153.png,GT,2026-09-03T06:47:04.187514,,,good,ERM,,,,no SRF; no IRF; no PED; EZ intact,abnormal,observation,"Image quality is sufficient for evaluation. At the vitreoretinal interface, epiretinal membrane (ERM) is observed. No subretinal fluid (SRF), intraretinal fluid (IRF), pigment epithelial detachment (PED), or ellipsoid zone (EZ) disruption is identified. Observation is appropriate.","Image quality is sufficient for evaluation. At the vitreoretinal interface, epiretinal membrane (ERM) is observed. No subretinal fluid (SRF), intraretinal fluid (IRF), pigment epithelial detachment (PED), or ellipsoid zone (EZ) disruption is identified. Observation is appropriate.","{""scan_type"": """", ""scan_loc"": """", ""quality"": ""good"", ""L1_loc_findings"": {""Fovea (<500um)"": {""VRI"": [""ERM""], ""Intraretinal-1"": [], ""Intraretinal-2"": [], ""Outer retina-1"": [], ""Outer retina-2"": [], ""Choroid"": []}}, ""L2"": ""abnormal"", ""L1_neg"": [""no SRF"", ""no IRF"", ""no PED"", ""EZ intact""], ""L3_mgmt"": ""observation"", ""caption"": ""Image quality is sufficient for evaluation. At the vitreoretinal interface, epiretinal membrane (ERM) is observed. No subretinal fluid (SRF), intraretinal fluid (IRF), pigment epithelial detachment (PED), or ellipsoid zone (EZ) disruption is identified. Observation is appropriate."", ""_meta"": {""image"": ""CAT_153.png"", ""annotator"": ""GT"", ""saved_at"": ""2026-09-03T06:47:04.187514""}}"
CAT_154.png,GT,2026-09-03T06:47:26.708016,,,fair,ERM,,,choroidal thinning,no SRF; no IRF; no PED; EZ intact,abnormal,observation,"Image quality is limited but adequate for evaluation. At the vitreoretinal interface, epiretinal membrane (ERM) is observed. In the choroid, choroidal thinning is observed. No subretinal fluid (SRF), intraretinal fluid (IRF), pigment epithelial detachment (PED), or ellipsoid zone (EZ) disruption is identified. Observation is appropriate.","Image quality is limited but adequate for evaluation. At the vitreoretinal interface, epiretinal membrane (ERM) is observed. In the choroid, choroidal thinning is observed. No subretinal fluid (SRF), intraretinal fluid (IRF), pigment epithelial detachment (PED), or ellipsoid zone (EZ) disruption is identified. Observation is appropriate.","{""scan_type"": """", ""scan_loc"": """", ""quality"": ""fair"", ""L1_loc_findings"": {""Fovea (<500um)"": {""VRI"": [""ERM""], ""Intraretinal-1"": [], ""Intraretinal-2"": [], ""Outer retina-1"": [], ""Outer retina-2"": [], ""Choroid"": [""choroidal thinning""]}}, ""L2"": ""abnormal"", ""L1_neg"": [""no SRF"", ""no IRF"", ""no PED"", ""EZ intact""], ""L3_mgmt"": ""observation"", ""caption"": ""Image quality is limited but adequate for evaluation. At the vitreoretinal interface, epiretinal membrane (ERM) is observed. In the choroid, choroidal thinning is observed. No subretinal fluid (SRF), intraretinal fluid (IRF), pigment epithelial detachment (PED), or ellipsoid zone (EZ) disruption is identified. Observation is appropriate."", ""_meta"": {""image"": ""CAT_154.png"", ""annotator"": ""GT"", ""saved_at"": ""2026-09-03T06:47:26.708016""}}"
CAT_155.png,GT,2026-09-03T06:48:08.430643,,,fair,,,,,no SRF; no IRF; no PED; EZ intact; no ERM,normal,no abnormality,"Image quality is limited but adequate for evaluation. No definite OCT abnormality is identified. No subretinal fluid (SRF), intraretinal fluid (IRF), pigment epithelial detachment (PED), ellipsoid zone (EZ) disruption, or epiretinal membrane (ERM) is identified.","Image quality is limited but adequate for evaluation. No definite OCT abnormality is identified. No subretinal fluid (SRF), intraretinal fluid (IRF), pigment epithelial detachment (PED), ellipsoid zone (EZ) disruption, or epiretinal membrane (ERM) is identified.","{""scan_type"": """", ""scan_loc"": """", ""quality"": ""fair"", ""L1_loc_findings"": {""Fovea (<500um)"": {""VRI"": [], ""Intraretinal-1"": [], ""Intraretinal-2"": [], ""Outer retina-1"": [], ""Outer retina-2"": [], ""Choroid"": []}}, ""L2"": ""normal"", ""L1_neg"": [""no SRF"", ""no IRF"", ""no PED"", ""EZ intact"", ""no ERM""], ""L3_mgmt"": ""no abnormality"", ""caption"": ""Image quality is limited but adequate for evaluation. No definite OCT abnormality is identified. No subretinal fluid (SRF), intraretinal fluid (IRF), pigment epithelial detachment (PED), ellipsoid zone (EZ) disruption, or epiretinal membrane (ERM) is identified."", ""_meta"": {""image"": ""CAT_155.png"", ""annotator"": ""GT"", ""saved_at"": ""2026-09-03T06:48:08.430643""}}"
CAT_157.png,GT,2026-09-03T06:48:24.882238,,,good,ERM,,,,no SRF; no IRF; no PED; EZ intact,abnormal,observation,"Image quality is sufficient for evaluation. At the vitreoretinal interface, epiretinal membrane (ERM) is observed. No subretinal fluid (SRF), intraretinal fluid (IRF), pigment epithelial detachment (PED), or ellipsoid zone (EZ) disruption is identified. Observation is appropriate.","Image quality is sufficient for evaluation. At the vitreoretinal interface, epiretinal membrane (ERM) is observed. No subretinal fluid (SRF), intraretinal fluid (IRF), pigment epithelial detachment (PED), or ellipsoid zone (EZ) disruption is identified. Observation is appropriate.","{""scan_type"": """", ""scan_loc"": """", ""quality"": ""good"", ""L1_loc_findings"": {""Fovea (<500um)"": {""VRI"": [""ERM""], ""Intraretinal-1"": [], ""Intraretinal-2"": [], ""Outer retina-1"": [], ""Outer retina-2"": [], ""Choroid"": []}}, ""L2"": ""abnormal"", ""L1_neg"": [""no SRF"", ""no IRF"", ""no PED"", ""EZ intact""], ""L3_mgmt"": ""observation"", ""caption"": ""Image quality is sufficient for evaluation. At the vitreoretinal interface, epiretinal membrane (ERM) is observed. No subretinal fluid (SRF), intraretinal fluid (IRF), pigment epithelial detachment (PED), or ellipsoid zone (EZ) disruption is identified. Observation is appropriate."", ""_meta"": {""image"": ""CAT_157.png"", ""annotator"": ""GT"", ""saved_at"": ""2026-09-03T06:48:24.882238""}}"
CAT_158.png,GT,2026-09-03T06:48:42.585969,,,good,ERM,,,choroidal thickening,no SRF; no IRF; no PED; EZ intact,abnormal,observation,"Image quality is sufficient for evaluation. At the vitreoretinal interface, epiretinal membrane (ERM) is observed. In the choroid, choroidal thickening is observed. No subretinal fluid (SRF), intraretinal fluid (IRF), pigment epithelial detachment (PED), or ellipsoid zone (EZ) disruption is identified. Observation is appropriate.","Image quality is sufficient for evaluation. At the vitreoretinal interface, epiretinal membrane (ERM) is observed. In the choroid, choroidal thickening is observed. No subretinal fluid (SRF), intraretinal fluid (IRF), pigment epithelial detachment (PED), or ellipsoid zone (EZ) disruption is identified. Observation is appropriate.","{""scan_type"": """", ""scan_loc"": """", ""quality"": ""good"", ""L1_loc_findings"": {""Fovea (<500um)"": {""VRI"": [""ERM""], ""Intraretinal-1"": [], ""Intraretinal-2"": [], ""Outer retina-1"": [], ""Outer retina-2"": [], ""Choroid"": [""choroidal thickening""]}}, ""L2"": ""abnormal"", ""L1_neg"": [""no SRF"", ""no IRF"", ""no PED"", ""EZ intact""], ""L3_mgmt"": ""observation"", ""caption"": ""Image quality is sufficient for evaluation. At the vitreoretinal interface, epiretinal membrane (ERM) is observed. In the choroid, choroidal thickening is observed. No subretinal fluid (SRF), intraretinal fluid (IRF), pigment epithelial detachment (PED), or ellipsoid zone (EZ) disruption is identified. Observation is appropriate."", ""_meta"": {""image"": ""CAT_158.png"", ""annotator"": ""GT"", ""saved_at"": ""2026-09-03T06:48:42.585969""}}"
CAT_159.png,GT,2026-09-03T06:50:54.177058,,,good,ERM,tractional thickening,,,no SRF; no IRF; no PED; EZ intact,abnormal,observation,"Image quality is sufficient for evaluation. At the vitreoretinal interface, epiretinal membrane (ERM) is observed. In the inner retina, tractional retinal thickening is observed. No subretinal fluid (SRF), intraretinal fluid (IRF), pigment epithelial detachment (PED), or ellipsoid zone (EZ) disruption is identified. Observation is appropriate.","Image quality is sufficient for evaluation. At the vitreoretinal interface, epiretinal membrane (ERM) is observed. In the inner retina, tractional retinal thickening is observed. No subretinal fluid (SRF), intraretinal fluid (IRF), pigment epithelial detachment (PED), or ellipsoid zone (EZ) disruption is identified. Observation is appropriate.","{""scan_type"": """", ""scan_loc"": """", ""quality"": ""good"", ""L1_loc_findings"": {""Fovea (<500um)"": {""VRI"": [""ERM""], ""Intraretinal-1"": [""tractional thickening""], ""Intraretinal-2"": [], ""Outer retina-1"": [], ""Outer retina-2"": [], ""Choroid"": []}}, ""L2"": ""abnormal"", ""L1_neg"": [""no SRF"", ""no IRF"", ""no PED"", ""EZ intact""], ""L3_mgmt"": ""observation"", ""caption"": ""Image quality is sufficient for evaluation. At the vitreoretinal interface, epiretinal membrane (ERM) is observed. In the inner retina, tractional retinal thickening is observed. No subretinal fluid (SRF), intraretinal fluid (IRF), pigment epithelial detachment (PED), or ellipsoid zone (EZ) disruption is identified. Observation is appropriate."", ""_meta"": {""image"": ""CAT_159.png"", ""annotator"": ""GT"", ""saved_at"": ""2026-09-03T06:50:54.177058""}}"
CAT_160.png,GT,2026-09-03T06:51:08.855110,,,good,,,,,no SRF; no IRF; no PED; EZ intact; no ERM,normal,no abnormality,"Image quality is sufficient for evaluation. No definite OCT abnormality is identified. No subretinal fluid (SRF), intraretinal fluid (IRF), pigment epithelial detachment (PED), ellipsoid zone (EZ) disruption, or epiretinal membrane (ERM) is identified.","Image quality is sufficient for evaluation. No definite OCT abnormality is identified. No subretinal fluid (SRF), intraretinal fluid (IRF), pigment epithelial detachment (PED), ellipsoid zone (EZ) disruption, or epiretinal membrane (ERM) is identified.","{""scan_type"": """", ""scan_loc"": """", ""quality"": ""good"", ""L1_loc_findings"": {""Fovea (<500um)"": {""VRI"": [], ""Intraretinal-1"": [], ""Intraretinal-2"": [], ""Outer retina-1"": [], ""Outer retina-2"": [], ""Choroid"": []}}, ""L2"": ""normal"", ""L1_neg"": [""no SRF"", ""no IRF"", ""no PED"", ""EZ intact"", ""no ERM""], ""L3_mgmt"": ""no abnormality"", ""caption"": ""Image quality is sufficient for evaluation. No definite OCT abnormality is identified. No subretinal fluid (SRF), intraretinal fluid (IRF), pigment epithelial detachment (PED), ellipsoid zone (EZ) disruption, or epiretinal membrane (ERM) is identified."", ""_meta"": {""image"": ""CAT_160.png"", ""annotator"": ""GT"", ""saved_at"": ""2026-09-03T06:51:08.855110""}}"
CAT_161.png,GT,2026-09-03T06:51:29.693678,,,good,ERM,,,,no SRF; no IRF; no PED; EZ intact,abnormal,observation,"Image quality is sufficient for evaluation. At the vitreoretinal interface, epiretinal membrane (ERM) is observed. No subretinal fluid (SRF), intraretinal fluid (IRF), pigment epithelial detachment (PED), or ellipsoid zone (EZ) disruption is identified. Observation is appropriate.","Image quality is sufficient for evaluation. At the vitreoretinal interface, epiretinal membrane (ERM) is observed. No subretinal fluid (SRF), intraretinal fluid (IRF), pigment epithelial detachment (PED), or ellipsoid zone (EZ) disruption is identified. Observation is appropriate.","{""scan_type"": """", ""scan_loc"": """", ""quality"": ""good"", ""L1_loc_findings"": {""Fovea (<500um)"": {""VRI"": [""ERM""], ""Intraretinal-1"": [], ""Intraretinal-2"": [], ""Outer retina-1"": [], ""Outer retina-2"": [], ""Choroid"": []}}, ""L2"": ""abnormal"", ""L1_neg"": [""no SRF"", ""no IRF"", ""no PED"", ""EZ intact""], ""L3_mgmt"": ""observation"", ""caption"": ""Image quality is sufficient for evaluation. At the vitreoretinal interface, epiretinal membrane (ERM) is observed. No subretinal fluid (SRF), intraretinal fluid (IRF), pigment epithelial detachment (PED), or ellipsoid zone (EZ) disruption is identified. Observation is appropriate."", ""_meta"": {""image"": ""CAT_161.png"", ""annotator"": ""GT"", ""saved_at"": ""2026-09-03T06:51:29.693678""}}"
CAT_162.png,GT,2026-09-03T06:51:49.410524,,,good,ERM,retinal thickening; tractional thickening,,,no SRF; no IRF; no PED; EZ intact,abnormal,observation,"Image quality is sufficient for evaluation. At the vitreoretinal interface, epiretinal membrane (ERM) is observed. In the inner retina, retinal thickening and tractional retinal thickening are observed. No subretinal fluid (SRF), intraretinal fluid (IRF), pigment epithelial detachment (PED), or ellipsoid zone (EZ) disruption is identified. Observation is appropriate.","Image quality is sufficient for evaluation. At the vitreoretinal interface, epiretinal membrane (ERM) is observed. In the inner retina, retinal thickening and tractional retinal thickening are observed. No subretinal fluid (SRF), intraretinal fluid (IRF), pigment epithelial detachment (PED), or ellipsoid zone (EZ) disruption is identified. Observation is appropriate.","{""scan_type"": """", ""scan_loc"": """", ""quality"": ""good"", ""L1_loc_findings"": {""Fovea (<500um)"": {""VRI"": [""ERM""], ""Intraretinal-1"": [""retinal thickening"", ""tractional thickening""], ""Intraretinal-2"": [], ""Outer retina-1"": [], ""Outer retina-2"": [], ""Choroid"": []}}, ""L2"": ""abnormal"", ""L1_neg"": [""no SRF"", ""no IRF"", ""no PED"", ""EZ intact""], ""L3_mgmt"": ""observation"", ""caption"": ""Image quality is sufficient for evaluation. At the vitreoretinal interface, epiretinal membrane (ERM) is observed. In the inner retina, retinal thickening and tractional retinal thickening are observed. No subretinal fluid (SRF), intraretinal fluid (IRF), pigment epithelial detachment (PED), or ellipsoid zone (EZ) disruption is identified. Observation is appropriate."", ""_meta"": {""image"": ""CAT_162.png"", ""annotator"": ""GT"", ""saved_at"": ""2026-09-03T06:51:49.410524""}}"
CAT_163.png,GT,2026-09-03T06:52:17.102023,,,good,ERM,retinal thickening; tractional thickening,,,no SRF; no IRF; no PED; EZ intact,abnormal,observation,"Image quality is sufficient for evaluation. At the vitreoretinal interface, epiretinal membrane (ERM) is observed. In the inner retina, retinal thickening and tractional retinal thickening are observed. No subretinal fluid (SRF), intraretinal fluid (IRF), pigment epithelial detachment (PED), or ellipsoid zone (EZ) disruption is identified. Observation is appropriate.","Image quality is sufficient for evaluation. At the vitreoretinal interface, epiretinal membrane (ERM) is observed. In the inner retina, retinal thickening and tractional retinal thickening are observed. No subretinal fluid (SRF), intraretinal fluid (IRF), pigment epithelial detachment (PED), or ellipsoid zone (EZ) disruption is identified. Observation is appropriate.","{""scan_type"": """", ""scan_loc"": """", ""quality"": ""good"", ""L1_loc_findings"": {""Fovea (<500um)"": {""VRI"": [""ERM""], ""Intraretinal-1"": [""retinal thickening"", ""tractional thickening""], ""Intraretinal-2"": [], ""Outer retina-1"": [], ""Outer retina-2"": [], ""Choroid"": []}}, ""L2"": ""abnormal"", ""L1_neg"": [""no SRF"", ""no IRF"", ""no PED"", ""EZ intact""], ""L3_mgmt"": ""observation"", ""caption"": ""Image quality is sufficient for evaluation. At the vitreoretinal interface, epiretinal membrane (ERM) is observed. In the inner retina, retinal thickening and tractional retinal thickening are observed. No subretinal fluid (SRF), intraretinal fluid (IRF), pigment epithelial detachment (PED), or ellipsoid zone (EZ) disruption is identified. Observation is appropriate."", ""_meta"": {""image"": ""CAT_163.png"", ""annotator"": ""GT"", ""saved_at"": ""2026-09-03T06:52:17.102023""}}"
CAT_164.png,GT,2026-09-03T06:52:40.363611,,,good,ERM,,,,no SRF; no IRF; no PED; EZ intact,abnormal,observation,"Image quality is sufficient for evaluation. At the vitreoretinal interface, epiretinal membrane (ERM) is observed. No subretinal fluid (SRF), intraretinal fluid (IRF), pigment epithelial detachment (PED), or ellipsoid zone (EZ) disruption is identified. Observation is appropriate.","Image quality is sufficient for evaluation. At the vitreoretinal interface, epiretinal membrane (ERM) is observed. No subretinal fluid (SRF), intraretinal fluid (IRF), pigment epithelial detachment (PED), or ellipsoid zone (EZ) disruption is identified. Observation is appropriate.","{""scan_type"": """", ""scan_loc"": """", ""quality"": ""good"", ""L1_loc_findings"": {""Fovea (<500um)"": {""VRI"": [""ERM""], ""Intraretinal-1"": [], ""Intraretinal-2"": [], ""Outer retina-1"": [], ""Outer retina-2"": [], ""Choroid"": []}}, ""L2"": ""abnormal"", ""L1_neg"": [""no SRF"", ""no IRF"", ""no PED"", ""EZ intact""], ""L3_mgmt"": ""observation"", ""caption"": ""Image quality is sufficient for evaluation. At the vitreoretinal interface, epiretinal membrane (ERM) is observed. No subretinal fluid (SRF), intraretinal fluid (IRF), pigment epithelial detachment (PED), or ellipsoid zone (EZ) disruption is identified. Observation is appropriate."", ""_meta"": {""image"": ""CAT_164.png"", ""annotator"": ""GT"", ""saved_at"": ""2026-09-03T06:52:40.363611""}}"
CAT_166.png,GT,2026-09-03T06:53:16.191763,,,fair,ERM,,,,no SRF; no IRF; no PED; EZ intact,abnormal,observation,"Image quality is limited but adequate for evaluation. At the vitreoretinal interface, epiretinal membrane (ERM) is observed. No subretinal fluid (SRF), intraretinal fluid (IRF), pigment epithelial detachment (PED), or ellipsoid zone (EZ) disruption is identified. Observation is appropriate.","Image quality is limited but adequate for evaluation. At the vitreoretinal interface, epiretinal membrane (ERM) is observed. No subretinal fluid (SRF), intraretinal fluid (IRF), pigment epithelial detachment (PED), or ellipsoid zone (EZ) disruption is identified. Observation is appropriate.","{""scan_type"": """", ""scan_loc"": """", ""quality"": ""fair"", ""L1_loc_findings"": {""Fovea (<500um)"": {""VRI"": [""ERM""], ""Intraretinal-1"": [], ""Intraretinal-2"": [], ""Outer retina-1"": [], ""Outer retina-2"": [], ""Choroid"": []}}, ""L2"": ""abnormal"", ""L1_neg"": [""no SRF"", ""no IRF"", ""no PED"", ""EZ intact""], ""L3_mgmt"": ""observation"", ""caption"": ""Image quality is limited but adequate for evaluation. At the vitreoretinal interface, epiretinal membrane (ERM) is observed. No subretinal fluid (SRF), intraretinal fluid (IRF), pigment epithelial detachment (PED), or ellipsoid zone (EZ) disruption is identified. Observation is appropriate."", ""_meta"": {""image"": ""CAT_166.png"", ""annotator"": ""GT"", ""saved_at"": ""2026-09-03T06:53:16.191763""}}"
CAT_167.png,GT,2026-09-03T06:53:30.954956,,,good,,,,,no SRF; no IRF; no PED; EZ intact; no ERM,normal,no abnormality,"Image quality is sufficient for evaluation. No definite OCT abnormality is identified. No subretinal fluid (SRF), intraretinal fluid (IRF), pigment epithelial detachment (PED), ellipsoid zone (EZ) disruption, or epiretinal membrane (ERM) is identified.","Image quality is sufficient for evaluation. No definite OCT abnormality is identified. No subretinal fluid (SRF), intraretinal fluid (IRF), pigment epithelial detachment (PED), ellipsoid zone (EZ) disruption, or epiretinal membrane (ERM) is identified.","{""scan_type"": """", ""scan_loc"": """", ""quality"": ""good"", ""L1_loc_findings"": {""Fovea (<500um)"": {""VRI"": [], ""Intraretinal-1"": [], ""Intraretinal-2"": [], ""Outer retina-1"": [], ""Outer retina-2"": [], ""Choroid"": []}}, ""L2"": ""normal"", ""L1_neg"": [""no SRF"", ""no IRF"", ""no PED"", ""EZ intact"", ""no ERM""], ""L3_mgmt"": ""no abnormality"", ""caption"": ""Image quality is sufficient for evaluation. No definite OCT abnormality is identified. No subretinal fluid (SRF), intraretinal fluid (IRF), pigment epithelial detachment (PED), ellipsoid zone (EZ) disruption, or epiretinal membrane (ERM) is identified."", ""_meta"": {""image"": ""CAT_167.png"", ""annotator"": ""GT"", ""saved_at"": ""2026-09-03T06:53:30.954956""}}"
CAT_168.png,GT,2026-09-03T06:55:04.582959,,,good,,hyperreflective foci,,choroidal thinning,no SRF; no IRF; no PED; EZ intact; no ERM,abnormal,observation,"Image quality is sufficient for evaluation. In the inner retina, hyperreflective foci is observed. In the choroid, choroidal thinning is observed. No subretinal fluid (SRF), intraretinal fluid (IRF), pigment epithelial detachment (PED), ellipsoid zone (EZ) disruption, or epiretinal membrane (ERM) is identified. Observation is appropriate.","Image quality is sufficient for evaluation. In the inner retina, hyperreflective foci is observed. In the choroid, choroidal thinning is observed. No subretinal fluid (SRF), intraretinal fluid (IRF), pigment epithelial detachment (PED), ellipsoid zone (EZ) disruption, or epiretinal membrane (ERM) is identified. Observation is appropriate.","{""scan_type"": """", ""scan_loc"": """", ""quality"": ""good"", ""L1_loc_findings"": {""Fovea (<500um)"": {""VRI"": [], ""Intraretinal-1"": [], ""Intraretinal-2"": [""hyperreflective foci""], ""Outer retina-1"": [], ""Outer retina-2"": [], ""Choroid"": [""choroidal thinning""]}}, ""L2"": ""abnormal"", ""L1_neg"": [""no SRF"", ""no IRF"", ""no PED"", ""EZ intact"", ""no ERM""], ""L3_mgmt"": ""observation"", ""caption"": ""Image quality is sufficient for evaluation. In the inner retina, hyperreflective foci is observed. In the choroid, choroidal thinning is observed. No subretinal fluid (SRF), intraretinal fluid (IRF), pigment epithelial detachment (PED), ellipsoid zone (EZ) disruption, or epiretinal membrane (ERM) is identified. Observation is appropriate."", ""_meta"": {""image"": ""CAT_168.png"", ""annotator"": ""GT"", ""saved_at"": ""2026-09-03T06:55:04.582959""}}"
CAT_169.png,GT,2026-09-03T06:58:45.367763,,,good,ERM,,,,no SRF; no IRF; no PED; EZ intact,abnormal,observation,"Image quality is sufficient for evaluation. At the vitreoretinal interface, epiretinal membrane (ERM) is observed. No subretinal fluid (SRF), intraretinal fluid (IRF), pigment epithelial detachment (PED), or ellipsoid zone (EZ) disruption is identified. Observation is appropriate.","Image quality is sufficient for evaluation. At the vitreoretinal interface, epiretinal membrane (ERM) is observed. No subretinal fluid (SRF), intraretinal fluid (IRF), pigment epithelial detachment (PED), or ellipsoid zone (EZ) disruption is identified. Observation is appropriate.","{""scan_type"": """", ""scan_loc"": """", ""quality"": ""good"", ""L1_loc_findings"": {""Fovea (<500um)"": {""VRI"": [""ERM""], ""Intraretinal-1"": [], ""Intraretinal-2"": [], ""Outer retina-1"": [], ""Outer retina-2"": [], ""Choroid"": []}}, ""L2"": ""abnormal"", ""L1_neg"": [""no SRF"", ""no IRF"", ""no PED"", ""EZ intact""], ""L3_mgmt"": ""observation"", ""caption"": ""Image quality is sufficient for evaluation. At the vitreoretinal interface, epiretinal membrane (ERM) is observed. No subretinal fluid (SRF), intraretinal fluid (IRF), pigment epithelial detachment (PED), or ellipsoid zone (EZ) disruption is identified. Observation is appropriate."", ""_meta"": {""image"": ""CAT_169.png"", ""annotator"": ""GT"", ""saved_at"": ""2026-09-03T06:58:45.367763""}}"
CAT_170.png,GT,2026-09-03T07:01:04.663298,,,good,ERM,hard exudates,,,no SRF; no IRF; no PED; EZ intact,abnormal,observation,"Image quality is sufficient for evaluation. At the vitreoretinal interface, epiretinal membrane (ERM) is observed. In the inner retina, hard exudates is observed. No subretinal fluid (SRF), intraretinal fluid (IRF), pigment epithelial detachment (PED), or ellipsoid zone (EZ) disruption is identified. Observation is appropriate.","Image quality is sufficient for evaluation. At the vitreoretinal interface, epiretinal membrane (ERM) is observed. In the inner retina, hard exudates is observed. No subretinal fluid (SRF), intraretinal fluid (IRF), pigment epithelial detachment (PED), or ellipsoid zone (EZ) disruption is identified. Observation is appropriate.","{""scan_type"": """", ""scan_loc"": """", ""quality"": ""good"", ""L1_loc_findings"": {""Fovea (<500um)"": {""VRI"": [""ERM""], ""Intraretinal-1"": [], ""Intraretinal-2"": [""hard exudates""], ""Outer retina-1"": [], ""Outer retina-2"": [], ""Choroid"": []}}, ""L2"": ""abnormal"", ""L1_neg"": [""no SRF"", ""no IRF"", ""no PED"", ""EZ intact""], ""L3_mgmt"": ""observation"", ""caption"": ""Image quality is sufficient for evaluation. At the vitreoretinal interface, epiretinal membrane (ERM) is observed. In the inner retina, hard exudates is observed. No subretinal fluid (SRF), intraretinal fluid (IRF), pigment epithelial detachment (PED), or ellipsoid zone (EZ) disruption is identified. Observation is appropriate."", ""_meta"": {""image"": ""CAT_170.png"", ""annotator"": ""GT"", ""saved_at"": ""2026-09-03T07:01:04.663298""}}"
CAT_171.png,GT,2026-09-03T07:02:50.510984,,,good,ERM,IRF; retinal thickening; hyperreflective foci,EZ disruption,,no SRF; no PED,abnormal,observation,"Image quality is sufficient for evaluation. At the vitreoretinal interface, epiretinal membrane (ERM) is observed. In the inner retina, intraretinal fluid (IRF), retinal thickening, and hyperreflective foci are observed. In the outer retina, ellipsoid zone (EZ) disruption is observed. No subretinal fluid (SRF) or pigment epithelial detachment (PED) is identified. Observation is appropriate.","Image quality is sufficient for evaluation. At the vitreoretinal interface, epiretinal membrane (ERM) is observed. In the inner retina, intraretinal fluid (IRF), retinal thickening, and hyperreflective foci are observed. In the outer retina, ellipsoid zone (EZ) disruption is observed. No subretinal fluid (SRF) or pigment epithelial detachment (PED) is identified. Observation is appropriate.","{""scan_type"": """", ""scan_loc"": """", ""quality"": ""good"", ""L1_loc_findings"": {""Fovea (<500um)"": {""VRI"": [""ERM""], ""Intraretinal-1"": [""IRF"", ""retinal thickening""], ""Intraretinal-2"": [""hyperreflective foci""], ""Outer retina-1"": [], ""Outer retina-2"": [""EZ disruption""], ""Choroid"": []}}, ""L2"": ""abnormal"", ""L1_neg"": [""no SRF"", ""no PED""], ""L3_mgmt"": ""observation"", ""caption"": ""Image quality is sufficient for evaluation. At the vitreoretinal interface, epiretinal membrane (ERM) is observed. In the inner retina, intraretinal fluid (IRF), retinal thickening, and hyperreflective foci are observed. In the outer retina, ellipsoid zone (EZ) disruption is observed. No subretinal fluid (SRF) or pigment epithelial detachment (PED) is identified. Observation is appropriate."", ""_meta"": {""image"": ""CAT_171.png"", ""annotator"": ""GT"", ""saved_at"": ""2026-09-03T07:02:50.510984""}}"
CAT_172.png,GT,2026-09-03T07:05:07.582993,,,good,,inner thinning,EZ disruption; drusen,,no SRF; no IRF; no PED; no ERM,abnormal,observation,"Image quality is sufficient for evaluation. In the inner retina, inner retinal thinning is observed. In the outer retina, ellipsoid zone (EZ) disruption and drusen are observed. No subretinal fluid (SRF), intraretinal fluid (IRF), pigment epithelial detachment (PED), or epiretinal membrane (ERM) is identified. Observation is appropriate.","Image quality is sufficient for evaluation. In the inner retina, inner retinal thinning is observed. In the outer retina, ellipsoid zone (EZ) disruption and drusen are observed. No subretinal fluid (SRF), intraretinal fluid (IRF), pigment epithelial detachment (PED), or epiretinal membrane (ERM) is identified. Observation is appropriate.","{""scan_type"": """", ""scan_loc"": """", ""quality"": ""good"", ""L1_loc_findings"": {""Fovea (<500um)"": {""VRI"": [], ""Intraretinal-1"": [], ""Intraretinal-2"": [""inner thinning""], ""Outer retina-1"": [], ""Outer retina-2"": [""EZ disruption"", ""drusen""], ""Choroid"": []}}, ""L2"": ""abnormal"", ""L1_neg"": [""no SRF"", ""no IRF"", ""no PED"", ""no ERM""], ""L3_mgmt"": ""observation"", ""caption"": ""Image quality is sufficient for evaluation. In the inner retina, inner retinal thinning is observed. In the outer retina, ellipsoid zone (EZ) disruption and drusen are observed. No subretinal fluid (SRF), intraretinal fluid (IRF), pigment epithelial detachment (PED), or epiretinal membrane (ERM) is identified. Observation is appropriate."", ""_meta"": {""image"": ""CAT_172.png"", ""annotator"": ""GT"", ""saved_at"": ""2026-09-03T07:05:07.582993""}}"
CAT_173.png,GT,2026-09-03T07:05:26.593600,,,fair,,,,,no SRF; no IRF; no PED; EZ intact; no ERM,normal,no abnormality,"Image quality is limited but adequate for evaluation. No definite OCT abnormality is identified. No subretinal fluid (SRF), intraretinal fluid (IRF), pigment epithelial detachment (PED), ellipsoid zone (EZ) disruption, or epiretinal membrane (ERM) is identified.","Image quality is limited but adequate for evaluation. No definite OCT abnormality is identified. No subretinal fluid (SRF), intraretinal fluid (IRF), pigment epithelial detachment (PED), ellipsoid zone (EZ) disruption, or epiretinal membrane (ERM) is identified.","{""scan_type"": """", ""scan_loc"": """", ""quality"": ""fair"", ""L1_loc_findings"": {""Fovea (<500um)"": {""VRI"": [], ""Intraretinal-1"": [], ""Intraretinal-2"": [], ""Outer retina-1"": [], ""Outer retina-2"": [], ""Choroid"": []}}, ""L2"": ""normal"", ""L1_neg"": [""no SRF"", ""no IRF"", ""no PED"", ""EZ intact"", ""no ERM""], ""L3_mgmt"": ""no abnormality"", ""caption"": ""Image quality is limited but adequate for evaluation. No definite OCT abnormality is identified. No subretinal fluid (SRF), intraretinal fluid (IRF), pigment epithelial detachment (PED), ellipsoid zone (EZ) disruption, or epiretinal membrane (ERM) is identified."", ""_meta"": {""image"": ""CAT_173.png"", ""annotator"": ""GT"", ""saved_at"": ""2026-09-03T07:05:26.593600""}}"
CAT_175.png,GT,2026-09-03T07:06:14.460718,,,good,ERM,,,choroidal thinning,no SRF; no IRF; no PED; EZ intact,abnormal,observation,"Image quality is sufficient for evaluation. At the vitreoretinal interface, epiretinal membrane (ERM) is observed. In the choroid, choroidal thinning is observed. No subretinal fluid (SRF), intraretinal fluid (IRF), pigment epithelial detachment (PED), or ellipsoid zone (EZ) disruption is identified. Observation is appropriate.","Image quality is sufficient for evaluation. At the vitreoretinal interface, epiretinal membrane (ERM) is observed. In the choroid, choroidal thinning is observed. No subretinal fluid (SRF), intraretinal fluid (IRF), pigment epithelial detachment (PED), or ellipsoid zone (EZ) disruption is identified. Observation is appropriate.","{""scan_type"": """", ""scan_loc"": """", ""quality"": ""good"", ""L1_loc_findings"": {""Fovea (<500um)"": {""VRI"": [""ERM""], ""Intraretinal-1"": [], ""Intraretinal-2"": [], ""Outer retina-1"": [], ""Outer retina-2"": [], ""Choroid"": [""choroidal thinning""]}}, ""L2"": ""abnormal"", ""L1_neg"": [""no SRF"", ""no IRF"", ""no PED"", ""EZ intact""], ""L3_mgmt"": ""observation"", ""caption"": ""Image quality is sufficient for evaluation. At the vitreoretinal interface, epiretinal membrane (ERM) is observed. In the choroid, choroidal thinning is observed. No subretinal fluid (SRF), intraretinal fluid (IRF), pigment epithelial detachment (PED), or ellipsoid zone (EZ) disruption is identified. Observation is appropriate."", ""_meta"": {""image"": ""CAT_175.png"", ""annotator"": ""GT"", ""saved_at"": ""2026-09-03T07:06:14.460718""}}"
CAT_176.png,GT,2026-09-03T07:09:10.466276,,,fair,PVD; ERM,,,,no SRF; no IRF; no PED; EZ intact,abnormal,observation,"Image quality is limited but adequate for evaluation. At the vitreoretinal interface, posterior vitreous detachment (PVD) and epiretinal membrane (ERM) are observed. No subretinal fluid (SRF), intraretinal fluid (IRF), pigment epithelial detachment (PED), or ellipsoid zone (EZ) disruption is identified. Observation is appropriate.","Image quality is limited but adequate for evaluation. At the vitreoretinal interface, posterior vitreous detachment (PVD) and epiretinal membrane (ERM) are observed. No subretinal fluid (SRF), intraretinal fluid (IRF), pigment epithelial detachment (PED), or ellipsoid zone (EZ) disruption is identified. Observation is appropriate.","{""scan_type"": """", ""scan_loc"": """", ""quality"": ""fair"", ""L1_loc_findings"": {""Fovea (<500um)"": {""VRI"": [""PVD"", ""ERM""], ""Intraretinal-1"": [], ""Intraretinal-2"": [], ""Outer retina-1"": [], ""Outer retina-2"": [], ""Choroid"": []}}, ""L2"": ""abnormal"", ""L1_neg"": [""no SRF"", ""no IRF"", ""no PED"", ""EZ intact""], ""L3_mgmt"": ""observation"", ""caption"": ""Image quality is limited but adequate for evaluation. At the vitreoretinal interface, posterior vitreous detachment (PVD) and epiretinal membrane (ERM) are observed. No subretinal fluid (SRF), intraretinal fluid (IRF), pigment epithelial detachment (PED), or ellipsoid zone (EZ) disruption is identified. Observation is appropriate."", ""_meta"": {""image"": ""CAT_176.png"", ""annotator"": ""GT"", ""saved_at"": ""2026-09-03T07:09:10.466276""}}"
CAT_177.png,GT,2026-09-03T07:09:23.441766,,,good,,,,,no SRF; no IRF; no PED; EZ intact; no ERM,normal,no abnormality,"Image quality is sufficient for evaluation. No definite OCT abnormality is identified. No subretinal fluid (SRF), intraretinal fluid (IRF), pigment epithelial detachment (PED), ellipsoid zone (EZ) disruption, or epiretinal membrane (ERM) is identified.","Image quality is sufficient for evaluation. No definite OCT abnormality is identified. No subretinal fluid (SRF), intraretinal fluid (IRF), pigment epithelial detachment (PED), ellipsoid zone (EZ) disruption, or epiretinal membrane (ERM) is identified.","{""scan_type"": """", ""scan_loc"": """", ""quality"": ""good"", ""L1_loc_findings"": {""Fovea (<500um)"": {""VRI"": [], ""Intraretinal-1"": [], ""Intraretinal-2"": [], ""Outer retina-1"": [], ""Outer retina-2"": [], ""Choroid"": []}}, ""L2"": ""normal"", ""L1_neg"": [""no SRF"", ""no IRF"", ""no PED"", ""EZ intact"", ""no ERM""], ""L3_mgmt"": ""no abnormality"", ""caption"": ""Image quality is sufficient for evaluation. No definite OCT abnormality is identified. No subretinal fluid (SRF), intraretinal fluid (IRF), pigment epithelial detachment (PED), ellipsoid zone (EZ) disruption, or epiretinal membrane (ERM) is identified."", ""_meta"": {""image"": ""CAT_177.png"", ""annotator"": ""GT"", ""saved_at"": ""2026-09-03T07:09:23.441766""}}"
CAT_178.png,GT,2026-09-03T07:10:10.745442,,,good,PVD; ERM,,,,no SRF; no IRF; no PED; EZ intact,abnormal,observation,"Image quality is sufficient for evaluation. At the vitreoretinal interface, posterior vitreous detachment (PVD) and epiretinal membrane (ERM) are observed. No subretinal fluid (SRF), intraretinal fluid (IRF), pigment epithelial detachment (PED), or ellipsoid zone (EZ) disruption is identified. Observation is appropriate.","Image quality is sufficient for evaluation. At the vitreoretinal interface, posterior vitreous detachment (PVD) and epiretinal membrane (ERM) are observed. No subretinal fluid (SRF), intraretinal fluid (IRF), pigment epithelial detachment (PED), or ellipsoid zone (EZ) disruption is identified. Observation is appropriate.","{""scan_type"": """", ""scan_loc"": """", ""quality"": ""good"", ""L1_loc_findings"": {""Fovea (<500um)"": {""VRI"": [""PVD"", ""ERM""], ""Intraretinal-1"": [], ""Intraretinal-2"": [], ""Outer retina-1"": [], ""Outer retina-2"": [], ""Choroid"": []}}, ""L2"": ""abnormal"", ""L1_neg"": [""no SRF"", ""no IRF"", ""no PED"", ""EZ intact""], ""L3_mgmt"": ""observation"", ""caption"": ""Image quality is sufficient for evaluation. At the vitreoretinal interface, posterior vitreous detachment (PVD) and epiretinal membrane (ERM) are observed. No subretinal fluid (SRF), intraretinal fluid (IRF), pigment epithelial detachment (PED), or ellipsoid zone (EZ) disruption is identified. Observation is appropriate."", ""_meta"": {""image"": ""CAT_178.png"", ""annotator"": ""GT"", ""saved_at"": ""2026-09-03T07:10:10.745442""}}"
CAT_179.png,GT,2026-09-03T07:11:36.453540,,,fair,ERM,retinal thickening,,,no SRF; no IRF; no PED; EZ intact,abnormal,observation,"Image quality is limited but adequate for evaluation. At the vitreoretinal interface, epiretinal membrane (ERM) is observed. In the inner retina, retinal thickening is observed. No subretinal fluid (SRF), intraretinal fluid (IRF), pigment epithelial detachment (PED), or ellipsoid zone (EZ) disruption is identified. Observation is appropriate.","Image quality is limited but adequate for evaluation. At the vitreoretinal interface, epiretinal membrane (ERM) is observed. In the inner retina, retinal thickening is observed. No subretinal fluid (SRF), intraretinal fluid (IRF), pigment epithelial detachment (PED), or ellipsoid zone (EZ) disruption is identified. Observation is appropriate.","{""scan_type"": """", ""scan_loc"": """", ""quality"": ""fair"", ""L1_loc_findings"": {""Fovea (<500um)"": {""VRI"": [""ERM""], ""Intraretinal-1"": [""retinal thickening""], ""Intraretinal-2"": [], ""Outer retina-1"": [], ""Outer retina-2"": [], ""Choroid"": []}}, ""L2"": ""abnormal"", ""L1_neg"": [""no SRF"", ""no IRF"", ""no PED"", ""EZ intact""], ""L3_mgmt"": ""observation"", ""caption"": ""Image quality is limited but adequate for evaluation. At the vitreoretinal interface, epiretinal membrane (ERM) is observed. In the inner retina, retinal thickening is observed. No subretinal fluid (SRF), intraretinal fluid (IRF), pigment epithelial detachment (PED), or ellipsoid zone (EZ) disruption is identified. Observation is appropriate."", ""_meta"": {""image"": ""CAT_179.png"", ""annotator"": ""GT"", ""saved_at"": ""2026-09-03T07:11:36.453540""}}"
CAT_181.png,GT,2026-09-03T07:12:05.396035,,,good,PVD,,,,no SRF; no IRF; no PED; EZ intact; no ERM,abnormal,observation,"Image quality is sufficient for evaluation. At the vitreoretinal interface, posterior vitreous detachment (PVD) is observed. No subretinal fluid (SRF), intraretinal fluid (IRF), pigment epithelial detachment (PED), ellipsoid zone (EZ) disruption, or epiretinal membrane (ERM) is identified. Observation is appropriate.","Image quality is sufficient for evaluation. At the vitreoretinal interface, posterior vitreous detachment (PVD) is observed. No subretinal fluid (SRF), intraretinal fluid (IRF), pigment epithelial detachment (PED), ellipsoid zone (EZ) disruption, or epiretinal membrane (ERM) is identified. Observation is appropriate.","{""scan_type"": """", ""scan_loc"": """", ""quality"": ""good"", ""L1_loc_findings"": {""Fovea (<500um)"": {""VRI"": [""PVD""], ""Intraretinal-1"": [], ""Intraretinal-2"": [], ""Outer retina-1"": [], ""Outer retina-2"": [], ""Choroid"": []}}, ""L2"": ""abnormal"", ""L1_neg"": [""no SRF"", ""no IRF"", ""no PED"", ""EZ intact"", ""no ERM""], ""L3_mgmt"": ""observation"", ""caption"": ""Image quality is sufficient for evaluation. At the vitreoretinal interface, posterior vitreous detachment (PVD) is observed. No subretinal fluid (SRF), intraretinal fluid (IRF), pigment epithelial detachment (PED), ellipsoid zone (EZ) disruption, or epiretinal membrane (ERM) is identified. Observation is appropriate."", ""_meta"": {""image"": ""CAT_181.png"", ""annotator"": ""GT"", ""saved_at"": ""2026-09-03T07:12:05.396035""}}"
CAT_182.png,GT,2026-09-03T07:12:54.538724,,,good,,,,,no SRF; no IRF; no PED; EZ intact; no ERM,normal,no abnormality,"Image quality is sufficient for evaluation. No definite OCT abnormality is identified. No subretinal fluid (SRF), intraretinal fluid (IRF), pigment epithelial detachment (PED), ellipsoid zone (EZ) disruption, or epiretinal membrane (ERM) is identified.","Image quality is sufficient for evaluation. No definite OCT abnormality is identified. No subretinal fluid (SRF), intraretinal fluid (IRF), pigment epithelial detachment (PED), ellipsoid zone (EZ) disruption, or epiretinal membrane (ERM) is identified.","{""scan_type"": """", ""scan_loc"": """", ""quality"": ""good"", ""L1_loc_findings"": {""Fovea (<500um)"": {""VRI"": [], ""Intraretinal-1"": [], ""Intraretinal-2"": [], ""Outer retina-1"": [], ""Outer retina-2"": [], ""Choroid"": []}}, ""L2"": ""normal"", ""L1_neg"": [""no SRF"", ""no IRF"", ""no PED"", ""EZ intact"", ""no ERM""], ""L3_mgmt"": ""no abnormality"", ""caption"": ""Image quality is sufficient for evaluation. No definite OCT abnormality is identified. No subretinal fluid (SRF), intraretinal fluid (IRF), pigment epithelial detachment (PED), ellipsoid zone (EZ) disruption, or epiretinal membrane (ERM) is identified."", ""_meta"": {""image"": ""CAT_182.png"", ""annotator"": ""GT"", ""saved_at"": ""2026-09-03T07:12:54.538724""}}"
CAT_183.png,GT,2026-09-03T07:13:07.086302,,,good,,,,,no SRF; no IRF; no PED; EZ intact; no ERM,normal,no abnormality,"Image quality is sufficient for evaluation. No definite OCT abnormality is identified. No subretinal fluid (SRF), intraretinal fluid (IRF), pigment epithelial detachment (PED), ellipsoid zone (EZ) disruption, or epiretinal membrane (ERM) is identified.","Image quality is sufficient for evaluation. No definite OCT abnormality is identified. No subretinal fluid (SRF), intraretinal fluid (IRF), pigment epithelial detachment (PED), ellipsoid zone (EZ) disruption, or epiretinal membrane (ERM) is identified.","{""scan_type"": """", ""scan_loc"": """", ""quality"": ""good"", ""L1_loc_findings"": {""Fovea (<500um)"": {""VRI"": [], ""Intraretinal-1"": [], ""Intraretinal-2"": [], ""Outer retina-1"": [], ""Outer retina-2"": [], ""Choroid"": []}}, ""L2"": ""normal"", ""L1_neg"": [""no SRF"", ""no IRF"", ""no PED"", ""EZ intact"", ""no ERM""], ""L3_mgmt"": ""no abnormality"", ""caption"": ""Image quality is sufficient for evaluation. No definite OCT abnormality is identified. No subretinal fluid (SRF), intraretinal fluid (IRF), pigment epithelial detachment (PED), ellipsoid zone (EZ) disruption, or epiretinal membrane (ERM) is identified."", ""_meta"": {""image"": ""CAT_183.png"", ""annotator"": ""GT"", ""saved_at"": ""2026-09-03T07:13:07.086302""}}"
CAT_184.png,GT,2026-09-03T07:14:50.565469,,,fair,ERM,,,choroidal thinning,no SRF; no IRF; no PED,abnormal,observation,"Image quality is limited but adequate for evaluation. At the vitreoretinal interface, epiretinal membrane (ERM) is observed. In the choroid, choroidal thinning is observed. No subretinal fluid (SRF), intraretinal fluid (IRF), or pigment epithelial detachment (PED) is identified. Observation is appropriate.","Image quality is limited but adequate for evaluation. At the vitreoretinal interface, epiretinal membrane (ERM) is observed. In the choroid, choroidal thinning is observed. No subretinal fluid (SRF), intraretinal fluid (IRF), or pigment epithelial detachment (PED) is identified. Observation is appropriate.","{""scan_type"": """", ""scan_loc"": """", ""quality"": ""fair"", ""L1_loc_findings"": {""Fovea (<500um)"": {""VRI"": [""ERM""], ""Intraretinal-1"": [], ""Intraretinal-2"": [], ""Outer retina-1"": [], ""Outer retina-2"": [], ""Choroid"": [""choroidal thinning""]}}, ""L2"": ""abnormal"", ""L1_neg"": [""no SRF"", ""no IRF"", ""no PED""], ""L3_mgmt"": ""observation"", ""caption"": ""Image quality is limited but adequate for evaluation. At the vitreoretinal interface, epiretinal membrane (ERM) is observed. In the choroid, choroidal thinning is observed. No subretinal fluid (SRF), intraretinal fluid (IRF), or pigment epithelial detachment (PED) is identified. Observation is appropriate."", ""_meta"": {""image"": ""CAT_184.png"", ""annotator"": ""GT"", ""saved_at"": ""2026-09-03T07:14:50.565469""}}"
CAT_188.png,GT,2026-09-03T07:15:04.069535,,,good,ERM,,,choroidal thickening,no SRF; no IRF; no PED; EZ intact,abnormal,observation,"Image quality is sufficient for evaluation. At the vitreoretinal interface, epiretinal membrane (ERM) is observed. In the choroid, choroidal thickening is observed. No subretinal fluid (SRF), intraretinal fluid (IRF), pigment epithelial detachment (PED), or ellipsoid zone (EZ) disruption is identified. Observation is appropriate.","Image quality is sufficient for evaluation. At the vitreoretinal interface, epiretinal membrane (ERM) is observed. In the choroid, choroidal thickening is observed. No subretinal fluid (SRF), intraretinal fluid (IRF), pigment epithelial detachment (PED), or ellipsoid zone (EZ) disruption is identified. Observation is appropriate.","{""scan_type"": """", ""scan_loc"": """", ""quality"": ""good"", ""L1_loc_findings"": {""Fovea (<500um)"": {""VRI"": [""ERM""], ""Intraretinal-1"": [], ""Intraretinal-2"": [], ""Outer retina-1"": [], ""Outer retina-2"": [], ""Choroid"": [""choroidal thickening""]}}, ""L2"": ""abnormal"", ""L1_neg"": [""no SRF"", ""no IRF"", ""no PED"", ""EZ intact""], ""L3_mgmt"": ""observation"", ""caption"": ""Image quality is sufficient for evaluation. At the vitreoretinal interface, epiretinal membrane (ERM) is observed. In the choroid, choroidal thickening is observed. No subretinal fluid (SRF), intraretinal fluid (IRF), pigment epithelial detachment (PED), or ellipsoid zone (EZ) disruption is identified. Observation is appropriate."", ""_meta"": {""image"": ""CAT_188.png"", ""annotator"": ""GT"", ""saved_at"": ""2026-09-03T07:15:04.069535""}}"
CAT_190.png,GT,2026-09-03T07:15:18.208998,,,good,,,,,no SRF; no IRF; no PED; EZ intact; no ERM,normal,no abnormality,"Image quality is sufficient for evaluation. No definite OCT abnormality is identified. No subretinal fluid (SRF), intraretinal fluid (IRF), pigment epithelial detachment (PED), ellipsoid zone (EZ) disruption, or epiretinal membrane (ERM) is identified.","Image quality is sufficient for evaluation. No definite OCT abnormality is identified. No subretinal fluid (SRF), intraretinal fluid (IRF), pigment epithelial detachment (PED), ellipsoid zone (EZ) disruption, or epiretinal membrane (ERM) is identified.","{""scan_type"": """", ""scan_loc"": """", ""quality"": ""good"", ""L1_loc_findings"": {""Fovea (<500um)"": {""VRI"": [], ""Intraretinal-1"": [], ""Intraretinal-2"": [], ""Outer retina-1"": [], ""Outer retina-2"": [], ""Choroid"": []}}, ""L2"": ""normal"", ""L1_neg"": [""no SRF"", ""no IRF"", ""no PED"", ""EZ intact"", ""no ERM""], ""L3_mgmt"": ""no abnormality"", ""caption"": ""Image quality is sufficient for evaluation. No definite OCT abnormality is identified. No subretinal fluid (SRF), intraretinal fluid (IRF), pigment epithelial detachment (PED), ellipsoid zone (EZ) disruption, or epiretinal membrane (ERM) is identified."", ""_meta"": {""image"": ""CAT_190.png"", ""annotator"": ""GT"", ""saved_at"": ""2026-09-03T07:15:18.208998""}}"
CAT_191.png,GT,2026-09-03T07:16:47.628180,,,good,ERM,retinal thickening; tractional thickening,,,no SRF; no IRF; no PED; EZ intact,abnormal,observation,"Image quality is sufficient for evaluation. At the vitreoretinal interface, epiretinal membrane (ERM) is observed. In the inner retina, retinal thickening and tractional retinal thickening are observed. No subretinal fluid (SRF), intraretinal fluid (IRF), pigment epithelial detachment (PED), or ellipsoid zone (EZ) disruption is identified. Observation is appropriate.","Image quality is sufficient for evaluation. At the vitreoretinal interface, epiretinal membrane (ERM) is observed. In the inner retina, retinal thickening and tractional retinal thickening are observed. No subretinal fluid (SRF), intraretinal fluid (IRF), pigment epithelial detachment (PED), or ellipsoid zone (EZ) disruption is identified. Observation is appropriate.","{""scan_type"": """", ""scan_loc"": """", ""quality"": ""good"", ""L1_loc_findings"": {""Fovea (<500um)"": {""VRI"": [""ERM""], ""Intraretinal-1"": [""retinal thickening"", ""tractional thickening""], ""Intraretinal-2"": [], ""Outer retina-1"": [], ""Outer retina-2"": [], ""Choroid"": []}}, ""L2"": ""abnormal"", ""L1_neg"": [""no SRF"", ""no IRF"", ""no PED"", ""EZ intact""], ""L3_mgmt"": ""observation"", ""caption"": ""Image quality is sufficient for evaluation. At the vitreoretinal interface, epiretinal membrane (ERM) is observed. In the inner retina, retinal thickening and tractional retinal thickening are observed. No subretinal fluid (SRF), intraretinal fluid (IRF), pigment epithelial detachment (PED), or ellipsoid zone (EZ) disruption is identified. Observation is appropriate."", ""_meta"": {""image"": ""CAT_191.png"", ""annotator"": ""GT"", ""saved_at"": ""2026-09-03T07:16:47.628180""}}"
CAT_192.png,GT,2026-09-03T07:18:36.453233,,,fair,,,EZ disruption; outer atrophy,,no SRF; no IRF; no PED; no ERM,abnormal,observation,"Image quality is limited but adequate for evaluation. In the outer retina, ellipsoid zone (EZ) disruption and outer retinal atrophy are observed. No subretinal fluid (SRF), intraretinal fluid (IRF), pigment epithelial detachment (PED), or epiretinal membrane (ERM) is identified. Observation is appropriate.","Image quality is limited but adequate for evaluation. In the outer retina, ellipsoid zone (EZ) disruption and outer retinal atrophy are observed. No subretinal fluid (SRF), intraretinal fluid (IRF), pigment epithelial detachment (PED), or epiretinal membrane (ERM) is identified. Observation is appropriate.","{""scan_type"": """", ""scan_loc"": """", ""quality"": ""fair"", ""L1_loc_findings"": {""Fovea (<500um)"": {""VRI"": [], ""Intraretinal-1"": [], ""Intraretinal-2"": [], ""Outer retina-1"": [], ""Outer retina-2"": [""EZ disruption"", ""outer atrophy""], ""Choroid"": []}}, ""L2"": ""abnormal"", ""L1_neg"": [""no SRF"", ""no IRF"", ""no PED"", ""no ERM""], ""L3_mgmt"": ""observation"", ""caption"": ""Image quality is limited but adequate for evaluation. In the outer retina, ellipsoid zone (EZ) disruption and outer retinal atrophy are observed. No subretinal fluid (SRF), intraretinal fluid (IRF), pigment epithelial detachment (PED), or epiretinal membrane (ERM) is identified. Observation is appropriate."", ""_meta"": {""image"": ""CAT_192.png"", ""annotator"": ""GT"", ""saved_at"": ""2026-09-03T07:18:36.453233""}}"
CAT_193.png,GT,2026-09-03T07:19:44.608429,,,good,PVD; ERM,,,,no SRF; no IRF; no PED; EZ intact,abnormal,observation,"Image quality is sufficient for evaluation. At the vitreoretinal interface, posterior vitreous detachment (PVD) and epiretinal membrane (ERM) are observed. No subretinal fluid (SRF), intraretinal fluid (IRF), pigment epithelial detachment (PED), or ellipsoid zone (EZ) disruption is identified. Observation is appropriate.","Image quality is sufficient for evaluation. At the vitreoretinal interface, posterior vitreous detachment (PVD) and epiretinal membrane (ERM) are observed. No subretinal fluid (SRF), intraretinal fluid (IRF), pigment epithelial detachment (PED), or ellipsoid zone (EZ) disruption is identified. Observation is appropriate.","{""scan_type"": """", ""scan_loc"": """", ""quality"": ""good"", ""L1_loc_findings"": {""Fovea (<500um)"": {""VRI"": [""PVD"", ""ERM""], ""Intraretinal-1"": [], ""Intraretinal-2"": [], ""Outer retina-1"": [], ""Outer retina-2"": [], ""Choroid"": []}}, ""L2"": ""abnormal"", ""L1_neg"": [""no SRF"", ""no IRF"", ""no PED"", ""EZ intact""], ""L3_mgmt"": ""observation"", ""caption"": ""Image quality is sufficient for evaluation. At the vitreoretinal interface, posterior vitreous detachment (PVD) and epiretinal membrane (ERM) are observed. No subretinal fluid (SRF), intraretinal fluid (IRF), pigment epithelial detachment (PED), or ellipsoid zone (EZ) disruption is identified. Observation is appropriate."", ""_meta"": {""image"": ""CAT_193.png"", ""annotator"": ""GT"", ""saved_at"": ""2026-09-03T07:19:44.608429""}}"
CAT_194.png,GT,2026-09-03T07:20:52.258987,,,good,ERM,retinal thickening; tractional thickening,,choroidal thinning,no SRF; no IRF; no PED; EZ intact,abnormal,observation,"Image quality is sufficient for evaluation. At the vitreoretinal interface, epiretinal membrane (ERM) is observed. In the inner retina, retinal thickening and tractional retinal thickening are observed. In the choroid, choroidal thinning is observed. No subretinal fluid (SRF), intraretinal fluid (IRF), pigment epithelial detachment (PED), or ellipsoid zone (EZ) disruption is identified. Observation is appropriate.","Image quality is sufficient for evaluation. At the vitreoretinal interface, epiretinal membrane (ERM) is observed. In the inner retina, retinal thickening and tractional retinal thickening are observed. In the choroid, choroidal thinning is observed. No subretinal fluid (SRF), intraretinal fluid (IRF), pigment epithelial detachment (PED), or ellipsoid zone (EZ) disruption is identified. Observation is appropriate.","{""scan_type"": """", ""scan_loc"": """", ""quality"": ""good"", ""L1_loc_findings"": {""Fovea (<500um)"": {""VRI"": [""ERM""], ""Intraretinal-1"": [""retinal thickening"", ""tractional thickening""], ""Intraretinal-2"": [], ""Outer retina-1"": [], ""Outer retina-2"": [], ""Choroid"": [""choroidal thinning""]}}, ""L2"": ""abnormal"", ""L1_neg"": [""no SRF"", ""no IRF"", ""no PED"", ""EZ intact""], ""L3_mgmt"": ""observation"", ""caption"": ""Image quality is sufficient for evaluation. At the vitreoretinal interface, epiretinal membrane (ERM) is observed. In the inner retina, retinal thickening and tractional retinal thickening are observed. In the choroid, choroidal thinning is observed. No subretinal fluid (SRF), intraretinal fluid (IRF), pigment epithelial detachment (PED), or ellipsoid zone (EZ) disruption is identified. Observation is appropriate."", ""_meta"": {""image"": ""CAT_194.png"", ""annotator"": ""GT"", ""saved_at"": ""2026-09-03T07:20:52.258987""}}"
CAT_195.png,GT,2026-09-03T07:21:05.086952,,,good,ERM,,,,no SRF; no IRF; no PED; EZ intact,abnormal,observation,"Image quality is sufficient for evaluation. At the vitreoretinal interface, epiretinal membrane (ERM) is observed. No subretinal fluid (SRF), intraretinal fluid (IRF), pigment epithelial detachment (PED), or ellipsoid zone (EZ) disruption is identified. Observation is appropriate.","Image quality is sufficient for evaluation. At the vitreoretinal interface, epiretinal membrane (ERM) is observed. No subretinal fluid (SRF), intraretinal fluid (IRF), pigment epithelial detachment (PED), or ellipsoid zone (EZ) disruption is identified. Observation is appropriate.","{""scan_type"": """", ""scan_loc"": """", ""quality"": ""good"", ""L1_loc_findings"": {""Fovea (<500um)"": {""VRI"": [""ERM""], ""Intraretinal-1"": [], ""Intraretinal-2"": [], ""Outer retina-1"": [], ""Outer retina-2"": [], ""Choroid"": []}}, ""L2"": ""abnormal"", ""L1_neg"": [""no SRF"", ""no IRF"", ""no PED"", ""EZ intact""], ""L3_mgmt"": ""observation"", ""caption"": ""Image quality is sufficient for evaluation. At the vitreoretinal interface, epiretinal membrane (ERM) is observed. No subretinal fluid (SRF), intraretinal fluid (IRF), pigment epithelial detachment (PED), or ellipsoid zone (EZ) disruption is identified. Observation is appropriate."", ""_meta"": {""image"": ""CAT_195.png"", ""annotator"": ""GT"", ""saved_at"": ""2026-09-03T07:21:05.086952""}}"
CAT_196.png,GT,2026-09-03T07:22:02.306240,,,good,ERM,,,choroidal thinning,no SRF; no IRF; no PED; EZ intact,abnormal,observation,"Image quality is sufficient for evaluation. At the vitreoretinal interface, epiretinal membrane (ERM) is observed. In the choroid, choroidal thinning is observed. No subretinal fluid (SRF), intraretinal fluid (IRF), pigment epithelial detachment (PED), or ellipsoid zone (EZ) disruption is identified. Observation is appropriate.","Image quality is sufficient for evaluation. At the vitreoretinal interface, epiretinal membrane (ERM) is observed. In the choroid, choroidal thinning is observed. No subretinal fluid (SRF), intraretinal fluid (IRF), pigment epithelial detachment (PED), or ellipsoid zone (EZ) disruption is identified. Observation is appropriate.","{""scan_type"": """", ""scan_loc"": """", ""quality"": ""good"", ""L1_loc_findings"": {""Fovea (<500um)"": {""VRI"": [""ERM""], ""Intraretinal-1"": [], ""Intraretinal-2"": [], ""Outer retina-1"": [], ""Outer retina-2"": [], ""Choroid"": [""choroidal thinning""]}}, ""L2"": ""abnormal"", ""L1_neg"": [""no SRF"", ""no IRF"", ""no PED"", ""EZ intact""], ""L3_mgmt"": ""observation"", ""caption"": ""Image quality is sufficient for evaluation. At the vitreoretinal interface, epiretinal membrane (ERM) is observed. In the choroid, choroidal thinning is observed. No subretinal fluid (SRF), intraretinal fluid (IRF), pigment epithelial detachment (PED), or ellipsoid zone (EZ) disruption is identified. Observation is appropriate."", ""_meta"": {""image"": ""CAT_196.png"", ""annotator"": ""GT"", ""saved_at"": ""2026-09-03T07:22:02.306240""}}"
CAT_197.png,GT,2026-09-03T07:23:59.512268,,,good,,,,choroidal thinning,no SRF; no IRF; no PED; EZ intact; no ERM,abnormal,observation,"Image quality is sufficient for evaluation. In the choroid, choroidal thinning is observed. No subretinal fluid (SRF), intraretinal fluid (IRF), pigment epithelial detachment (PED), ellipsoid zone (EZ) disruption, or epiretinal membrane (ERM) is identified. Observation is appropriate.","Image quality is sufficient for evaluation. In the choroid, choroidal thinning is observed. No subretinal fluid (SRF), intraretinal fluid (IRF), pigment epithelial detachment (PED), ellipsoid zone (EZ) disruption, or epiretinal membrane (ERM) is identified. Observation is appropriate.","{""scan_type"": """", ""scan_loc"": """", ""quality"": ""good"", ""L1_loc_findings"": {""Fovea (<500um)"": {""VRI"": [], ""Intraretinal-1"": [], ""Intraretinal-2"": [], ""Outer retina-1"": [], ""Outer retina-2"": [], ""Choroid"": [""choroidal thinning""]}}, ""L2"": ""abnormal"", ""L1_neg"": [""no SRF"", ""no IRF"", ""no PED"", ""EZ intact"", ""no ERM""], ""L3_mgmt"": ""observation"", ""caption"": ""Image quality is sufficient for evaluation. In the choroid, choroidal thinning is observed. No subretinal fluid (SRF), intraretinal fluid (IRF), pigment epithelial detachment (PED), ellipsoid zone (EZ) disruption, or epiretinal membrane (ERM) is identified. Observation is appropriate."", ""_meta"": {""image"": ""CAT_197.png"", ""annotator"": ""GT"", ""saved_at"": ""2026-09-03T07:23:59.512268""}}"
CAT_198.png,GT,2026-09-03T07:24:19.886196,,,fair,ERM,retinal thickening; tractional thickening,,,no SRF; no IRF; no PED; EZ intact,abnormal,observation,"Image quality is limited but adequate for evaluation. At the vitreoretinal interface, epiretinal membrane (ERM) is observed. In the inner retina, retinal thickening and tractional retinal thickening are observed. No subretinal fluid (SRF), intraretinal fluid (IRF), pigment epithelial detachment (PED), or ellipsoid zone (EZ) disruption is identified. Observation is appropriate.","Image quality is limited but adequate for evaluation. At the vitreoretinal interface, epiretinal membrane (ERM) is observed. In the inner retina, retinal thickening and tractional retinal thickening are observed. No subretinal fluid (SRF), intraretinal fluid (IRF), pigment epithelial detachment (PED), or ellipsoid zone (EZ) disruption is identified. Observation is appropriate.","{""scan_type"": """", ""scan_loc"": """", ""quality"": ""fair"", ""L1_loc_findings"": {""Fovea (<500um)"": {""VRI"": [""ERM""], ""Intraretinal-1"": [""retinal thickening"", ""tractional thickening""], ""Intraretinal-2"": [], ""Outer retina-1"": [], ""Outer retina-2"": [], ""Choroid"": []}}, ""L2"": ""abnormal"", ""L1_neg"": [""no SRF"", ""no IRF"", ""no PED"", ""EZ intact""], ""L3_mgmt"": ""observation"", ""caption"": ""Image quality is limited but adequate for evaluation. At the vitreoretinal interface, epiretinal membrane (ERM) is observed. In the inner retina, retinal thickening and tractional retinal thickening are observed. No subretinal fluid (SRF), intraretinal fluid (IRF), pigment epithelial detachment (PED), or ellipsoid zone (EZ) disruption is identified. Observation is appropriate."", ""_meta"": {""image"": ""CAT_198.png"", ""annotator"": ""GT"", ""saved_at"": ""2026-09-03T07:24:19.886196""}}"
CAT_199.png,GT,2026-09-03T09:50:13.266201,,,fair,,,,,no SRF; no IRF; no PED; EZ intact; no ERM,normal,no abnormality,"Image quality is limited but adequate for evaluation. No definite OCT abnormality is identified. No subretinal fluid (SRF), intraretinal fluid (IRF), pigment epithelial detachment (PED), ellipsoid zone (EZ) disruption, or epiretinal membrane (ERM) is identified.","Image quality is limited but adequate for evaluation. No definite OCT abnormality is identified. No subretinal fluid (SRF), intraretinal fluid (IRF), pigment epithelial detachment (PED), ellipsoid zone (EZ) disruption, or epiretinal membrane (ERM) is identified.","{""scan_type"": """", ""scan_loc"": """", ""quality"": ""fair"", ""L1_loc_findings"": {""Fovea (<500um)"": {""VRI"": [], ""Intraretinal-1"": [], ""Intraretinal-2"": [], ""Outer retina-1"": [], ""Outer retina-2"": [], ""Choroid"": []}}, ""L2"": ""normal"", ""L1_neg"": [""no SRF"", ""no IRF"", ""no PED"", ""EZ intact"", ""no ERM""], ""L3_mgmt"": ""no abnormality"", ""caption"": ""Image quality is limited but adequate for evaluation. No definite OCT abnormality is identified. No subretinal fluid (SRF), intraretinal fluid (IRF), pigment epithelial detachment (PED), ellipsoid zone (EZ) disruption, or epiretinal membrane (ERM) is identified."", ""_meta"": {""image"": ""CAT_199.png"", ""annotator"": ""GT"", ""saved_at"": ""2026-09-03T09:50:13.266201""}}"
CAT_200.png,GT,2026-09-03T09:52:44.581802,,,good,,hyperreflective foci,,,no SRF; no IRF; no PED; EZ intact; no ERM,abnormal,observation,"Image quality is sufficient for evaluation. In the inner retina, hyperreflective foci is observed. No subretinal fluid (SRF), intraretinal fluid (IRF), pigment epithelial detachment (PED), ellipsoid zone (EZ) disruption, or epiretinal membrane (ERM) is identified. Observation is appropriate.","Image quality is sufficient for evaluation. In the inner retina, hyperreflective foci is observed. No subretinal fluid (SRF), intraretinal fluid (IRF), pigment epithelial detachment (PED), ellipsoid zone (EZ) disruption, or epiretinal membrane (ERM) is identified. Observation is appropriate.","{""scan_type"": """", ""scan_loc"": """", ""quality"": ""good"", ""L1_loc_findings"": {""Fovea (<500um)"": {""VRI"": [], ""Intraretinal-1"": [], ""Intraretinal-2"": [""hyperreflective foci""], ""Outer retina-1"": [], ""Outer retina-2"": [], ""Choroid"": []}}, ""L2"": ""abnormal"", ""L1_neg"": [""no SRF"", ""no IRF"", ""no PED"", ""EZ intact"", ""no ERM""], ""L3_mgmt"": ""observation"", ""caption"": ""Image quality is sufficient for evaluation. In the inner retina, hyperreflective foci is observed. No subretinal fluid (SRF), intraretinal fluid (IRF), pigment epithelial detachment (PED), ellipsoid zone (EZ) disruption, or epiretinal membrane (ERM) is identified. Observation is appropriate."", ""_meta"": {""image"": ""CAT_200.png"", ""annotator"": ""GT"", ""saved_at"": ""2026-09-03T09:52:44.581802""}}"
